"년","월","곡류_수입","맥류및잡곡_수입","콩류_수입","과실_수입","도축육_수입","가금육_수입","신선어류_수입","냉동수산물_수입","낙농품_수입","수산물가공품_수입","원당_수입","유지_수입","과실및채소가공품_수입","인삼및건강보조식품_수입","농림수산품_수출","농림수산품.1_수출","농산물_수출","채소및과실_수출","과실_수출","수산물_수출","신선수산물_수출","신선어류_수출","냉동건조수산물_수출","냉동수산물_수출","국민총소득.gni.","BillionsOfUSD","AnnualPerGrowth","USDPerCapita","국내공급물가지수.SupplyPriceIndex.","국내총생산.GDP.","GDP기준지출지수","GDP디플레이터","rice","쌀","경상수지","M2","WTI","Dubai","Brent","금","총쌀생산량","경작면적당_생산량.kg.ha."
2000,1,38.16,46.19,49.78,68.28,56.75,0,0,68.99,0,47.03,44.76,49.04,58.99,0,86.79,86.79,89.12,89.12,89.12,89.85,161.75,161.75,81.04,81.04,647274.2,518.60635045791,9.6028,11030,75.31,1.9,12.7,1.3,40050,87.043,-218.1,676961.3,27.64,23.97,26.92,283.5,7196582,6711
2000,2,38.16,46.15,50.23,71.73,55.89,0,0,70.01,0,45.74,43.01,47.91,58.99,0,83.04,83.04,89.12,89.12,89.12,85.47,154.66,154.66,76.96,76.96,647274.2,518.60635045791,9.6028,11030,75.23,1.9,12.7,1.3,40340,86.694,-324.1,678380.4,30.43,25.29,29.04,292.2,7196582,6711
2000,3,38.16,45.9,50.89,73.52,57.01,0,0,70.96,0,45.74,42.95,48.15,58.99,0,77.49,77.49,89.12,89.12,89.12,79,153.66,153.66,69.41,69.41,647274.2,518.60635045791,9.6028,11030,75.14,1.9,12.7,1.3,40340,86.605,275.3,684704.8,26.9,23.72,24.12,279.08,7196582,6711
2000,4,38.16,46.02,50.89,65.09,58.91,0,0,68.44,0,45.92,43.95,48.91,58.99,0,77.34,77.34,89.12,89.12,89.12,78.83,153.71,153.71,69.2,69.2,647274.2,518.60635045791,9.6028,11030,74.31,1.3,9.1,2.4,40397,86.255,-1156,688879.2,25.74,22.79,23.43,273.55,7196582,6711
2000,5,38.16,46.55,52.12,65.39,58.44,0,0,72.59,0,45.3,43.95,50.48,58.99,0,75.79,75.79,89.12,89.12,89.12,77.02,147.86,147.86,67.98,67.98,647274.2,518.60635045791,9.6028,11030,74.56,1.3,9.1,2.4,40742,87.043,1535.5,686834.9,29.01,25.51,29.03,272.1,7196582,6711
2000,6,38.16,46.25,50,56.98,59.22,0,0,73.53,0,45.3,47.9,49.28,58.99,0,68.95,68.95,89.12,89.12,89.12,69.04,144.51,144.51,59,59,647274.2,518.60635045791,9.6028,11030,75.06,1.3,9.1,2.4,41084,87.306,2274.4,686973.3,32.5,27.52,31.32,289.52,7196582,6711
2000,7,38.16,43.68,47.11,62.21,58.48,0,0,75.75,0,44.04,60.25,47.79,58.99,0,67.52,67.52,89.12,89.12,89.12,67.37,144.25,144.25,57.06,57.06,647274.2,518.60635045791,9.6028,11030,74.81,2.8,9.1,-0.3,41200,87.744,571.5,688587.9,27.43,24.17,25.43,277.25,7196582,6711
2000,8,38.16,42.96,46.56,55.99,59.83,0,0,75.75,0,43.42,60.72,47.3,58.23,0,67.43,67.43,89.12,89.12,89.12,67.27,143.89,143.89,57,57,647274.2,518.60635045791,9.6028,11030,74.81,2.8,9.1,-0.3,41262,88.095,1168.4,694454.4,33.12,28.87,34.88,277.85,7196582,6711
2000,9,38.16,43.43,48.11,61.91,61.88,0,0,75.75,0,42.42,58.35,45.81,58.23,0,70.41,70.41,89.91,89.91,89.91,70.64,165.28,165.28,57.57,57.57,647274.2,518.60635045791,9.6028,11030,75.64,2.8,9.1,-0.3,41161,88.095,2133.9,702132.1,30.84,28.29,28.62,274.25,7196582,6711
2000,10,38.16,45.11,48.33,64.98,62.16,0,0,70.61,0,42.17,59.52,46.47,58.23,0,71.67,71.67,97.46,97.46,97.46,71.15,162.02,162.02,58.7,58.7,647274.2,518.60635045791,9.6028,11030,75.72,-0.3,5.9,0.8,40613,88.357,1210.9,696854,32.7,29.99,30.65,265.15,7196582,6711
2000,11,38.16,47.08,49.89,54.79,62.44,0,0,70.61,0,42.17,59.52,44.7,51.24,0,70.32,70.32,87.3,87.3,87.3,70.87,155.73,155.73,59.38,59.38,647274.2,518.60635045791,9.6028,11030,75.97,-0.3,5.9,0.8,40395,88.882,934.6,703911.6,33.82,28.01,31.73,270.45,7196582,6711
2000,12,38.16,47.22,49.89,55.68,62.19,0,0,67.07,0,41.42,64.26,47.88,53.18,0,69.84,69.84,85.21,85.21,85.21,70.57,155.81,155.81,59.02,59.02,647274.2,518.60635045791,9.6028,11030,75.97,-0.3,5.9,0.8,40305,88.795,1774.5,708047.5,26.8,20.07,22.54,272.25,7196582,6711
2001,1,38.16,46.15,48.34,53.54,61.27,0,0,67.84,0,41.25,63.23,46.41,52.03,0,68,68,85.21,85.21,85.21,68.43,149.83,149.83,57.42,57.42,702236.4,566.26164479371,4.8497,11950,76.88,1.2,5.1,3.3,40300,88.62,-672.9,711867.7,28.66,23.36,26.68,265.85,7406517,6838
2001,2,38.16,46.39,46.56,61.46,61.6,0,0,67.84,0,41.25,62.65,44.61,51.16,0,71.62,71.62,85.21,85.21,85.21,72.65,139.76,139.76,64.08,64.08,702236.4,566.26164479371,4.8497,11950,76.47,1.2,5.1,3.3,40383,88.882,-532.6,716583.9,27.4,22.97,24.73,267.15,7406517,6838
2001,3,38.16,45.67,44.79,72.25,64.12,0,0,68.34,0,40.32,60.06,46.11,51.16,0,73.04,73.04,85.21,85.21,85.21,74.31,129.41,129.41,67.73,67.73,702236.4,566.26164479371,4.8497,11950,76.8,1.2,5.1,3.3,40546,88.795,1509.4,717847.3,26.3,22.66,23.63,257.95,7406517,6838
2001,4,38.16,45.08,44.14,80.78,66.18,0,0,68.34,0,39.14,59.76,43.16,51.16,0,72.54,72.54,85.21,85.21,85.21,73.73,131.15,131.15,66.75,66.75,702236.4,566.26164479371,4.8497,11950,77.13,1.3,4.9,4.7,40671,88.269,-847.2,718780.3,28.46,24.67,23.63,264.05,7406517,6838
2001,5,38.16,44.22,47.41,68.1,63.6,0,0,68.34,0,39.29,59.18,42.84,51.16,0,74.82,74.82,85.21,85.21,85.21,76.38,151.21,151.21,66.68,66.68,702236.4,566.26164479371,4.8497,11950,76.8,1.3,4.9,4.7,40700,88.882,1158.8,723359.5,28.37,27.42,29.21,265.85,7406517,6838
2001,6,38.16,43.35,47.05,65.16,61.78,0,0,68.34,0,38.5,58.47,44.96,51.16,0,73.21,73.21,85.21,85.21,85.21,74.51,150.95,150.95,64.49,64.49,702236.4,566.26164479371,4.8497,11950,76.3,1.3,4.9,4.7,40700,88.531,1363.8,730467.6,26.26,24.48,26.45,270.85,7406517,6838
2001,7,38.16,46.86,48.69,63.15,58.05,0,0,68.34,0,37.18,58.35,52.8,51.16,0,72.04,72.04,85.21,85.21,85.21,73.14,144.83,144.83,63.85,63.85,702236.4,566.26164479371,4.8497,11950,75.72,1.4,3.5,4.6,40700,88.357,-42,742913,26.35,23.2,24.25,266.65,7406517,6838
2001,8,38.16,46.87,49.5,60.01,60,0,0,68.34,0,37.39,58.35,52.14,51.16,0,71.95,71.95,85.21,85.21,85.21,73.03,144.08,144.08,63.84,63.84,702236.4,566.26164479371,4.8497,11950,75.14,1.4,3.5,4.6,40700,88.357,-266.4,750878,27.2,24.24,26.71,274.4,7406517,6838
2001,9,37.02,46.17,48.36,64.24,59.48,0,0,68.6,0,38.73,57.15,47.22,51.16,0,73.97,73.97,78.18,78.18,78.18,76.29,153.27,153.27,66.24,66.24,702236.4,566.26164479371,4.8497,11950,74.73,1.4,3.5,4.6,40044,88.62,324.6,761433.1,23.43,21.51,21.96,293.25,7406517,6838
2001,10,40.13,46.49,46.1,62.95,58.6,0,0,67.43,0,39.79,56.54,45.51,51.16,0,73.74,73.74,78.18,78.18,78.18,76.02,158.81,158.81,65.03,65.03,702236.4,566.26164479371,4.8497,11950,73.73,1.8,5.9,1.5,39383,87.919,223.7,764156.1,21.18,18.74,19.79,279.65,7406517,6838
2001,11,40.13,46.18,44.78,61.93,59.23,0,0,72.43,0,38.24,55.14,50.68,50.45,0,72.6,72.6,78.18,78.18,78.18,74.7,157.48,157.48,63.66,63.66,702236.4,566.26164479371,4.8497,11950,72.41,1.8,5.9,1.5,38677,87.043,-123.2,766706.8,19.44,17.88,19.29,274.4,7406517,6838
2001,12,40.13,45.65,44.43,63.74,56.14,0,0,76.82,0,38.8,53.11,50.05,59.67,0,69.93,69.93,65.15,65.15,65.15,73.25,148.83,148.83,63.33,63.33,702236.4,566.26164479371,4.8497,11950,71.83,1.8,5.9,1.5,38696,86.781,69.2,767051.1,19.84,18.28,19.3,278.95,7406517,6838
2002,1,40.13,46.67,43.86,65.98,56.66,0,0,79.06,0,38.8,52.23,50.95,65.36,0,68.2,68.2,65.15,65.15,65.15,71.23,142.86,142.86,61.88,61.88,781828.8,612.24815369102,8.0693,12850,72.16,2.5,7.2,2.9,38760,86.955,-713.8,772614.7,19.48,18.18,19.41,282.55,6687225,6350
2002,2,40.13,46.23,45.26,74.1,58.02,0,0,76.13,0,40.15,50.46,50.04,65.58,0,66.14,66.14,65.15,65.15,65.15,68.82,141.51,141.51,59.23,59.23,781828.8,612.24815369102,8.0693,12850,72.57,2.5,7.2,2.9,38871,86.868,279.2,779654.9,21.74,20.11,21.07,296.55,6687225,6350
2002,3,40.13,45.06,46.35,78.29,57.78,0,0,77.08,0,40.15,49.63,49.96,65.58,0,64.31,64.31,65.15,65.15,65.15,66.69,130.87,130.87,58.41,58.41,781828.8,612.24815369102,8.0693,12850,73.73,2.5,7.2,2.9,38996,86.518,734.6,797428.3,26.31,24.36,25.6,302.65,6687225,6350
2002,4,40.13,44.59,46.35,84.57,58.51,0,0,78.31,0,40.9,48.93,51.53,65.58,0,65.61,65.61,65.15,65.15,65.15,68.2,131.56,131.56,60.09,60.09,781828.8,612.24815369102,8.0693,12850,74.56,1.8,7.6,2.8,39000,86.168,-830.7,806857.1,27.29,25.21,27.01,308.45,6687225,6350
2002,5,40.13,45.24,49.27,81.25,58.03,0,0,78.28,0,43.19,48.04,53.88,65.58,0,65.09,65.09,65.15,65.15,65.15,67.6,131.13,131.13,59.45,59.45,781828.8,612.24815369102,8.0693,12850,74.23,1.8,7.6,2.8,39000,85.554,623.7,812805.7,25.31,23.73,23.89,326.55,6687225,6350
2002,6,40.13,47.57,49.03,71.76,59.04,0,0,78.28,0,43.35,47.41,56.55,65.58,0,65.83,65.83,66.3,66.3,66.3,68.32,131.54,131.54,60.24,60.24,781828.8,612.24815369102,8.0693,12850,73.07,1.8,7.6,2.8,39452,85.029,551.2,822108.1,26.86,24.56,25.44,314.45,6687225,6350
2002,7,40.13,50.38,51.01,62.74,58.4,0,0,71.34,0,45.03,46.67,57.51,65.58,0,69.74,69.74,68.24,68.24,68.24,72.63,132.7,132.7,65.19,65.19,781828.8,612.24815369102,8.0693,12850,72.49,2,8.2,1.4,39600,84.767,-62.3,827976.7,27.02,24.78,25.85,303.55,6687225,6350
2002,8,39.4,54.02,55.84,53.75,59.41,0,0,71.7,0,47.28,45.7,58.68,65.58,0,70.45,70.45,67.82,67.82,67.82,73.51,140.49,140.49,64.98,64.98,781828.8,612.24815369102,8.0693,12850,72.82,2,8.2,1.4,39646,85.205,-813.1,831521.4,28.98,26.36,27.38,312.75,6687225,6350
2002,9,39.59,57.27,57.1,61.65,59.95,0,0,71,0,49.27,46.38,57.09,66.3,0,70.5,70.5,69.41,69.41,69.41,73.37,144.35,144.35,64.2,64.2,781828.8,612.24815369102,8.0693,12850,73.4,2,8.2,1.4,41113,85.379,1630.5,842512,30.45,27.18,28.87,323.55,6687225,6350
2002,10,39.81,56.39,56.08,57.56,59.81,0,0,69.79,0,49.39,46.69,59.46,66.3,0,68.98,68.98,75.14,75.14,75.14,70.86,146.37,146.37,60.87,60.87,781828.8,612.24815369102,8.0693,12850,73.82,1.1,7.8,4.9,40981,85.905,876.4,853092.8,27.22,24.34,25.68,317.75,6687225,6350
2002,11,39.81,54.99,55.71,53.95,61.45,0,0,66.2,0,49.39,48.7,60.34,67.02,0,70.02,70.02,76.03,76.03,76.03,71.95,140.26,140.26,63.17,63.17,781828.8,612.24815369102,8.0693,12850,73.07,1.1,7.8,4.9,40200,85.642,705.2,868756.6,26.89,24.07,25.2,318.15,6687225,6350
2002,12,39.81,55.12,58.44,52.39,62.25,0,0,68.38,0,49.39,48.7,62.42,66.09,0,70.35,70.35,75.9,75.9,75.9,72.36,141.76,141.76,63.41,63.41,781828.8,612.24815369102,8.0693,12850,73.57,1.1,7.8,4.9,40200,85.905,1085.2,875405.5,31.2,26.24,29.99,348.05,6687225,6350
2003,1,39.81,53.88,57.34,65.44,65.02,0,0,66.63,0,49.39,49.15,61.53,66.09,0,66.84,66.84,77.11,77.11,77.11,68.11,135.57,135.57,59.34,59.34,834443.2,660.34108154523,3.1735,13790,74.06,-0.7,4.2,3.2,40200,85.818,-2192.9,880250.7,33.51,29.29,31.45,368.15,6151202,6054
2003,2,39.81,52.65,58.04,67.08,65.87,0,0,66.63,0,48.89,48.91,60.36,66.09,0,65.53,65.53,76.78,76.78,76.78,66.63,132.3,132.3,58.1,58.1,834443.2,660.34108154523,3.1735,13790,75.23,-0.7,4.2,3.2,40200,85.905,-740.2,883643,36.6,30.28,33.91,349.95,6151202,6054
2003,3,39.81,52.13,58.27,77.09,68.12,0,0,66.63,0,49.08,48.91,61.21,66.09,0,64.21,64.21,77.09,77.09,77.09,65.05,133.35,133.35,56.06,56.06,834443.2,660.34108154523,3.1735,13790,76.3,-0.7,4.2,3.2,40200,85.905,-143.6,892494.8,31.04,24.63,27.98,337.45,6151202,6054
2003,4,39.81,51.55,59.21,81.51,66.88,0,0,65.78,0,49.08,49.85,60.12,66.09,0,63.84,63.84,76.6,76.6,76.6,64.68,131.07,131.07,55.98,55.98,834443.2,660.34108154523,3.1735,13790,74.89,-0.2,2.3,3.1,40200,85.73,-1008.2,890351.6,25.8,22.78,23.59,338.55,6151202,6054
2003,5,39.81,52.05,60.62,73.3,66.07,0,0,63.4,0,49.08,49.85,61.85,66.09,0,64.57,64.57,77.65,77.65,77.65,65.4,131.07,131.07,56.84,56.84,834443.2,660.34108154523,3.1735,13790,73.98,-0.2,2.3,3.1,40242,85.818,-51.3,886410.8,29.56,25.24,26.8,364.45,6151202,6054
2003,6,39.81,51.39,60.03,76.57,66.32,0,0,61.28,0,47.59,47.42,62.38,66.09,0,68.94,68.94,77.23,77.23,77.23,70.54,136.53,136.53,62.09,62.09,834443.2,660.34108154523,3.1735,13790,73.73,-0.2,2.3,3.1,40475,85.905,1097.1,886769.4,30.19,26.1,28.16,346.4,6151202,6054
2003,7,39.81,51.22,58.48,72.35,65.73,0,0,59.54,0,47.59,49.31,61.47,66.09,0,69.66,69.66,77.14,77.14,77.14,71.4,140.03,140.03,62.54,62.54,834443.2,660.34108154523,3.1735,13790,73.73,1.9,2.1,4,40800,85.467,622.2,886242.9,30.54,26.88,28.59,354.35,6151202,6054
2003,8,39.81,52.44,57.13,70.42,66.12,0,0,56.3,0,47.59,48.52,63.48,66.09,0,70.4,70.4,77.1,77.1,77.1,72.27,136.64,136.64,64.13,64.13,834443.2,660.34108154523,3.1735,13790,74.15,1.9,2.1,4,40800,85.905,971.6,886880.8,31.57,27.58,30.05,375.55,6151202,6054
2003,9,41.45,52.52,63.88,75.33,66.37,0,0,58.32,0,42.94,47.68,66.55,66.09,0,78.41,78.41,114.18,114.18,114.18,76.87,145.09,145.09,68.25,68.25,834443.2,660.34108154523,3.1735,13790,74.06,1.9,2.1,4,40798,85.992,3273.5,891154.2,29.2,25.5,28.34,385.35,6151202,6054
2003,10,55.26,57.39,73.51,70.13,69.88,0,0,59.69,0,43.97,45.73,78.3,66.09,0,80.53,80.53,116.84,116.84,116.84,79,145.25,145.25,70.77,70.77,834443.2,660.34108154523,3.1735,13790,74.89,2.6,4,3.4,41231,85.205,3555.7,885171.7,29.11,26.35,27.94,384.25,6151202,6054
2003,11,55.26,61.6,74.24,59.24,69.53,0,0,66.26,0,40.59,47.06,75.79,66.09,0,82.56,82.56,116.98,116.98,116.98,81.35,151.04,151.04,72.64,72.64,834443.2,660.34108154523,3.1735,13790,75.72,2.6,4,3.4,40864,85.379,2949.4,896674.7,30.41,27.51,28.76,398.15,6151202,6054
2003,12,55.26,62.29,81.04,65.88,70.62,0,0,67.71,0,40.59,47.06,77.94,66.09,0,86.56,86.56,145.23,145.23,145.23,82.42,154.95,154.95,73.27,73.27,834443.2,660.34108154523,3.1735,13790,76.55,2.6,4,3.4,41000,85.467,2975,901818.6,32.52,27.9,30.48,415.45,6151202,6054
2004,1,55.26,62.71,85.73,76.62,71.18,0,0,69.18,0,39.97,46.14,75.76,66.09,0,89.88,89.88,146.31,146.31,146.31,86.15,156.18,156.18,77.53,77.53,906864.7,778.81053381141,5.3922,16200,77.71,1.3,5.8,2.6,41209,86.255,2123.4,901048.5,33.05,27.76,29.51,402.45,6736925,6729
2004,2,55.26,65.57,89.19,75.28,70,0,0,65.93,0,39.03,46.93,83.81,66.09,0,87.46,87.46,146.18,146.18,146.18,83.34,153.09,153.09,74.67,74.67,906864.7,778.81053381141,5.3922,16200,78.72,1.3,5.8,2.6,41742,86.868,1206.6,906803.8,36.16,29.16,33.01,396.15,6736925,6729
2004,3,55.26,66.51,92.73,77.26,69.9,0,0,70.6,0,39.03,47.74,91.25,65.63,0,83.37,83.37,144.52,144.52,144.52,78.78,142.24,142.24,70.99,70.99,906864.7,778.81053381141,5.3922,16200,79.8,1.3,5.8,2.6,41800,86.955,1897.7,916675.5,35.76,30.79,32.36,426.45,6736925,6729
2004,4,53.01,67.73,102.09,85.64,70.01,0,0,71.17,0,37.53,50.07,89.49,65.31,0,86.55,86.55,145.58,145.58,145.58,82.35,142.04,142.04,75.27,75.27,906864.7,778.81053381141,5.3922,16200,80.13,0.8,6.7,2.7,41800,86.694,543.8,918329.7,37.38,32.75,35.12,386.75,6736925,6729
2004,5,51.63,64.72,99.63,80.83,70.89,0,0,70.74,0,37.41,51.55,81.92,65.3,0,86.81,86.81,141.89,141.89,141.89,83.13,140.91,140.91,76.39,76.39,906864.7,778.81053381141,5.3922,16200,81.21,0.8,6.7,2.7,41667,86.955,4340.6,921252,39.88,34.93,36.98,395.55,6736925,6729
2004,6,54.96,61.57,94.94,80.83,71.24,0,0,71.07,0,38.03,51.84,76.91,65.49,0,86.02,86.02,144,144,144,81.94,139.71,139.71,75.16,75.16,906864.7,778.81053381141,5.3922,16200,80.79,0.8,6.7,2.7,41731,87.131,1887.3,927101.8,37.05,31.32,33.51,394.25,6736925,6729
2004,7,54.96,59.43,94.23,66.61,72.5,0,0,71.73,0,38.65,51.91,75.89,65.64,0,87.7,87.7,144.12,144.12,144.12,83.89,143.71,143.71,76.84,76.84,906864.7,778.81053381141,5.3922,16200,81.37,0.4,5.2,4.1,42027,87.219,2132.6,931581.5,43.8,35.93,41.6,391.05,6736925,6729
2004,8,58.68,58.81,85.33,70.38,73.6,0,0,71.97,0,39.73,52.1,73.85,65.55,0,95.67,95.67,143.34,143.34,143.34,93.29,145.06,145.06,87.82,87.82,906864.7,778.81053381141,5.3922,16200,82.62,0.4,5.2,4.1,42357,87.219,1642.2,936302.7,42.12,36.15,39.33,409.85,6736925,6729
2004,9,58.68,60.11,82.63,71.44,74.84,0,0,74.71,0,39.73,52.46,73.47,65.56,0,91.92,91.92,80.23,80.23,80.23,96.96,155.13,155.13,90.58,90.58,906864.7,778.81053381141,5.3922,16200,82.7,0.4,5.2,4.1,42253,87.219,4145.7,946264.9,49.64,37.66,47.08,418.25,6736925,6729
2004,10,53.38,59.45,78.37,76.05,75.76,0,0,74.71,0,40.05,52.76,72.48,65.56,0,95.01,95.01,85.62,85.62,85.62,99.88,155.89,155.89,93.94,93.94,906864.7,778.81053381141,5.3922,16200,83.36,0.8,3.3,3.1,40543,86.781,2178.8,946832.6,51.76,36.17,48.78,428.55,6736925,6729
2004,11,52.99,60.52,68.4,78.2,77.23,0,0,71.02,0,40.05,55.25,73.08,60.54,0,91.48,91.48,87.84,87.84,87.84,95.49,157.79,157.79,88.4,88.4,906864.7,778.81053381141,5.3922,16200,82.2,0.8,3.3,3.1,38952,86.868,4144.7,948780.2,49.13,36.12,44.03,450.95,6736925,6729
2004,12,54.29,60.83,69.34,68.85,77.53,0,0,68.98,0,40.05,56.47,62.65,61.04,0,81.19,81.19,88.34,88.34,88.34,83.42,157.05,157.05,74.13,74.13,906864.7,778.81053381141,5.3922,16200,80.46,0.8,3.3,3.1,38000,86.868,3046.5,954714,43.45,33.11,40.24,438.45,6736925,6729
2005,1,54.29,60.37,61.81,71.3,80.59,0,112.73,67.75,87.71,46.82,56.45,60.56,57.24,0,81.74,81.74,70.62,70.62,70.62,89.05,173.73,173.73,78.89,78.89,950685.4,892.24041628654,3.7457,18520,82.29,0.9,3,1.9,38000,86.651,1398,958086.2,48.2,37.51,45.87,422.6,6434972,6568
2005,2,54.29,59.76,61.81,82.09,80.23,0,111.77,69.25,87.71,47.08,56.45,61.01,56.97,0,79.1,79.1,66.21,66.21,66.21,87,168,168,77.29,77.29,950685.4,892.24041628654,3.7457,18520,82.37,0.9,3,1.9,38000,86.906,752.4,965151.9,51.75,42.45,50.14,435.65,6434972,6568
2005,3,54.29,60.96,64.94,87.43,80.02,0,111.66,74.81,87.71,46.99,61.17,63.33,57.02,0,82.07,82.07,77.23,77.23,77.23,86.91,157.06,157.06,78.5,78.5,950685.4,892.24041628654,3.7457,18520,82.78,0.9,3,1.9,38000,86.566,1315.6,977425,55.4,45.91,53.05,428.35,6434972,6568
2005,4,54.29,60.02,68.85,88.83,77.6,0,115.83,75.79,87.71,46.92,61.17,63.02,54.17,0,85.48,85.48,85.49,85.49,85.49,88.52,156.88,156.88,80.33,80.33,950685.4,892.24041628654,3.7457,18520,83.28,1.9,3.9,0.6,38000,85.633,-1734.7,982103.7,49.72,46.11,49.33,434.39,6434972,6568
2005,5,54.29,59.77,68.96,82.03,77.52,0,115.97,74.41,87.71,47.83,63.39,63.05,53.84,0,86.12,86.12,84.16,84.16,84.16,89.96,160.05,160.05,81.56,81.56,950685.4,892.24041628654,3.7457,18520,82.29,1.9,3.9,0.6,38000,86.057,546.1,985474.4,51.97,46.26,49.83,417.25,6434972,6568
2005,6,54.29,60.63,69.32,74.98,76.17,0,115.31,73.75,89.02,47.9,65.29,63.41,54.53,0,90.53,90.53,108.07,108.07,108.07,86.84,151.96,151.96,79.03,79.03,950685.4,892.24041628654,3.7457,18520,82.12,1.9,3.9,0.6,38000,86.142,958.6,995904.3,56.5,52.09,54.85,435.5,6434972,6568
2005,7,54.29,60.11,67.76,76.63,75.14,0,106.15,71.01,90.08,48.94,65.29,63.05,54.53,0,86.62,86.62,93.05,93.05,93.05,87.17,149.3,149.3,79.72,79.72,950685.4,892.24041628654,3.7457,18520,83.12,1.5,5,0.8,38000,85.208,622,1004960.2,60.57,53.79,59.7,429.8,6434972,6568
2005,8,54.29,60.5,65.73,84.18,75.11,0,106.55,71.01,90.08,51.65,65.9,63.03,54.53,0,88.34,88.34,95.67,95.67,95.67,88.6,142.35,142.35,82.17,82.17,950685.4,892.24041628654,3.7457,18520,83.53,1.5,5,0.8,38000,85.123,973.5,1008802,68.94,58.82,66.68,435.2,6434972,6568
2005,9,54.29,62.01,64.38,87.41,74.93,0,106.46,69.24,90.08,51.88,66.49,62.77,54.53,0,89.51,89.51,93.32,93.32,93.32,91.2,146.73,146.73,84.55,84.55,950685.4,892.24041628654,3.7457,18520,84.19,1.5,5,0.8,37173,84.699,724.6,1008223.6,66.24,56.32,62.56,469.3,6434972,6568
2005,10,54.29,61.75,62.39,78,73.49,0,106.08,69.24,90.08,50.9,67.78,60.58,55.08,0,84.92,84.92,78.91,78.91,78.91,90.31,145.56,145.56,83.7,83.7,950685.4,892.24041628654,3.7457,18520,84.28,1,5.3,0.8,35462,83.681,3014.9,1008215.2,59.76,51.87,58.35,465.18,6434972,6568
2005,11,54.29,60.7,62.2,66.74,73.75,0,104.99,71.21,90.08,50.45,70.1,58.73,54.35,0,80.96,80.96,73.45,73.45,73.45,86.8,142.04,142.04,80.19,80.19,950685.4,892.24041628654,3.7457,18520,83.36,1,5.3,0.8,34800,81.134,1866.3,1011582.7,57.32,50.18,53.41,493.08,6434972,6568
2005,12,54.29,60.79,63.54,68.07,73.3,0,91.61,72.89,90.08,50.9,76.99,59.79,54.35,0,79.59,79.59,77.36,77.36,77.36,83.3,151.44,151.44,75.14,75.14,950685.4,892.24041628654,3.7457,18520,82.87,1,5.3,0.8,34800,80.626,1771.3,1021591.6,61.04,53.19,58.87,517,6434972,6568
2006,1,58.8,59.91,62.32,70.12,74.05,0,89.02,67.65,88.73,50.18,89.35,59.24,57.26,0,78.77,78.77,73.65,73.65,73.65,83.6,137.18,137.18,77.18,77.18,1002664.7,1007.5144828635,5.7157,20800,82.87,1.6,6.4,-0.7,34800,80.88,-78.3,1027697.4,67.92,59.97,65.43,568.9,6305492,6601
2006,2,58.8,61.57,62.54,87.48,73.51,0,84.24,72.29,88.73,50.29,95.1,60.52,57.26,0,78.33,78.33,61.71,61.71,61.71,87.69,164.52,164.52,78.47,78.47,1002664.7,1007.5144828635,5.7157,20800,82.7,1.6,6.4,-0.7,34800,81.22,-3245.1,1034711.9,61.41,56.76,60.05,561.55,6305492,6601
2006,3,65.31,62.6,61.69,90.54,73.77,0,81.57,74.91,88.73,50.39,97.67,59.84,58.48,0,76.37,76.37,66.26,66.26,66.26,83.08,147.92,147.92,75.31,75.31,1002664.7,1007.5144828635,5.7157,20800,82.62,1.6,6.4,-0.7,34755,80.371,-1625.1,1042293.6,66.63,59.16,64.94,583.65,6305492,6601
2006,4,65.31,63.49,61.69,93.91,73.83,0,81.8,78.23,88.73,50.61,102.82,60.11,58.53,0,80.28,80.28,70.35,70.35,70.35,87.05,166.41,166.41,77.54,77.54,1002664.7,1007.5144828635,5.7157,20800,83.03,0.7,4.8,-0.2,34130,80.032,-3428.9,1048598.6,71.88,65.48,72,654.42,6305492,6601
2006,5,65.31,64.61,58.77,97.35,75.2,0,82.33,78.23,88.73,50.61,100.73,60.37,59.24,0,83.88,83.88,56.63,56.63,56.63,97.62,173.39,173.39,88.54,88.54,1002664.7,1007.5144828635,5.7157,20800,83.78,0.7,4.8,-0.2,34400,79.861,-43.8,1055855.4,71.29,64.71,69,645.2,6305492,6601
2006,6,65.31,66.4,58.94,92.02,75.73,0,82.04,79.27,87.42,50.1,101.72,60.44,59.24,0,82.05,82.05,48.81,48.81,48.81,98.08,168.98,168.98,89.58,89.58,1002664.7,1007.5144828635,5.7157,20800,83.86,0.7,4.8,-0.2,35262,79.946,2189.9,1072886.5,73.93,67.17,73.28,615.85,6305492,6601
2006,7,65.31,68.28,59.45,86.94,76.32,0,85.54,79.27,84.78,50.56,100.86,62.71,59.24,0,79.33,79.33,48.81,48.81,48.81,94.2,168.98,168.98,85.23,85.23,1002664.7,1007.5144828635,5.7157,20800,84.36,1.6,5.1,0.1,36610,78.928,-698.4,1082577.5,74.4,67.76,75.16,636.74,6305492,6601
2006,8,65.31,69.53,59.45,83.7,77.41,0,85.53,79.37,84.78,48.79,100.27,63.64,60.31,0,90.39,90.39,92.84,92.84,92.84,92.64,163.15,163.15,84.19,84.19,1002664.7,1007.5144828635,5.7157,20800,85.27,1.6,5.1,0.1,37991,80.116,-1540.5,1084752.6,70.26,65.99,69.64,627.3,6305492,6601
2006,9,65.31,72.9,60.6,98.39,78.6,0,85.4,79.61,84.78,48.05,96.86,63.42,59.49,0,87.2,87.2,87.19,87.19,87.19,90.32,152.53,152.53,82.86,82.86,1002664.7,1007.5144828635,5.7157,20800,84.69,1.6,5.1,0.1,38973,80.455,3088.4,1098444.2,62.91,57.33,61.37,598.3,6305492,6601
2006,10,65.31,78.61,62.84,95.01,81.29,0,86.08,71.44,84.78,47.62,93.5,65.01,59.38,0,82.66,82.66,81.3,81.3,81.3,86.15,154.57,154.57,77.95,77.95,1002664.7,1007.5144828635,5.7157,20800,83.61,0.8,4.8,-0.1,37432,81.22,2688.4,1110360.9,58.73,56.45,56.97,606.6,6305492,6601
2006,11,65.31,87.13,64.3,84,83.58,0,86.22,70.74,84.78,47.8,92.24,66.52,58.09,0,82.03,82.03,77.01,77.01,77.01,86.94,160.32,160.32,78.14,78.14,1002664.7,1007.5144828635,5.7157,20800,82.78,0.8,4.8,-0.1,36067,80.88,4455.8,1123714.6,63.13,59.1,64.42,648,6305492,6601
2006,12,65.31,85.72,65.74,76.7,84.52,0,93.96,71.94,84.78,47.8,92.21,69.49,62.89,0,86.05,86.05,85.81,85.81,85.81,89.21,158.34,158.34,80.92,80.92,1002664.7,1007.5144828635,5.7157,20800,82.78,0.8,4.8,-0.1,36000,80.626,332.4,1138295.5,61.05,56.71,60.13,636.7,6305492,6601
2007,1,66.79,87.07,69.23,94.5,84.59,0,93.62,71.11,84.78,48.03,88.94,71.38,64.69,0,83.52,83.52,83.22,83.22,83.22,86.62,152.37,152.37,78.74,78.74,1086897.3,1141.0171196838,5.8404,23440,82.29,1.7,4.9,1.7,36000,79.861,214.1,1143814.9,58.14,53.19,57.21,653.2,5961693,6274
2007,2,66.79,89.44,75.94,106.97,84.5,0,95.57,73.62,84.78,47.81,83.02,72.72,70.16,0,83.96,83.96,90.76,90.76,90.76,84.27,139.41,139.41,77.66,77.66,1086897.3,1141.0171196838,5.8404,23440,82.7,1.7,4.9,1.7,36463,80.455,-729,1154108.8,61.79,58.59,60.66,669.35,5961693,6274
2007,3,66.79,91.27,76.61,106.41,81.88,0,96.16,75.04,84.78,47.89,79.09,74.5,70.2,0,84.17,84.17,90.29,90.29,90.29,84.76,130.43,130.43,79.29,79.29,1086897.3,1141.0171196838,5.8404,23440,83.78,1.7,4.9,1.7,37362,81.22,-1160.4,1162429.3,65.87,63.12,68.42,663.79,5961693,6274
2007,4,66.79,92.21,78.28,107.87,79.47,0,100.52,73.73,84.78,47.7,77.56,77.38,71.16,0,85.47,85.47,98.9,98.9,98.9,83.22,125.42,125.42,78.16,78.16,1086897.3,1141.0171196838,5.8404,23440,84.53,1.7,5.9,2.7,37848,81.474,-2240.6,1165291,65.71,64.82,66.99,678.45,5961693,6274
2007,5,66.79,92.3,82.09,107.45,79,0,100.21,72.94,84.78,47.7,74.4,80.3,71.16,0,87.18,87.18,103.25,103.25,103.25,83.95,125.42,125.42,78.99,78.99,1086897.3,1141.0171196838,5.8404,23440,85.02,1.7,5.9,2.7,38281,81.304,-2295.3,1171148.4,64.01,63.05,68.45,660.5,5961693,6274
2007,6,66.79,95.36,83.91,101.92,78.9,0,99.89,72.94,84.78,47.25,70.43,81.65,71.13,0,86.51,86.51,107.61,107.61,107.61,81.28,123.53,123.53,76.22,76.22,1086897.3,1141.0171196838,5.8404,23440,85.02,1.7,5.9,2.7,38600,81.728,1581.5,1190080.2,70.68,66.42,72.82,649.65,5961693,6274
2007,7,66.79,97.87,87.97,94.42,75.75,0,100.7,72.93,84.79,47.84,71.62,85.01,72.44,0,92.93,92.93,107.61,107.61,107.61,90.45,154.99,154.99,82.72,82.72,1086897.3,1141.0171196838,5.8404,23440,85.02,1.2,5.5,2.5,38600,81.728,2569.3,1200892.7,78.21,69.44,77.82,664.3,5961693,6274
2007,8,66.79,105.68,87.04,94.81,76.01,0,101.49,73.26,84.79,48.79,71.23,85.52,73.23,0,94.44,94.44,107.61,107.61,107.61,92.61,154.99,154.99,85.14,85.14,1086897.3,1141.0171196838,5.8404,23440,85.27,1.2,5.5,2.5,38600,81.814,2223.4,1208052.8,74.04,67.72,72.06,673.4,5961693,6274
2007,9,66.79,122.06,99.01,102.26,76.13,0,101.79,72.66,84.79,48.79,68.52,97.36,73.29,0,94.46,94.46,107.61,107.61,107.61,92.64,161.14,161.14,84.43,84.43,1086897.3,1141.0171196838,5.8404,23440,86.18,1.2,5.5,2.5,38329,81.899,4312.6,1219265.1,81.66,76.64,79.4,743.6,5961693,6274
2007,10,75.25,132.51,104.68,108.67,78.78,0,101.66,70.86,84.79,48.79,71.09,101.7,73.4,0,95.62,95.62,107.61,107.61,107.61,94.3,161.14,161.14,86.29,86.29,1086897.3,1141.0171196838,5.8404,23440,86.52,2.2,6.8,2.7,36873,82.662,1914.3,1229742.1,94.53,81.24,90.29,796.59,5961693,6274
2007,11,75.25,135.63,112.56,91.81,80.18,0,106.04,70.42,100.99,48.79,68.77,105.47,74.95,0,96.65,96.65,107.61,107.61,107.61,95.78,161.14,161.14,87.95,87.95,1086897.3,1141.0171196838,5.8404,23440,87.94,2.2,6.8,2.7,36427,84.02,3260.2,1250790.1,88.71,83.9,88.64,783.75,5961693,6274
2007,12,75.25,146.18,122.85,83.25,81.1,0,104.86,70.54,130.93,48.79,71.6,108.97,76.56,0,97.6,97.6,107.61,107.61,107.61,97.13,161.14,161.14,89.46,89.46,1086897.3,1141.0171196838,5.8404,23440,88.77,2.2,6.8,2.7,37411,84.275,822.4,1269522.5,96,89.06,93.89,833.92,5961693,6274
2008,1,75.25,156.22,127.89,88.48,80.43,0,106.26,71.09,130.93,56.94,70.21,114.92,77.77,0,97.01,97.01,101.59,101.59,101.59,98.66,161.14,161.14,91.17,91.17,1154509.7,1170.238862341,3.2999,23860,89.93,0.4,5.8,1.6,38182,84.614,-688.7,1286407.8,91.75,87.18,92.56,925.99,6468281,6912
2008,2,75.25,169.23,139.52,94.19,82.16,0,106.94,72.31,142.66,77.68,75.36,134.52,77.8,0,96.96,96.96,96.74,96.74,96.74,100.5,176.05,176.05,91.45,91.45,1154509.7,1170.238862341,3.2999,23860,91.5,0.4,5.8,1.6,38689,84.783,-2235.2,1309161.7,101.84,94.38,100.15,974.17,6468281,6912
2008,3,75.25,164.6,134,102.77,83.5,0,113.76,73.14,142.66,80.39,79.3,129.69,78.06,0,102.89,102.89,106.73,106.73,106.73,105.05,177.82,177.82,96.33,96.33,1154509.7,1170.238862341,3.2999,23860,94.9,0.4,5.8,1.6,39000,84.954,972.5,1324032.7,101.58,97.81,100.22,916.88,6468281,6912
2008,4,79.87,162.28,126.72,105.19,84.26,0,111.54,70.35,142.06,80.39,82.12,129.93,78.14,0,97.97,97.97,85.38,85.38,85.38,106.42,162.08,162.08,99.76,99.76,1154509.7,1170.238862341,3.2999,23860,97.73,0.5,4.4,3.4,39000,85.633,-2386.5,1339434.9,113.46,106.28,110.61,877.55,6468281,6912
2008,5,84.78,158.32,129.75,106,85.87,0,106.37,70.35,140.48,80.39,87.18,134.86,78.08,0,100.96,100.96,87.04,87.04,87.04,110.05,162.68,162.68,103.75,103.75,1154509.7,1170.238862341,3.2999,23860,102.79,0.5,4.4,3.4,39205,86.057,-1737.8,1356612.9,127.35,119.91,127.08,886.5,6468281,6912
2008,6,84.78,151.88,147.47,100.99,87.83,0,101.62,71.42,138.35,80.85,87.13,133.29,81.42,0,105.74,105.74,85.04,85.04,85.04,117.68,167.24,167.24,111.76,111.76,1154509.7,1170.238862341,3.2999,23860,105.12,0.5,4.4,3.4,40150,86.227,-1143,1369728.1,140,136.65,139.3,925.4,6468281,6912
2008,7,84.78,145.86,152.62,96.61,90.3,0,98,71.42,138.8,82.95,87.13,133.31,81.48,0,108.34,108.34,85.04,85.04,85.04,121.39,172.56,172.56,115.27,115.27,1154509.7,1170.238862341,3.2999,23860,107.03,0.8,4,2.9,40526,86.312,-2261.7,1378914.3,124.08,123.46,123.24,914.07,6468281,6912
2008,8,84.78,143.36,132.84,98.26,87.37,0,80.63,71.42,136.01,88.36,87.13,118.39,81.24,0,106.08,106.08,85.04,85.04,85.04,118.16,181.3,181.3,110.6,110.6,1154509.7,1170.238862341,3.2999,23860,105.21,0.8,4,2.9,41000,86.906,-3845,1386101.1,115.46,109.87,111.98,831.15,6468281,6912
2008,9,84.78,137.8,124.85,98.41,87.01,0,92.41,71.42,136.01,82.53,87.13,112.99,79.47,0,102.12,102.12,87.89,87.89,87.89,111.38,170.46,170.46,104.31,104.31,1154509.7,1170.238862341,3.2999,23860,105.62,0.8,4,2.9,41000,87.5,1469,1395719.2,100.64,90.6,97.44,870.95,6468281,6912
2008,10,84.78,118.59,98.69,101.04,83.99,0,90.12,68.79,136.01,82.33,87.13,99.41,77.85,0,95.9,95.9,80.47,80.47,80.47,105.41,170.49,170.49,97.62,97.62,1154509.7,1170.238862341,3.2999,23860,106.87,-3.3,-1.7,3.4,39782,91.064,3904.5,1403984.2,67.81,55.11,64.4,724.55,6468281,6912
2008,11,104.25,114.52,91.58,97.51,75.22,0,87.2,67.13,134.91,82.09,87.13,89.59,78.14,0,83.53,83.53,65.13,65.13,65.13,93.77,166.52,166.52,85.05,85.05,1154509.7,1170.238862341,3.2999,23860,102.38,-3.3,-1.7,3.4,39400,92.253,2761.1,1426165.1,54.43,49.58,51.73,818.05,6468281,6912
2008,12,103.97,112.88,82.58,90.47,71.87,0,92.35,71.18,111.53,79.19,88.64,85.78,75.4,0,76.57,76.57,57.57,57.57,57.57,86.8,162.02,162.02,77.78,77.78,1154509.7,1170.238862341,3.2999,23860,98.98,-3.3,-1.7,3.4,39400,91.997,6943.8,1436298.3,44.6,37.02,41.76,882.05,6468281,6912
2009,1,111.91,108.64,89.64,94.24,68.85,0,96.01,71.18,80.98,78.42,88.34,92.79,72.7,0,79.23,79.23,55.46,55.46,55.46,91.43,158.02,158.02,83.45,83.45,1203479.8,1086.5426212155,0.6136,22040,98.15,0.1,-1.8,4.3,39400,92.168,175.8,1440275.8,41.68,44.86,44.94,927.85,6502249,7033
2009,2,125.64,107.47,87.4,88.91,65.25,0,91.93,71.57,80.98,77.85,88.52,88.72,73.36,0,78.05,78.05,51.5,51.5,51.5,91.3,137.75,137.75,85.74,85.74,1203479.8,1086.5426212155,0.6136,22040,99.97,0.1,-1.8,4.3,39220,91.403,5013,1457931.3,44.76,44.51,44.91,942.35,6502249,7033
2009,3,125.05,107.97,81.87,95.58,62.97,0,89.68,75.32,80.98,77.76,85.31,89.01,72.07,0,75.83,75.83,53.6,53.6,53.6,87.3,131.6,131.6,82,82,1203479.8,1086.5426212155,0.6136,22040,100.8,0.1,-1.8,4.3,39155,90.555,5786,1470443.1,49.66,47.32,47.74,919.145,6502249,7033
2009,4,125.79,107.89,93.31,105.04,61.35,0,87.78,82.24,78.62,77.8,87.57,95.36,76.68,0,75.99,75.99,53.18,53.18,53.18,87.69,130.31,130.31,82.59,82.59,1203479.8,1086.5426212155,0.6136,22040,98.15,1.3,-1.2,4.1,39000,90.385,3139.2,1482009.7,51.12,49.86,49.1,888.2,6502249,7033
2009,5,125.86,111.73,103.23,104.76,64.51,0,88.91,84.73,78,77.24,86.06,105.15,74.39,0,82.93,82.93,55.45,55.45,55.45,96.73,139.52,139.52,91.62,91.62,1203479.8,1086.5426212155,0.6136,22040,96.57,1.3,-1.2,4.1,38753,89.113,2329.4,1491542.7,66.31,64.09,64.98,979.15,6502249,7033
2009,6,125.8,112.86,113.73,106.18,67.09,0,91.99,84.73,80.37,77.24,90.1,103.74,75.79,0,94.03,94.03,79.61,79.61,79.61,103.07,149.96,149.96,97.46,97.46,1203479.8,1086.5426212155,0.6136,22040,97.82,1.3,-1.2,4.1,37909,85.887,4064.7,1501898.3,69.89,71.93,68.34,926.6,6502249,7033
2009,7,125.8,106.31,107.4,102.72,68.72,0,93.67,80.57,80.37,77.35,93.98,101.85,75.96,0,100.62,100.62,92.04,92.04,92.04,107.6,153.36,153.36,102.13,102.13,1203479.8,1086.5426212155,0.6136,22040,98.73,3,0.9,3.8,37239,87.075,1987.7,1512822.5,69.45,67.24,70.88,954,6502249,7033
2009,8,125.8,103.54,112.13,100.59,70.64,0,97.2,80.9,80.37,76.99,95.86,103.42,76.35,0,102.02,102.02,92.04,92.04,92.04,109.6,155.4,155.4,104.12,104.12,1203479.8,1086.5426212155,0.6136,22040,99.89,3,0.9,3.8,36271,86.481,1169.6,1524879.7,69.96,69.42,68.76,951.25,6502249,7033
2009,9,125.8,100.33,100.39,100.97,73.65,0,94.85,80.63,80.37,75.25,101.35,100.18,79.38,0,95.81,95.81,75.97,75.97,75.97,107.06,159.74,159.74,100.76,100.76,1203479.8,1086.5426212155,0.6136,22040,99.31,3,0.9,3.8,35600,84.699,2197.6,1535279.8,70.61,65.8,67.67,1007.7,6502249,7033
2009,10,125.8,104.98,97.84,106.13,77.26,0,94.62,80.9,82.74,76.12,111.25,101.89,77.45,0,92.25,92.25,66.74,66.74,66.74,105.6,165.09,165.09,98.48,98.48,1203479.8,1086.5426212155,0.6136,22040,98.23,0.7,5.2,2.3,34267,85.802,2512.2,1551319.5,77,77.5,74.4,1045.4,6502249,7033
2009,11,125.8,108.73,105.49,92.89,77.73,0,94.12,81.68,82.74,78.65,116.79,102.26,77.7,0,94.7,94.7,67.42,67.42,67.42,108.85,168.35,168.35,101.72,101.72,1203479.8,1086.5426212155,0.6136,22040,99.31,0.7,5.2,2.3,33219,84.189,3013.8,1564175.8,77.28,77.38,77.91,1179.6,6502249,7033
2009,12,107.96,109.71,106.31,83.61,77.17,0,99.2,87.97,99.32,80.09,118.75,103.81,77.6,0,94.67,94.67,61.63,61.63,61.63,111.08,163.35,163.35,104.82,104.82,1203479.8,1086.5426212155,0.6136,22040,99.81,0.7,5.2,2.3,33200,83.426,1698.6,1570027.1,79.36,78.29,77.2,1096.95,6502249,7033
2010,1,107.59,107.95,99.63,93.18,79.87,0,97.46,85.47,112,87.8,128.85,98.26,77.41,0,89.87,89.87,69.01,69.01,69.01,102.47,169.99,169.99,94.93,94.93,1324586.9,1104.4020539264,7.1262,22290,100.56,2,7.3,3.1,33200,84.022,-1776.4,1574215.8,72.89,71.84,70.46,1080.85,5810817,6514
2010,2,99.93,106.59,93.05,94.63,81.65,0,98.37,85.47,109.27,88.95,135.5,99.36,78.94,0,88.89,88.89,66.92,66.92,66.92,101.76,166.13,166.13,94.56,94.56,1324586.9,1104.4020539264,7.1262,22290,101.07,2,7.3,3.1,33200,82.473,-322.4,1595403.8,79.66,74.33,76.68,1117.6,5810817,6514
2010,3,97.92,106.86,93.68,109.07,84.58,0,100.39,91.5,106.13,87.8,136.82,100.28,78.99,0,97.37,97.37,64.02,64.02,64.02,114.24,162.2,162.2,108.74,108.74,1324586.9,1104.4020539264,7.1262,22290,101.41,2,7.3,3.1,32864,82.392,917.1,1607896.1,83.76,79.05,81.3,1113.25,5810817,6514
2010,4,98.79,106.34,94.37,114.52,86.26,0,102.11,92.65,106.63,91.69,136.83,103.05,79.74,0,105.88,105.88,71.85,71.85,71.85,123.56,152.61,152.61,120.02,120.02,1324586.9,1104.4020539264,7.1262,22290,102.02,1.9,7.9,2.6,32536,82.31,796.9,1621176.9,86.15,85.65,85.99,1179.2,5810817,6514
2010,5,97.95,106.02,93.9,109.85,86.14,0,104.12,95.31,112.93,94.02,137.51,100.92,79.42,0,107.01,107.01,66.43,66.43,66.43,126.73,148.12,148.12,123.99,123.99,1324586.9,1104.4020539264,7.1262,22290,103.5,1.9,7.9,2.6,31684,80.436,6650.4,1630904.7,73.97,73.28,73.74,1216.2,5810817,6514
2010,6,101.73,105.59,94.38,106.91,84.61,0,100.92,96.3,112.93,93.48,120.55,100.71,81.85,0,108.7,108.7,56.81,56.81,56.81,131.94,156,156,128.9,128.9,1324586.9,1104.4020539264,7.1262,22290,104.36,1.9,7.9,2.6,31600,80.436,3751.1,1647981.2,75.63,73.24,73.87,1242.25,5810817,6514
2010,7,99.97,108.88,95.57,102.7,83.34,0,102.52,96.3,108.68,93.83,124.95,103.41,81.85,0,110.76,110.76,54.41,54.41,54.41,135.48,158.64,158.64,132.51,132.51,1324586.9,1104.4020539264,7.1262,22290,104.46,1.2,5.8,2.4,31600,79.865,3549.3,1653057.5,78.95,73.74,78.28,1181,5810817,6514
2010,8,99.36,125.27,104.48,104.92,83.12,0,106.92,96.3,109.74,94.37,125.37,107.52,81.48,0,109.21,109.21,50.77,50.77,50.77,134.44,164.97,164.97,130.7,130.7,1324586.9,1104.4020539264,7.1262,22290,104.25,1.2,5.8,2.4,31377,80.354,3758.1,1653907.2,71.92,72.99,74.31,1247.45,5810817,6514
2010,9,99.36,131.02,108.21,105.86,85.62,0,106.94,96.3,111.84,90.26,118.69,114.73,81.32,0,116.02,116.02,81.34,81.34,81.34,134.61,157.93,157.93,131.64,131.64,1324586.9,1104.4020539264,7.1262,22290,104.75,1.2,5.8,2.4,31100,80.028,4207.4,1659400.1,79.97,77.32,81.42,1308.35,5810817,6514
2010,10,99.36,143.8,117.95,100.25,85.34,0,104.71,96.36,110.8,90.03,137.06,121.69,81.44,0,114.91,114.91,73.82,73.82,73.82,135.34,159.96,159.96,132.23,132.23,1324586.9,1104.4020539264,7.1262,22290,104.81,1.2,6.3,2.9,32146,80.028,4265.4,1669376.6,81.43,80.02,82.63,1359.4,5810817,6514
2010,11,99.36,139.65,118.52,93.34,87.76,0,107.23,96.36,110.8,89.95,173.31,125.87,81.35,0,114.56,114.56,78.13,78.13,78.13,133.57,167.17,167.17,129.51,129.51,1324586.9,1104.4020539264,7.1262,22290,105.6,1.2,6.3,2.9,32800,83.777,3897.5,1679909.9,84.11,84.83,84.91,1386.02,5810817,6514
2010,12,100.4,145.77,122.36,95.12,91.03,0,112.9,99.24,110.8,89.74,182.05,129.52,81.44,0,115.78,115.78,72.96,72.96,72.96,136.79,170.07,170.07,132.76,132.76,1324586.9,1104.4020539264,7.1262,22290,107.29,1.2,6.3,2.9,33396,81.821,-1743.9,1682871.9,91.38,88.54,94.3,1420.78,5810817,6514
2011,1,97.69,150.17,129.38,99.67,97.37,0,111.98,99.24,116.53,89.95,196.15,135.91,83.6,0,115.73,115.73,79.67,79.67,79.67,134.8,172.43,172.43,130.42,130.42,1397534.8,1177.848647579,4.1504,23590,108.35,0.9,5.4,1.1,33895,82.881,-3159.6,1676448.8,92.19,94.07,99.78,1332.8,5615916,6577
2011,2,97.69,159.68,129.38,98.45,95.28,0,114.38,99.24,116.53,89.95,202.83,135.87,83.6,0,119.19,119.19,82.81,82.81,82.81,138.61,164.49,164.49,135.17,135.17,1397534.8,1177.848647579,4.1504,23590,109.65,0.9,5.4,1.1,34576,84.592,1344.9,1674390.5,96.97,107.97,111.94,1411.48,5615916,6577
2011,3,99.13,160.11,125.22,100.94,94.98,0,116.87,110.48,116.53,91,194.96,134.83,84.49,0,118.94,118.94,76.61,76.61,76.61,140.05,177.76,177.76,135.62,135.62,1397534.8,1177.848647579,4.1504,23590,111.84,0.9,5.4,1.1,36043,86.466,-2438.3,1677475.9,106.72,109.47,117.25,1432.3,5615916,6577
2011,4,95.74,165.98,125.91,104.44,94.19,0,124.47,108.22,116.53,91.44,183.49,133.06,85.07,0,120.01,120.01,73.98,73.98,73.98,142.27,163.03,163.03,139.22,139.22,1397534.8,1177.848647579,4.1504,23590,112.33,0.5,3.8,0.5,37366,88.667,-2545.2,1684792.3,113.93,118.65,126.06,1563.7,5615916,6577
2011,5,101.67,159.08,125.78,103.54,94.01,0,121.34,110.83,116.53,93.98,168.62,130.19,85.33,0,122.26,122.26,66.39,66.39,66.39,147.53,167.25,167.25,144.51,144.51,1397534.8,1177.848647579,4.1504,23590,112.26,0.5,3.8,0.5,37600,88.993,-1247.2,1690543,102.7,109.39,116.73,1535.8,5615916,6577
2011,6,101.61,161.24,125.78,96.91,94.22,0,124.75,110.83,113.82,94.7,176.92,128.95,85.33,0,132.1,132.1,86.31,86.31,86.31,155.19,168.11,168.11,152.67,152.67,1397534.8,1177.848647579,4.1504,23590,112.38,0.5,3.8,0.5,37600,90.867,1321.8,1697204.2,95.42,106.33,111.68,1500.35,5615916,6577
2011,7,101.58,153.49,127.41,89.31,95.9,0,121.11,108.22,113.82,95.78,183.57,128.77,84.45,0,125.52,125.52,60.63,60.63,60.63,153.64,170.21,170.21,150.83,150.83,1397534.8,1177.848647579,4.1504,23590,111.93,0.5,3.1,1.4,37600,91.519,3938.8,1705451.5,95.7,111.09,116.81,1627.88,5615916,6577
2011,8,101.61,157.52,127.05,85.95,95.45,0,136.21,108.22,113.82,97.32,179.96,130.02,84.45,0,135.1,135.1,92.8,92.8,92.8,157.42,177.35,177.35,154.3,154.3,1397534.8,1177.848647579,4.1504,23590,112.13,0.5,3.1,1.4,37600,90.623,4470.5,1719437.8,88.81,109.47,115.21,1825.72,5615916,6577
2011,9,100.27,152.93,122.56,92.95,97.07,0,131.83,108.22,113.82,103.17,177.48,126.97,85.2,0,139.49,139.49,101.41,101.41,101.41,160.91,179.19,179.19,157.89,157.89,1397534.8,1177.848647579,4.1504,23590,113.46,0.5,3.1,1.4,37600,91.845,2996.3,1729531.1,79.2,100.93,104.26,1623.97,5615916,6577
2011,10,104.76,148.25,114.33,99.45,95.95,0,123.68,108.22,110.78,105.98,173.83,124.87,85.2,0,136.19,136.19,93.53,93.53,93.53,158.69,189.46,189.46,154.66,154.66,1397534.8,1177.848647579,4.1504,23590,114.09,0.5,2.6,2.1,38750,96.327,3572.4,1742645.4,93.19,105.6,109.52,1714.85,5615916,6577
2011,11,107.99,145.54,112.76,102.78,96.47,0,123.17,100.4,110.78,107.75,170.57,122.28,85.98,0,134.69,134.69,86.67,86.67,86.67,158.63,186.07,186.07,154.87,154.87,1397534.8,1177.848647579,4.1504,23590,113.06,0.5,2.6,2.1,39818,98.691,6645.7,1753296.4,100.36,108.9,111.32,1746.38,5615916,6577
2011,12,103.54,132.4,108.99,99.07,95.43,0,124.27,96.35,110.78,111.11,168.38,120.22,87.35,0,132.47,132.47,81.27,81.27,81.27,157.15,185.5,185.5,153.33,153.33,1397534.8,1177.848647579,4.1504,23590,113.07,0.5,2.6,2.1,40329,99.913,1738.1,1756597.4,98.83,104.84,107.58,1563.7,5615916,6577
2012,1,103.92,137.17,112.99,89.89,95.02,0,123.57,96.35,106.91,118.99,163.09,120.58,87.78,0,130.07,130.07,84.04,84.04,84.04,152.36,188.39,188.39,147.46,147.46,1455170.3,1287.9929634045,2.8207,25660,113.62,0.9,2.4,2.6,40600,99.603,-2288,1757058.7,98.48,109.46,110.77,1737.6,5405155,6365
2012,2,102.33,141.28,119.07,93.81,96.29,0,122.32,95.12,106.91,119.31,165.13,125.67,88.5,0,128.12,128.12,84.62,84.62,84.62,149.24,185.24,185.24,144.34,144.34,1455170.3,1287.9929634045,2.8207,25660,114.08,0.9,2.4,2.6,40781,100.337,-2584,1762988.4,107.07,120.5,123.9,1696.85,5405155,6365
2012,3,102.13,140.93,124.28,100.51,97.46,0,125.02,99.68,106.91,119.31,159.61,130.59,88.81,0,121.25,121.25,87.26,87.26,87.26,137.96,143.87,143.87,137.28,137.28,1455170.3,1287.9929634045,2.8207,25660,115.07,0.9,2.4,2.6,40800,99.408,3580,1773172.9,103.02,120.17,123.81,1668.35,5405155,6365
2012,4,102.13,139.83,131.76,99.53,97.4,0,128.55,98.96,104.34,119.74,154.41,134.25,88.03,0,118.38,118.38,89.15,89.15,89.15,132.89,144.26,144.26,131.44,131.44,1455170.3,1287.9929634045,2.8207,25660,115.24,0.6,2.4,1.8,40800,99.522,-144.8,1777114.7,104.87,116.05,119.67,1664.75,5405155,6365
2012,5,95.35,133.28,129.99,97.88,97.53,0,114.24,98.69,104.34,119.44,148.98,129.64,88.14,0,119.12,119.12,89.65,89.65,89.65,133.74,146.04,146.04,132.16,132.16,1455170.3,1287.9929634045,2.8207,25660,114.42,0.6,2.4,1.8,40800,98.365,5015.8,1784220.5,86.53,101.8,102.08,1560.43,5405155,6365
2012,6,95.35,131.39,130.93,95.7,94.37,0,116.81,90.36,104.34,119.6,153.18,128.88,89.46,0,124.88,124.88,107.56,107.56,107.56,134.01,139.59,139.59,133.38,133.38,1455170.3,1287.9929634045,2.8207,25660,112.33,0.6,2.4,1.8,40800,98.992,6069.3,1796981.5,84.96,92.75,97,1597.4,5405155,6365
2012,7,95.75,140.68,143.09,87.08,94.47,0,121.66,89.13,104.34,119.6,153.16,134.38,89.61,0,128.12,128.12,122.21,122.21,122.21,132.07,140.51,140.51,131.02,131.02,1455170.3,1287.9929634045,2.8207,25660,111.2,0.5,2.3,1,40800,98.528,8375.5,1807289.2,88.06,102.44,105.94,1614.3,5405155,6365
2012,8,95.75,149.62,157.63,83.33,95.32,0,125.06,88.53,104.34,113.41,151.83,134.93,88.45,0,126.71,126.71,122.21,122.21,122.21,129.99,142.03,142.03,128.44,128.44,1455170.3,1287.9929634045,2.8207,25660,111.99,0.5,2.3,1,40750,98.764,1618,1817134.9,96.47,110.47,115.46,1692.01,5405155,6365
2012,9,94.67,148.92,155.18,87.19,97.73,0,124.48,88.53,104.34,114.47,145.9,133.22,88.45,0,119.57,119.57,102.72,102.72,102.72,128.43,145.06,145.06,126.23,126.23,1455170.3,1287.9929634045,2.8207,25660,112.37,0.5,2.3,1,40600,98.316,6484.3,1819290.1,92.19,110.84,113.25,1772.1,5405155,6365
2012,10,94.67,150.17,151.17,86.5,98.6,0,124.23,87.86,104.34,114.47,142.84,127.23,87.74,0,117.23,117.23,100.46,100.46,100.46,126.03,140.9,140.9,124.08,124.08,1455170.3,1287.9929634045,2.8207,25660,111.19,0.5,2.5,-0.3,41190,100.394,7287.6,1822420.9,86.24,106.83,109.41,1720.65,5405155,6365
2012,11,97.82,154.56,143.93,86.03,98.22,0,118.23,84.89,104.34,114.47,140.62,126.92,86.84,0,116.17,116.17,102.74,102.74,102.74,123.44,135.8,135.8,121.84,121.84,1455170.3,1287.9929634045,2.8207,25660,109.97,0.5,2.5,-0.3,42900,103.002,8187.5,1830280.3,88.91,107.92,112.01,1714.8,5405155,6365
2012,12,97.82,149.67,145.46,92.1,98.46,0,119.01,85.52,104.34,114.47,139.67,123.22,87.56,0,115.44,115.44,105.4,105.4,105.4,121.14,139.42,139.42,118.7,118.7,1455170.3,1287.9929634045,2.8207,25660,109.13,0.5,2.5,-0.3,43000,103.947,7189.4,1835556.7,91.82,106.67,111.94,1675.35,5405155,6365
2013,1,102.97,148.3,141.41,93.99,99.17,0,110.67,86.81,103.53,114.47,139.17,124.41,87.56,100,115.27,115.27,107.71,107.71,107.71,119.45,135.71,135.71,117.37,117.37,1510384.9,1360.3566802888,2.7683,26980,108.96,0.9,2.3,0.8,43000,102.529,2752.4,1841128.1,97.49,110.46,116.54,1663.65,5631689,6764
2013,2,102.97,146.28,142.84,91.24,98.35,0,108.12,86.81,103.53,114.47,138.19,124.16,88.41,100,111.21,111.21,104.17,104.17,104.17,115.08,139.67,139.67,111.43,111.43,1510384.9,1360.3566802888,2.7683,26980,110.17,0.9,2.3,0.8,43000,103.8,2212.5,1857135,92.05,107.23,111.66,1579.58,5631689,6764
2013,3,102.23,143.34,136.93,95.65,98.59,0,115.99,88.64,107.36,110.51,132.69,120.02,94.11,100,112.27,112.27,108.83,108.83,108.83,113.92,140.32,140.32,109.92,109.92,1510384.9,1360.3566802888,2.7683,26980,110.36,0.9,2.3,0.8,43000,103.621,6740.2,1862405.5,97.23,106.83,109.27,1598.75,5631689,6764
2013,4,103.89,138.72,133.28,97.29,99.37,0,139.17,89.4,116.78,105.55,128.6,119.69,94.51,100,111.24,111.24,108.83,108.83,108.83,112.27,137.38,137.38,108.5,108.5,1510384.9,1360.3566802888,2.7683,26980,110.01,1.2,2.9,1.2,43000,104.958,5039.9,1867726.3,93.46,101.61,101.81,1476.75,5631689,6764
2013,5,103.89,137.13,142.53,102.35,99.47,0,110.51,89.24,117.81,105.55,128.28,122.17,94.04,100,110.42,110.42,108.83,108.83,108.83,110.94,137.98,137.98,106.8,106.8,1510384.9,1360.3566802888,2.7683,26980,109.06,1.2,2.9,1.2,43033,104.077,9608.2,1870289.7,91.97,98.57,100.03,1387.92,5631689,6764
2013,6,102.12,132.73,144.77,96.77,97.86,0,109.95,88.92,114.69,105.07,124.62,122.26,92.26,100,111.84,111.84,108.83,108.83,108.83,113.24,143.11,143.11,108.59,108.59,1510384.9,1360.3566802888,2.7683,26980,109.47,1.2,2.9,1.2,43100,104.738,6824.8,1884193.2,96.56,100.2,102.16,1234.57,5631689,6764
2013,7,102.87,124.5,140.06,97.33,98.47,0,110.45,92.04,112.13,105.07,122.88,117.86,93.86,100,107.39,107.39,108.83,108.83,108.83,106.07,127.55,127.55,102.92,102.92,1510384.9,1360.3566802888,2.7683,26980,109.13,0.9,3.5,1.4,43100,104.118,6964.6,1890728.6,105.03,103.83,108.66,1325.25,5631689,6764
2013,8,101.51,124.41,136.91,95.39,98.83,0,109.83,92.65,115.19,105.07,121.11,122.81,94.95,100,107.33,107.33,108.83,108.83,108.83,105.97,125.6,125.6,103.17,103.17,1510384.9,1360.3566802888,2.7683,26980,109.19,0.9,3.5,1.4,43100,105.153,6389.3,1888658.4,107.65,112.39,116.17,1395.15,5631689,6764
2013,9,99.71,123.47,139.35,92.27,99.8,0,108.6,92.85,115.19,105.07,126.1,122.91,97,100,106.36,106.36,108.83,108.83,108.83,104.4,115.06,115.06,103.24,103.24,1510384.9,1360.3566802888,2.7683,26980,108.69,0.9,3.5,1.4,43100,105.74,7847.7,1903187.1,102.33,105.09,109.22,1328.94,5631689,6764
2013,10,91.66,123.01,135.65,93.36,100.56,0,113.52,94.31,116.8,99.99,123.02,124.98,97.74,100,111.14,111.14,108.83,108.83,108.83,112.1,117.73,117.73,111.94,111.94,1510384.9,1360.3566802888,2.7683,26980,107.98,0.8,3.9,0.6,43293,107.142,10724,1908557.6,96.38,106.92,108.89,1323.1,5631689,6764
2013,11,97.28,121.24,135.45,97.54,101.94,0,109.81,94.66,118.32,99.49,118.23,123.73,97.61,100,108.86,108.86,105.48,105.48,105.48,110.49,117.74,117.74,110.01,110.01,1510384.9,1360.3566802888,2.7683,26980,107.55,0.8,3.9,0.6,42367,106.653,5891.6,1923339.2,92.72,108.85,110.57,1253.49,5631689,6764
2013,12,97.3,119.86,137.5,97.04,101.72,0,88.31,94.66,124.23,99.24,116.54,121.5,97.69,100,108.37,108.37,106.21,106.21,106.21,109.26,117.2,117.2,108.64,108.64,1510384.9,1360.3566802888,2.7683,26980,107.58,0.8,3.9,0.6,42200,106.767,6263.7,1932026.4,98.42,107.89,110.82,1205.65,5631689,6764
2014,1,97.3,121.28,134.53,96.66,104.71,0,87.6,95.02,132.48,98.65,116.45,120.71,99.7,100,106.93,106.93,108.27,108.27,108.27,106.81,112.71,112.71,106.42,106.42,1570493.3,1429.1087210052,3.0501,28160,108.28,0.9,3.8,1.3,42200,104.2,1837.7,1937045.6,97.49,104.34,107.2,1244.55,5637682,6913
2014,2,97.3,124.4,138.56,101.05,104.6,0,105,95.02,134.45,96.31,121.47,124.59,100.56,100,108.56,108.56,109.92,109.92,109.92,108.44,113.21,113.21,108.18,108.18,1570493.3,1429.1087210052,3.0501,28160,108.26,0.9,3.8,1.3,42200,103.857,4812.5,1954340.7,102.59,105.27,109.3,1326.44,5637682,6913
2014,3,97.3,129.71,143.07,103.45,108.99,0,109.33,100.59,134.45,97.53,121.93,125.54,100.89,100,105.96,105.96,114.23,114.23,114.23,103.86,117.73,117.73,102.54,102.54,1570493.3,1429.1087210052,3.0501,28160,108.25,0.9,3.8,1.3,42200,102.871,6182.8,1964954,101.58,104.63,106.98,1284.01,5637682,6913
2014,4,97.3,129.07,146.38,110.17,112.01,0,111.08,107.71,132.02,98.64,120.1,127.98,100.5,100,106.47,106.47,114.23,114.23,114.23,104.51,114.76,114.76,103.61,103.61,1570493.3,1429.1087210052,3.0501,28160,107.35,0.8,3.4,0.7,41986,103.98,6875.5,1970361.6,99.74,104.86,108.65,1291.55,5637682,6913
2014,5,99.15,127.22,146.03,110.13,113.74,0,109.36,108.75,125.29,98.64,118.01,126.15,101.03,100,105.73,105.73,114.23,114.23,114.23,103.56,117.39,117.39,102.25,102.25,1570493.3,1429.1087210052,3.0501,28160,106.85,0.8,3.4,0.7,41337,101.796,9148.3,1982390.9,102.71,106.41,110.66,1249.73,5637682,6913
2014,6,100.93,123.42,142.26,109.55,114.18,0,100.96,109.26,123.81,99.01,118.54,122.65,102.3,100,112,112,114.23,114.23,114.23,111.65,121.13,121.13,110.85,110.85,1570493.3,1429.1087210052,3.0501,28160,106.82,0.8,3.4,0.7,41200,103.751,7768.8,1999376.3,105.37,109,112.09,1327.32,5637682,6913
2014,7,100.93,121.47,132.69,107.92,115.92,0,101.87,108.74,119.09,98.62,114.97,118.9,102.21,100,112.67,112.67,114.23,114.23,114.23,112.51,121.77,121.77,111.75,111.75,1570493.3,1429.1087210052,3.0501,28160,107.03,0.3,3.1,0.5,41200,104.061,6198.8,2013935.1,98.17,103.81,103.9,1282.55,5637682,6913
2014,8,100.93,115.74,128.12,104.52,118.06,0,108.14,107.99,120.48,99.47,113.24,110.7,102.34,100,112.24,112.24,114.23,114.23,114.23,111.95,117.91,117.91,111.57,111.57,1570493.3,1429.1087210052,3.0501,28160,106.95,0.3,3.1,0.5,41200,103.393,6793.9,2031777.2,95.96,101.05,101.26,1287.81,5637682,6913
2014,9,102.71,115.18,116.44,103.31,116.94,0,105.9,109.33,120.48,100.09,113.24,108.43,104.24,100,108.27,108.27,106.66,106.66,106.66,109.01,111.48,111.48,109.02,109.02,1570493.3,1429.1087210052,3.0501,28160,106.47,0.3,3.1,0.5,41106,100.614,7418.7,2037600.8,91.16,95.51,93.17,1208.16,5637682,6913
2014,10,103.86,117.51,114.51,103.31,116.1,0,103.05,107.35,116.27,100.61,115.97,110.16,102.95,100,106.1,106.1,96.66,96.66,96.66,109.06,113.42,113.42,108.86,108.86,1570493.3,1429.1087210052,3.0501,28160,106.05,0.4,2.6,1.2,40326,102.35,8604.5,2051149.8,80.54,83.24,84.8,1173.48,5637682,6913
2014,11,103.86,116.14,115.02,102.06,115.45,0,97.45,102.21,110.81,100.14,115.97,108.8,102.27,100,104.06,104.06,95.26,95.26,95.26,106.83,104.92,104.92,107.35,107.35,1570493.3,1429.1087210052,3.0501,28160,105.62,0.4,2.6,1.2,40760,104.159,10582.7,2083253.5,66.15,67.92,68.99,1167.41,5637682,6913
2014,12,105.39,116.44,112.83,100.22,113.56,0,101.08,102.21,108.12,100.14,114.49,106.45,101.64,100,103.77,103.77,100.39,100.39,100.39,105,101.09,101.09,105.74,105.74,1570493.3,1429.1087210052,3.0501,28160,104.03,0.4,2.6,1.2,40552,101.372,6805.4,2088729.8,53.27,53.85,55.76,1184.86,5637682,6913
2015,1,101.71,109.15,109.16,102.58,111.42,0,91.74,104.63,106.47,100.26,114,104.01,101.53,100,103.51,103.51,100.39,100.39,100.39,104.64,100.97,100.97,105.34,105.34,1663206.6,1465.0568264821,2.6479,28720,101.47,0.8,2.4,3,40500,101.68,7076,2092223.5,48.24,45.69,50.77,1283.78,5771026,7220
2015,2,100.09,106.95,101.99,104.06,106.77,0,89.09,104.61,105.29,100.26,109.94,103.29,101.83,100,101.58,101.58,100.39,100.39,100.39,102.02,96.36,96.36,103.09,103.09,1663206.6,1465.0568264821,2.6479,28720,100.76,0.8,2.4,3,40488,100.43,6136.4,2109892.3,49.76,58.07,61.81,1213.22,5771026,7220
2015,3,100.45,104.46,101.1,103.5,105.42,0,96.6,103.65,106.92,100.26,105.66,101.41,102.07,100,99.8,99.8,99.95,99.95,99.95,99.75,96.14,96.14,100.44,100.44,1663206.6,1465.0568264821,2.6479,28720,101.12,0.8,2.4,3,40023,98.35,9761.5,2127887.8,47.6,52.6,53.34,1183.68,5771026,7220
2015,4,100.45,102.94,102.88,103.57,102.11,0,98.76,104.96,101.78,99.71,103.72,101.31,102.34,100,99.38,99.38,99.56,99.56,99.56,99.32,94.04,94.04,100.32,100.32,1663206.6,1465.0568264821,2.6479,28720,100.48,0.4,2,3.8,39900,99.86,7221.6,2148114.7,59.63,63.38,64.86,1184.37,5771026,7220
2015,5,99.75,98.47,99.63,101.13,100.66,0,96.21,102.86,102.21,100.11,100.95,101.97,101.92,100,99.75,99.75,99.48,99.48,99.48,99.85,100.17,100.17,99.79,99.79,1663206.6,1465.0568264821,2.6479,28720,100.5,0.4,2,3.8,39433,99.27,7958.8,2166741.1,60.3,61.37,63.89,1190.55,5771026,7220
2015,6,99.75,101.06,100.6,99.47,97.8,0,94.21,103.4,102.21,100.11,100.04,104.69,102.23,100,99.46,99.46,99.48,99.48,99.48,99.45,97.02,97.02,99.91,99.91,1663206.6,1465.0568264821,2.6479,28720,100.92,0.4,2,3.8,38800,98.28,11546.2,2179561.1,59.47,60.91,61.36,1172.42,5771026,7220
2015,7,100.33,98.74,103.21,99.85,95.62,0,96.56,100.18,95.82,100.11,96.95,103.83,101.93,100,101.25,101.25,99.48,99.48,99.48,101.9,103.03,103.03,101.68,101.68,1663206.6,1465.0568264821,2.6479,28720,100.89,1.5,3.3,3.5,38800,100.41,9367.2,2200510.9,47.12,53.13,50.57,1095.82,5771026,7220
2015,8,100.33,96.08,100.48,99.29,96.98,0,105.59,98.36,94.18,100.11,91.41,98.84,101.04,100,100.19,100.19,103.24,103.24,103.24,99.09,99.01,99.01,99.11,99.11,1663206.6,1465.0568264821,2.6479,28720,100.47,1.5,3.3,3.5,38800,100.78,8119.4,2218660.3,49.2,48.22,51.28,1134.81,5771026,7220
2015,9,100.33,96.89,96.46,98.34,97.27,0,113.12,96.42,92.71,99.86,91.86,96.4,99.13,100,101.35,101.35,103.24,103.24,103.24,100.67,106.58,106.58,99.54,99.54,1663206.6,1465.0568264821,2.6479,28720,99.58,1.5,3.3,3.5,39015,100.65,10600.3,2230000.7,45.09,44.04,47.13,1115.07,5771026,7220
2015,10,100.33,96.51,96.7,95.48,96.23,0,105.68,96.35,96.78,99.74,91.86,95.84,98.75,100,99.01,99.01,96.89,96.89,96.89,99.78,107.58,107.58,98.29,98.29,1663206.6,1465.0568264821,2.6479,28720,98.21,0.7,3.4,2.4,37914,101.32,9561,2232432,46.59,45.61,47.62,1142.16,5771026,7220
2015,11,100.33,95.86,94.43,97.52,95.14,0,109.4,91.37,98.8,99.74,96.93,94.18,97.02,100,97.54,97.54,95.85,95.85,95.85,98.16,101.53,101.53,97.51,97.51,1663206.6,1465.0568264821,2.6479,28720,97.89,0.7,3.4,2.4,36048,100.41,9727.7,2242848.2,41.65,39.67,42.82,1064.77,5771026,7220
2015,12,96.16,92.9,93.36,95.23,94.56,0,103.02,93.22,96.82,99.74,96.69,94.22,90.21,100,97.16,97.16,102.05,102.05,102.05,95.39,97.56,97.56,94.97,94.97,1663206.6,1465.0568264821,2.6479,28720,97.71,0.7,3.4,2.4,35510,98.58,8042.5,2246070.1,37.04,32.13,35.75,1061.42,5771026,7220
2016,1,96.16,93.5,92,96.37,92.59,0,102.94,96.64,95.8,99.38,99.04,94.75,89.08,100,99.7,99.7,97.35,97.35,97.35,100.35,103.53,103.53,99.77,99.77,1747143.5,1502.0144901379,3.0043,29330,97.27,0.3,2.8,2,35200,95.09,7317.4,2261356.4,33.62,29.5,33.2,1118.17,5624607,7223
2016,2,96.23,91.99,91.37,93.17,92.85,0,105.16,96.2,96.33,99.38,99.11,96.46,82.78,100,99.49,99.49,89.87,89.87,89.87,102.56,103.32,103.32,102.37,102.37,1747143.5,1502.0144901379,3.0043,29330,96.87,0.3,2.8,2,35200,97.2,7927.5,2285313.5,33.75,29.81,35.94,1238.74,5624607,7223
2016,3,93.61,90.16,88.15,96.83,92.41,0,108.25,92.93,96.33,99.38,104.03,96.98,79.49,111.44,104.97,104.97,94.66,94.66,94.66,108.26,106.76,106.76,108.43,108.43,1747143.5,1502.0144901379,3.0043,29330,96.39,0.3,2.8,2,35200,98.97,11122.8,2294544.7,38.34,34.86,38.72,1232.7,5624607,7223
2016,4,93.61,91.65,92.3,96.34,93.55,0,117.3,95.65,96.33,99.74,101.63,101.52,81.47,111.44,107.13,107.13,95.81,95.81,95.81,110.76,104.08,104.08,111.77,111.77,1747143.5,1502.0144901379,3.0043,29330,96.34,1.1,3.6,1.9,35200,96.91,4184.3,2299081.3,45.92,44.17,46.36,1292.99,5624607,7223
2016,5,90.42,94.12,97.07,96.17,96.17,0,118.35,98.85,96.58,99.74,101.63,104.83,82.47,111.44,108.27,108.27,95.32,95.32,95.32,112.44,102.14,102.14,114.04,114.04,1747143.5,1502.0144901379,3.0043,29330,97.09,1.1,3.6,1.9,35200,94.07,10491,2312801.2,49.1,46.16,48.31,1215.33,5624607,7223
2016,6,90.35,97.06,100.24,95.62,98.41,0,117.18,100.99,96.61,108.37,104.41,105.5,83.1,111.44,109.24,109.24,95.8,95.8,95.8,113.57,110.41,110.41,114.01,114.01,1747143.5,1502.0144901379,3.0043,29330,97.47,1.1,3.6,1.9,35200,93.1,12409.7,2334256.2,48.33,46.83,48.42,1322.2,5624607,7223
2016,7,91.15,93.25,101.55,95.77,98.13,0,115.82,100.11,97.61,108.37,105.06,106.35,81.9,111.44,109.71,109.71,95.8,95.8,95.8,114.2,112.09,112.09,114.47,114.47,1747143.5,1502.0144901379,3.0043,29330,97.09,0.5,2.8,1.6,35200,91.29,8831.8,2352245.1,41.6,38.68,41.01,1351,5624607,7223
2016,8,91.15,93.83,98.74,97.54,100.67,0,130.47,98.82,105.16,108.37,116.64,107.33,81.71,111.44,119.64,119.64,118.09,118.09,118.09,119.98,116.51,116.51,120.47,120.47,1747143.5,1502.0144901379,3.0043,29330,96.57,0.5,2.8,1.6,35041,92.8,5410.1,2377323.1,44.7,44.83,46.18,1308.97,5624607,7223
2016,9,90.31,93.68,101.4,98.68,103.49,0,116.82,101.1,109.52,108.37,121.26,105.37,83.16,111.29,109.61,109.61,103.54,103.54,103.54,111.47,116.58,116.58,110.57,110.57,1747143.5,1502.0144901379,3.0043,29330,96.81,0.5,2.8,1.6,32905,90.15,7517.5,2383040.5,48.24,45.37,47.71,1315.75,5624607,7223
2016,10,90.31,93.18,100.78,96.73,104.4,0,127.49,100.97,116.67,108.37,129.57,103.17,83.83,110.99,111.45,111.45,93.63,93.63,93.63,117.24,117.68,117.68,117.09,117.09,1747143.5,1502.0144901379,3.0043,29330,97.44,0.6,2.6,2.4,29360,89.98,7476.8,2391059.2,46.86,45.83,46.69,1277.3,5624607,7223
2016,11,90.31,92.51,101.71,101.65,102.69,0,116.33,102.09,116.95,108.37,123.3,102.51,82.12,110.36,110.35,110.35,87.84,87.84,87.84,117.71,113.54,113.54,118.32,118.32,1747143.5,1502.0144901379,3.0043,29330,98.91,0.6,2.6,2.4,30400,89.14,7873.3,2406393.5,49.44,45.67,49.86,1173.25,5624607,7223
2016,12,89.81,91.3,101.9,99.82,101.31,0,107.73,105.17,116.14,106.57,123.16,102.59,82.15,109.97,112.69,112.69,101.41,101.41,101.41,116.3,105.64,105.64,117.95,117.95,1747143.5,1502.0144901379,3.0043,29330,99.89,0.6,2.6,2.4,30400,88.12,7361.5,2414040.9,53.72,53.99,55.41,1152.27,5624607,7223
2017,1,89.81,92.93,102.89,99.45,99.91,0,111.68,105.47,117.92,104.51,135.77,103.48,82.38,110.26,109.98,109.98,92.98,92.98,92.98,115.49,110.97,110.97,115.83,115.83,1843180.9,1556.0235879828,3.2045,30300,101.8,1,3.1,1.6,30035,85.71,3401.7,2417807.6,52.81,53,54.68,1210.65,5285551,7003
2017,2,89.81,94.85,101,95.28,98.86,0,112.82,106.02,114.25,104.51,139.02,100.42,83.98,110.39,112.4,112.4,92.39,92.39,92.39,118.9,112.73,112.73,119.58,119.58,1843180.9,1556.0235879828,3.2045,30300,101.68,1,3.1,1.6,29800,86.13,7438.6,2420285.6,54.01,54.15,55.56,1248.33,5285551,7003
2017,3,90.65,93.86,98.46,95.87,100.18,0,118.32,106.61,109.94,104.51,139.49,96.35,84.8,110.19,113.76,113.76,96.28,96.28,96.28,119.43,107.16,107.16,121.41,121.41,1843180.9,1556.0235879828,3.2045,30300,101.68,1,3.1,1.6,29800,84.41,5140.3,2436994.7,50.6,51.02,52.71,1249.35,5285551,7003
2017,4,90.65,91.14,95.09,98.8,99.28,0,121.39,105.7,109.42,102.25,134.31,96.25,85.66,110.18,115.31,115.31,93.7,93.7,93.7,122.35,113.68,113.68,123.55,123.55,1843180.9,1556.0235879828,3.2045,30300,101.25,0.7,2.8,1.7,29800,81.5,3184,2450220.9,49.33,50.19,50.88,1268.29,5285551,7003
2017,5,89.4,90.74,95.24,97.62,100.1,0,103.36,104.48,112.15,100.54,135.79,97.38,84.61,110.2,121.07,121.07,107.4,107.4,107.4,125.46,111.77,111.77,127.72,127.72,1843180.9,1556.0235879828,3.2045,30300,101.02,0.7,2.8,1.7,29800,82.82,4262.1,2454386.7,48.32,49.48,50.08,1268.94,5285551,7003
2017,6,89.4,90.79,93.1,98.67,99.59,0,109.71,102.86,111.55,100.54,128.47,95.26,83.22,110.63,123.09,123.09,107.4,107.4,107.4,128.15,113.4,113.4,130.62,130.62,1843180.9,1556.0235879828,3.2045,30300,100.61,0.7,2.8,1.7,29805,82.63,7008.9,2470861.1,46.04,46.6,48.23,1241.55,5285551,7003
2017,7,89.4,95.33,97.95,97.75,98.3,0,105.85,100.91,112.07,100.54,130.66,95.73,84.26,110.78,123.06,123.06,107.4,107.4,107.4,128.11,110.25,110.25,131.25,131.25,1843180.9,1556.0235879828,3.2045,30300,100.39,1.5,3.9,3.7,29962,85.18,7467.4,2472110.4,50.17,51.09,52.17,1269.43,5285551,7003
2017,8,89.05,93.22,95.87,99.73,96.88,0,106.59,99.05,111.08,100.54,130.66,96.79,84.19,111.28,124.51,124.51,100.26,100.26,100.26,132.42,112.06,112.06,136.07,136.07,1843180.9,1556.0235879828,3.2045,30300,100.72,1.5,3.9,3.7,30618,85.31,6139.4,2485629.9,47.23,49.67,52.41,1321.4,5285551,7003
2017,9,89.05,93.5,95.51,97.11,96.56,0,100.56,99.64,111.08,100.54,130.66,97.32,84.75,111.94,126.24,126.24,102.74,102.74,102.74,133.9,115.68,115.68,137.09,137.09,1843180.9,1556.0235879828,3.2045,30300,101.66,1.5,3.9,3.7,31986,89.71,12337.7,2492388.2,51.67,55.82,56.53,1280.15,5285551,7003
2017,10,89.05,93,98.51,96.32,98.66,0,104.53,99.82,111.35,101.46,113.12,96.77,85.73,111.67,123.35,123.35,93.73,93.73,93.73,133.04,116.48,116.48,135.87,135.87,1843180.9,1556.0235879828,3.2045,30300,102.11,-0.3,2.9,1.9,34944,94.31,6890,2504594.2,54.38,58.79,60.94,1271.08,5285551,7003
2017,11,95.76,93.08,97.8,106.88,98.09,0,106.32,99.82,110.48,103.79,109.28,96.95,86.38,111.61,121.14,121.14,88.06,88.06,88.06,132,120.98,120.98,133.64,133.64,1843180.9,1556.0235879828,3.2045,30300,101.75,-0.3,2.9,1.9,36241,94.62,7474.3,2521786.3,57.4,60.86,62.78,1274.94,5285551,7003
2017,12,96.46,93.47,96.89,108.1,98.4,100,113.3,100.42,98.27,103.79,107.2,96.29,85.98,111.75,120.99,120.99,97.6,97.6,97.6,128.62,117.23,117.23,130.36,130.36,1843180.9,1556.0235879828,3.2045,30300,101.91,-0.3,2.9,1.9,37032,94.39,4486.5,2527641.3,60.42,63.77,66.82,1303.05,5285551,7003
2018,1,96.46,95.69,96.22,109.99,99.98,101.33,107.06,100.42,102.76,106.28,103.37,99.46,86.34,102.04,118.82,118.82,91.38,91.38,91.38,127.93,117.16,117.16,129.55,129.55,1905837.5,1689.2096252428,2.8973,32730,102.13,1.1,2.9,0.8,37733,94.93,2556.9,2551196,64.73,65.75,68.83,1345.15,5195437,7043
2018,2,96.46,98.57,99.15,111.17,100.86,103.64,107.47,101.69,103.03,106.28,102.2,105.16,86.5,102.72,117.52,117.52,94.66,94.66,94.66,124.98,116.23,116.23,126.21,126.21,1905837.5,1689.2096252428,2.8973,32730,103.2,1.1,2.9,0.8,39888,97.84,3226.7,2570764.6,61.64,63.29,64.46,1318.38,5195437,7043
2018,3,96.46,103.47,104.57,108.4,99.27,107.19,111.42,101.69,104.43,106.28,99.55,108.41,84.48,102.7,121.27,121.27,97.67,97.67,97.67,128.98,118.52,118.52,130.53,130.53,1905837.5,1689.2096252428,2.8973,32730,102.89,1.1,2.9,0.8,41366,99.64,5210.4,2578361.8,64.94,66.09,69.13,1325,5195437,7043
2018,4,96.46,103.88,106.42,119.09,98.16,106.92,113.14,102.44,105.93,105.76,97.57,109.91,81.65,102.85,120.42,120.42,97.67,97.67,97.67,127.84,113.65,113.65,130.13,130.13,1905837.5,1689.2096252428,2.8973,32730,102.92,0.6,3,1,42712,101.99,1490.4,2590840.7,68.57,70.73,74.87,1315.35,5195437,7043
2018,5,94.84,104.19,105.45,114.08,98.51,108.5,105.75,104.91,108.46,106.51,96.03,105.56,81.52,102.46,116.94,116.94,97.67,97.67,97.67,123.12,113.68,113.68,124.49,124.49,1905837.5,1689.2096252428,2.8973,32730,103.92,0.6,3,1,42570,103.06,8792.3,2600274.3,67.04,74.28,77.13,1298.52,5195437,7043
2018,6,94.84,103.23,100.07,111.35,97.18,120.14,97.18,108.4,108.46,106.86,95.8,100.83,81.75,101.94,115.87,115.87,97.67,97.67,97.67,121.67,111.12,111.12,123.28,123.28,1905837.5,1689.2096252428,2.8973,32730,104.67,0.6,3,1,42713,102.61,7980.1,2622268.3,74.15,75.56,78.6,1253.16,5195437,7043
2018,7,96.56,103.68,85.24,103.93,95.15,129.69,84.18,107.02,107.11,106.86,90.21,99.87,80.97,100.63,113.59,113.59,97.67,97.67,97.67,118.57,102.68,102.68,121.25,121.25,1905837.5,1689.2096252428,2.8973,32730,105.61,0.7,2.4,0.2,43756,104.08,8874.4,2637421.8,68.76,72.85,73.07,1224.09,5195437,7043
2018,8,97.22,102.97,86.15,105.95,94.55,126.84,83.71,107.55,107.39,114.36,87.8,94.98,77.55,99.98,117.86,117.86,110.7,110.7,110.7,119.68,107.5,107.5,121.61,121.61,1905837.5,1689.2096252428,2.8973,32730,105.85,0.7,2.4,0.2,44087,104.83,8581.2,2651503.4,69.8,75.16,77.15,1201.4,5195437,7043
2018,9,97.22,101.79,84.87,104.78,96.59,108.84,76.98,102.76,107.23,114.36,86.39,93.34,77.67,99.94,118.91,118.91,109.33,109.33,109.33,121.58,110.28,110.28,123.33,123.33,1905837.5,1689.2096252428,2.8973,32730,106.02,0.7,2.4,0.2,44525,106.98,11235.5,2652829.5,73.25,79.99,82.95,1192.5,5195437,7043
2018,10,97.22,101.49,87.11,103.44,97.28,108.18,79.28,104.06,102.6,117.33,89.21,92.81,77.89,99.61,117.4,117.4,109.33,109.33,109.33,119.54,113.31,113.31,120.3,120.3,1905837.5,1689.2096252428,2.8973,32730,106.29,0.8,3.3,0,46884,113.72,9473.6,2674506.5,65.31,74.9,73.86,1214.76,5195437,7043
2018,11,97.22,101.94,85.57,104.94,97.06,105.75,87.48,102.24,96.85,117.33,87.76,91.44,78.22,99.55,116.32,116.32,105.48,105.48,105.48,119.48,119.7,119.7,118.94,118.94,1905837.5,1689.2096252428,2.8973,32730,105.84,0.8,3.3,0,48041,115.18,5130.6,2692974.8,50.93,58.57,58.44,1222.5,5195437,7043
2018,12,96.5,101.56,84.08,103.24,96.19,100,92.99,101.36,97.36,117.33,87.68,92.48,78.55,99.77,120.64,120.64,123.76,123.76,123.76,118.75,115.96,115.96,118.82,118.82,1905837.5,1689.2096252428,2.8973,32730,104.21,0.8,3.3,0,47980,116.26,4914.4,2699882.3,45.41,52.35,53.17,1282.45,5195437,7043
2019,1,97,102.03,83.65,99.96,95.69,109.97,92.37,99.27,96.78,116.05,93.81,94.14,79.96,100.2,121.5,121.5,123.19,123.19,123.19,120.1,120.24,120.24,119.5,119.5,1941107.9,1747.1929907463,2.4917,33790,103.48,-0.2,1.9,-0.5,47807,116.02,2894.7,2716722,53.79,61.37,60.91,1321.2,5016083,6873
2019,2,97,99.9,81.42,99.9,95.93,113.94,88.53,99.27,106.2,116.05,93.26,93.57,79.72,100.48,118.15,118.15,117.08,117.08,117.08,117.75,118.41,118.41,117.04,117.04,1941107.9,1747.1929907463,2.4917,33790,103.52,-0.2,1.9,-0.5,47780,115.8,3308.2,2730481.9,57.22,65.64,65.79,1313.31,5016083,6873
2019,3,97,97.69,80.53,103.03,100.74,118.68,92.49,100.41,104.69,116.05,91.91,92.24,79.55,100.64,118.06,118.06,113.1,113.1,113.1,119.01,120.93,120.93,118,118,1941107.9,1747.1929907463,2.4917,33790,104.31,-0.2,1.9,-0.5,47798,115.4,4347,2752723.9,60.14,67.61,67.51,1292.3,5016083,6873
2019,4,97,97.04,79.87,105.35,102.76,126.21,86.05,100.41,104.69,116.05,92.26,90.55,82.3,100.62,115.66,115.66,113.1,113.1,113.1,115.78,114.92,114.92,115.42,115.42,1941107.9,1747.1929907463,2.4917,33790,104.87,1,2.3,-0.6,47675,115.32,-527.4,2763058,63.91,72.13,71.85,1283.55,5016083,6873
2019,5,97,100.62,77.77,113.17,102.2,129.5,82.85,99.79,104.69,116.05,90.37,93.16,82.16,99.86,113.7,113.7,113.1,113.1,113.1,113.16,112.5,112.5,112.76,112.76,1941107.9,1747.1929907463,2.4917,33790,105.95,1,2.3,-0.6,47580,116.11,4983.2,2771633,53.5,63.22,62.93,1305.45,5016083,6873
2019,6,98.8,102.97,84.25,108.8,101.37,129.5,87.14,99.79,104.69,117.46,91.99,93.65,81.83,99.66,112.65,112.65,113.1,113.1,113.1,111.76,115.18,115.18,110.44,110.44,1941107.9,1747.1929907463,2.4917,33790,105.38,1,2.3,-0.6,47443,115.74,6166.1,2799248,58.47,64.79,64.43,1409.45,5016083,6873
2019,7,98.8,101.21,83.87,103.85,98.84,125.4,86,99.79,102.62,117.85,91.11,93.15,86.14,99.83,112.55,112.55,113.1,113.1,113.1,111.59,115.41,115.41,110.19,110.19,1941107.9,1747.1929907463,2.4917,33790,104.74,0.4,2.1,-1.5,47380,115.51,6957.2,2811543.7,58.58,63.58,64.13,1413.9,5016083,6873
2019,8,98.8,97.18,83.63,106.71,98.53,114.14,92.61,105.7,104.55,116.29,90.66,93.8,86.7,98.93,111.64,111.64,113.1,113.1,113.1,110.39,114.84,114.84,108.85,108.85,1941107.9,1747.1929907463,2.4917,33790,105.64,0.4,2.1,-1.5,47369,115.24,4983.5,2832566.1,55.1,59.62,59.2,1520.3,5016083,6873
2019,9,99.1,97.95,85.2,105.22,101.4,99.78,91.36,112.95,104.55,118.42,89.67,94.51,87.32,98.68,111.45,111.45,110.48,110.48,110.48,111.06,114.74,114.74,109.68,109.68,1941107.9,1747.1929907463,2.4917,33790,105.17,0.4,2.1,-1.5,47001,115.35,8014.3,2853272,54.07,59.88,59.85,1472.38,5016083,6873
2019,10,97.26,99.98,88.15,98.89,103.95,100.94,85.28,112.95,105.07,119.37,89.21,96.4,86.95,98.76,108.47,108.47,107.18,107.18,107.18,108.21,114.73,114.73,106.2,106.2,1941107.9,1747.1929907463,2.4917,33790,104.75,1.3,2.6,-0.7,44666,114.47,8035.8,2874176.1,54.18,59.3,59.55,1512.93,5016083,6873
2019,11,96.88,100.16,86.34,102.21,108.24,104.04,85.89,114.05,105.07,119.99,90.61,99.44,87.03,99.11,107.84,107.84,104.81,104.81,104.81,108.17,114.52,114.52,106.21,106.21,1941107.9,1747.1929907463,2.4917,33790,104.17,1.3,2.6,-0.7,45262,114.44,5876.6,2901465.4,55.17,62.73,61.34,1463.94,5016083,6873
2019,12,96.5,102.01,85.85,99.31,103.81,105.1,88.89,114.05,106.37,119.37,91.7,104.4,86.95,99.13,109.77,109.77,109.48,109.48,109.48,109.14,114.29,114.29,107.45,107.45,1941107.9,1747.1929907463,2.4917,33790,104.52,1.3,2.6,-0.7,45450,113.73,4636.9,2912434.1,61.06,65.38,66.42,1517.27,5016083,6873
2020,1,96.85,103.02,85.69,98.28,101.09,111.43,92.13,114.05,107.5,120.22,93.57,99.9,87.03,99.54,110.98,110.98,109.48,109.48,109.48,110.73,114.56,114.56,109.39,109.39,1948020.7,1701.2531650283,-0.9967,32860,104.8,-1.3,1.5,-0.6,45600,114.49,583.7,2929009.2,51.56,57.58,56.33,1586.71,4713162,6488
2020,2,96.85,101.16,83.27,95.35,98.93,109.17,82.69,114.05,109.54,118.16,94.68,97.01,86.19,99.2,110.37,110.37,109.48,109.48,109.48,109.94,111.74,111.74,109.15,109.15,1948020.7,1701.2531650283,-0.9967,32860,105.14,-1.3,1.5,-0.6,45545,113.03,6407,2954603.8,44.76,48.64,50.02,1585.85,4713162,6488
2020,3,98.27,96.89,82.23,95.92,99.87,95.33,84.15,114.73,109.54,116.36,92.46,94.36,85.48,99.11,110.43,110.43,109.48,109.48,109.48,110.01,111.82,111.82,109.22,109.22,1948020.7,1701.2531650283,-0.9967,32860,104.02,-1.3,1.5,-0.6,45557,111.97,5939.8,2984304.3,20.48,23.26,21.47,1577.18,4713162,6488
2020,4,98.27,94.91,80.16,98.52,96.56,94.67,80.97,113.62,105.97,116.19,92.33,91.19,81.3,101.41,106.43,106.43,109.48,109.48,109.48,104.72,112.15,112.15,102.43,102.43,1948020.7,1701.2531650283,-0.9967,32860,101.7,-3.2,-2.6,1.3,45450,112.62,-3297.5,3015816.4,15.06,20.82,20.66,1713.4,4713162,6488
2020,5,98.27,96.15,80,105.19,97.19,92.7,85.74,114.95,103.18,116.65,97.33,92.21,80.66,101.23,106.02,106.02,109.48,109.48,109.48,104.16,115.07,115.07,100.94,100.94,1948020.7,1701.2531650283,-0.9967,32860,100.51,-3.2,-2.6,1.3,45414,111.12,2241.2,3046050.5,35.49,34.53,36.63,1730.27,4713162,6488
2020,6,98.63,96.58,83.26,105.94,94.99,90.7,96.79,111.71,99.12,116.17,94.64,95.58,81.05,101.38,107.08,107.08,109.48,109.48,109.48,105.58,115.24,115.24,102.69,102.69,1948020.7,1701.2531650283,-0.9967,32860,101.24,-3.2,-2.6,1.3,46435,113.64,7164.6,3077284.1,39.27,40.49,40.89,1780.96,4713162,6488
2020,7,98.63,99.04,86.12,99.76,93.4,85.04,94.13,111.71,101.09,116.95,92.12,99.24,79.87,101.76,108.63,108.63,109.48,109.48,109.48,107.63,115.86,115.86,105.12,105.12,1948020.7,1701.2531650283,-0.9967,32860,101.84,2.2,-1,2,46676,113.28,7025.4,3093300.1,40.27,42.02,42.81,1975.87,4713162,6488
2020,8,98.63,100.08,89.42,99.88,94.23,74.28,89.43,110.41,99.03,115.22,91.4,102.25,78.76,102.14,109.76,109.76,109.48,109.48,109.48,109.12,116.27,116.27,106.89,106.89,1948020.7,1701.2531650283,-0.9967,32860,102.11,2.2,-1,2,47370,114.8,6641.2,3100373.4,42.61,45.42,44.39,1967.81,4713162,6488
2020,9,101.68,108.91,97.3,103.07,100.1,72.71,82.93,110.41,99.56,115.63,92.15,109,79.29,102.74,108.52,108.52,109.48,109.48,109.48,107.48,118.66,118.66,104.17,104.17,1948020.7,1701.2531650283,-0.9967,32860,102.2,2.2,-1,2,48813,116.71,10335.3,3115238.9,39.29,40.99,40.28,1898.08,4713162,6488
2020,10,101.68,116.87,102.69,98.55,103.88,79.75,87.4,103.32,99.56,118.01,93.7,111.38,79.18,103.25,110.15,110.15,109.48,109.48,109.48,109.65,124.93,124.93,105.24,105.24,1948020.7,1701.2531650283,-0.9967,32860,101.24,1.1,-1.1,2.5,51216,123.47,11551.2,3152811.6,35.79,36.92,36.9,1878.81,4713162,6488
2020,11,101.68,117.32,106.74,99.58,105.44,81,89.34,96.42,99.56,120.03,96.31,118.02,78.45,103.81,111.93,111.93,109.48,109.48,109.48,112,127.63,127.63,107.49,107.49,1948020.7,1701.2531650283,-0.9967,32860,101.02,1.1,-1.1,2.5,53688,125.87,9176.7,3183500.9,45.34,46.55,47.17,1776.95,4713162,6488
2020,12,101.01,119.33,108.39,104.18,104.66,81,90.51,96.42,102.57,118.82,97.39,124.71,78.91,104.2,111.75,111.75,109.48,109.48,109.48,111.76,127.8,127.8,107.14,107.14,1948020.7,1701.2531650283,-0.9967,32860,101.78,1.1,-1.1,2.5,54240,126.26,11507.1,3197671.2,48.52,50.23,51.17,1898.36,4713162,6488
