"년","월","곡류_수입","맥류및잡곡_수입","콩류_수입","과실_수입","도축육_수입","가금육_수입","신선어류_수입","냉동수산물_수입","낙농품_수입","수산물가공품_수입","원당_수입","유지_수입","과실및채소가공품_수입","인삼및건강보조식품_수입","농림수산품_수출","농림수산품.1_수출","농산물_수출","채소및과실_수출","과실_수출","수산물_수출","신선수산물_수출","신선어류_수출","냉동건조수산물_수출","냉동수산물_수출"
"1971",1,0,40,30.64,0,0,0,0,0,0,0,23.51,23.17,0,0,12.28,12.28,25.53,23.18,0,10.6,10.65,10.65,13,12.38
"1971",10,0,40.1,30.58,0,0,0,0,0,0,0,25.33,21.47,0,0,12.19,12.19,25.68,23.18,0,10.39,10.13,10.13,12.92,12.31
"1971",11,0,40.1,30.58,0,0,0,0,0,0,0,25.33,21.1,0,0,12.08,12.08,25.68,23.18,0,10.2,9.65,9.65,12.83,12.23
"1971",12,0,40.1,30.58,0,0,0,0,0,0,0,25.03,21,0,0,11.97,11.97,25.61,23.18,0,10.04,9.34,9.34,12.72,12.12
"1971",2,0,40.19,30.64,0,0,0,0,0,0,0,23.51,22.79,0,0,12.14,12.14,25.53,23.18,0,10.37,10.07,10.07,12.9,12.29
"1971",3,0,40.65,30.91,0,0,0,0,0,0,0,23.51,21.85,0,0,12.34,12.34,25.53,23.18,0,10.71,10.86,10.86,13.06,12.45
"1971",4,0,40.65,30.91,0,0,0,0,0,0,0,23.51,22.42,0,0,12.83,12.83,25.53,23.18,0,11.55,12.98,12.98,13.38,12.75
"1971",5,0,41.59,30.91,0,0,0,0,0,0,0,23.51,22.51,0,0,12.52,12.52,25.53,23.18,0,11.02,11.67,11.67,13.17,12.55
"1971",6,0,40.24,30.91,0,0,0,0,0,0,0,25.33,22.7,0,0,13.01,13.01,25.53,23.18,0,11.86,13.76,13.76,13.49,12.86
"1971",7,0,40.27,30.91,0,0,0,0,0,0,0,25.33,22.23,0,0,12,12,25.68,23.18,0,10.06,9.34,9.34,12.77,12.16
"1971",8,0,39.72,30.91,0,0,0,0,0,0,0,25.33,21.57,0,0,11.96,11.96,25.68,23.18,0,10,9.16,9.16,12.76,12.15
"1971",9,0,40.1,30.91,0,0,0,0,0,0,0,25.33,21.76,0,0,12,12,25.68,23.18,0,10.07,9.33,9.33,12.79,12.18
"1972",1,0,41.39,30.58,0,0,0,0,0,0,0,42.92,19.87,0,0,12.43,12.43,25.09,20.49,0,11.05,11.55,11.55,13.29,12.66
"1972",10,0,39.81,33.2,0,0,0,0,0,0,0,37.92,20.72,0,0,12.71,12.71,24.98,20.49,0,11.57,11.32,11.32,14.36,13.68
"1972",11,0,41.57,33.2,0,0,0,0,0,0,0,37.92,21.1,0,0,12.75,12.75,24.98,20.49,0,11.63,11.04,11.04,14.62,13.93
"1972",12,0,41.28,32.53,0,0,0,0,0,0,0,37.01,21.85,0,0,12.76,12.76,24.83,20.42,0,11.71,11.28,11.28,14.64,13.95
"1972",2,0,41.51,30.58,0,0,0,0,0,0,0,42.92,20.15,0,0,12.66,12.66,25.09,20.49,0,11.44,12.52,12.52,13.45,12.82
"1972",3,0,39.78,29.16,0,0,0,0,0,0,0,42.92,19.77,0,0,12.58,12.58,25.09,20.49,0,11.3,12.17,12.17,13.4,12.76
"1972",4,0,39.78,29.16,0,0,0,0,0,0,0,42.92,18.64,0,0,12.91,12.91,25.16,20.49,0,11.83,13.48,13.48,13.61,12.97
"1972",5,0,39.78,29.16,0,0,0,0,0,0,0,42.92,18.36,0,0,12.94,12.94,25.87,20.49,0,11.6,12.9,12.9,13.52,12.88
"1972",6,0,40.32,29.16,0,0,0,0,0,0,0,37.92,19.02,0,0,13.6,13.6,24.98,20.49,0,13.09,16.51,16.51,14.16,13.49
"1972",7,0,40.21,29.16,0,0,0,0,0,0,0,37.92,19.11,0,0,12,12,24.98,20.49,0,10.35,9.76,9.76,13.05,12.43
"1972",8,0,40.18,29.16,0,0,0,0,0,0,0,37.92,18.83,0,0,12,12,24.98,20.49,0,10.35,9.76,9.76,13.05,12.43
"1972",9,0,39.92,33.2,0,0,0,0,0,0,0,37.92,20.06,0,0,12.74,12.74,24.98,20.49,0,11.63,12.29,12.29,13.91,13.26
"1973",1,0,41.42,32.53,0,0,0,0,0,0,0,36.4,21.85,0,0,13.82,13.82,27.11,19.37,0,12.6,12.08,12.08,15.76,15.02
"1973",10,0,80.79,57.05,0,0,0,0,0,0,0,52.33,42,0,0,14.85,14.85,27.26,19.37,0,14.3,11.96,11.96,19.21,18.3
"1973",11,0,81.51,69.44,0,0,0,0,0,0,0,55.21,40.87,0,0,15.35,15.35,27.4,19.37,0,15.1,12.75,12.75,19.98,19.04
"1973",12,0,86.81,69.44,0,0,0,0,0,0,0,63.4,42.66,0,0,15.89,15.89,27.2,19.27,0,16.12,13.77,13.77,21.08,20.09
"1973",2,0,43.07,32.53,0,0,0,0,0,0,0,36.86,21.94,0,0,14.44,14.44,27.11,19.37,0,13.67,11.92,11.92,17.17,16.35
"1973",3,0,45.62,52.6,0,0,0,0,0,0,0,39.89,26.24,0,0,14.91,14.91,27.11,19.37,0,14.47,12.96,12.96,18.12,17.26
"1973",4,0,46.04,52.6,0,0,0,0,0,0,0,39.74,28.03,0,0,14.56,14.56,27.11,19.37,0,13.87,13.33,13.33,17.42,16.6
"1973",5,0,47.88,52.6,0,0,0,0,0,0,0,42.32,34.73,0,0,14.25,14.25,27.11,19.37,0,13.34,12.21,12.21,17.42,16.6
"1973",6,0,56.63,57.05,0,0,0,0,0,0,0,42.32,42.76,0,0,14.4,14.4,27.11,19.37,0,13.59,12.17,12.17,17.66,16.82
"1973",7,0,63.73,57.05,0,0,0,0,0,0,0,42.32,45.82,0,0,14.3,14.3,27.26,19.37,0,13.36,11.58,11.58,16.24,15.47
"1973",8,0,66.3,57.05,0,0,0,0,0,0,0,48.54,56.07,0,0,15.04,15.04,27.26,19.37,0,14.63,14.29,14.29,17.18,16.37
"1973",9,0,68.15,57.05,0,0,0,0,0,0,0,48.54,43.61,0,0,14.64,14.64,27.26,19.37,0,13.95,12.83,12.83,17.67,16.84
"1974",1,0,85.06,69.44,0,0,0,0,0,0,0,86.3,47.1,0,0,17.12,17.12,31.36,22.95,0,16.52,15.37,15.37,21.18,20.18
"1974",10,0,87.34,72.47,0,0,0,0,0,0,0,245.57,43.98,0,0,15.67,15.67,31.36,22.95,0,14.03,14.09,14.09,17.3,16.48
"1974",11,0,86.5,72.47,0,0,0,0,0,0,0,225.09,39.83,0,0,15.2,15.2,31.36,22.95,0,13.23,14.09,14.09,16.11,15.34
"1974",12,0,86.55,72.47,0,0,0,0,0,0,0,225.09,33.74,0,0,15.26,15.26,31.33,22.95,0,13.34,12.25,12.25,16.6,15.81
"1974",2,0,86.01,69.44,0,0,0,0,0,0,0,83.42,53.75,0,0,17.15,17.15,31.36,22.95,0,16.57,17.21,17.21,18.83,17.94
"1974",3,0,82.95,69.44,0,0,0,0,0,0,0,102.69,57.39,0,0,16.7,16.7,31.36,22.95,0,15.79,15.21,15.21,19.43,18.51
"1974",4,0,82.07,69.44,0,0,0,0,0,0,0,108.45,54.74,0,0,16.96,16.96,31.36,22.95,0,16.24,16.04,16.04,19.89,18.95
"1974",5,0,83.6,69.44,0,0,0,0,0,0,0,109.51,52.76,0,0,16.35,16.35,31.36,22.95,0,15.2,14.96,14.96,18.95,18.06
"1974",6,0,87.93,69.44,0,0,0,0,0,0,0,124.83,46.58,0,0,15.47,15.47,31.36,22.95,0,13.69,13.55,13.55,16.57,15.78
"1974",7,0,87.54,58.12,0,0,0,0,0,0,0,130.9,46.77,0,0,15.4,15.4,31.22,22.95,0,13.62,14.17,14.17,16.08,15.32
"1974",8,0,81.22,58.12,0,0,0,0,0,0,0,173.82,46.58,0,0,15.99,15.99,31.22,22.95,0,14.64,14.17,14.17,16.19,15.43
"1974",9,0,82.97,58.12,0,0,0,0,0,0,0,204.61,43.04,0,0,16.17,16.17,31.22,22.95,0,14.95,14.09,14.09,16.9,16.1
"1975",1,0,86.62,72.46,0,0,0,0,12.27,0,0,229.47,32.71,0,0,16.1,16.1,35.45,21.1,0,13.44,12.39,12.39,16.52,15.57
"1975",10,0,66.33,48.91,0,0,0,0,12.27,0,0,70.89,38.05,0,0,19.08,19.08,39.11,22.22,0,16.41,19.03,19.03,19.7,18.91
"1975",11,0,65.75,48.91,0,0,0,0,12.27,0,0,70.89,38.05,0,0,21.19,21.19,38.72,22.22,0,18.98,19.03,19.03,23.2,22.59
"1975",12,0,60.5,48.91,0,0,0,0,12.27,0,0,70.89,38.05,0,0,22.4,22.4,38.82,22.22,0,20.42,19.03,19.03,25.3,24.79
"1975",2,0,86.67,72.46,0,0,0,0,12.27,0,0,229.47,31.68,0,0,15.06,15.06,35.54,21.1,0,12.18,12.39,12.39,14.59,13.53
"1975",3,0,74.5,72.46,0,0,0,0,12.27,0,0,229.47,31.57,0,0,15.04,15.04,35.87,21.1,0,12.1,12.39,12.39,14.59,13.53
"1975",4,0,60.75,72.46,0,0,0,0,12.27,0,0,191.91,36.83,0,0,15.44,15.44,36.02,21.1,0,12.55,12.27,12.27,15.26,14.24
"1975",5,0,58.73,72.46,0,0,0,0,12.27,0,0,137.96,37.2,0,0,15.42,15.42,36.37,21.1,0,12.47,12.09,12.09,15.16,14.24
"1975",6,0,52.87,48.91,0,0,0,0,12.27,0,0,137.96,36.91,0,0,16.41,16.41,36.72,21.1,0,13.6,12.09,12.09,16.99,16.12
"1975",7,0,55.6,48.91,0,0,0,0,12.27,0,0,114.1,38.19,0,0,17.4,17.4,37.19,21.1,0,14.71,14.63,14.63,18.03,17.17
"1975",8,0,59.65,37.17,0,0,0,0,12.27,0,0,110.85,41.17,0,0,17.96,17.96,37.69,21.1,0,15.3,14.63,14.63,18.81,17.97
"1975",9,0,66.57,48.91,0,0,0,0,12.27,0,0,100.12,41.17,0,0,18.98,18.98,38.23,22.22,0,16.43,19.03,19.03,19.49,18.69
"1976",1,0,59.72,48.91,0,0,0,0,14.46,0,0,73.01,38.05,0,0,22.56,22.56,39.26,23.12,0,20.54,19.03,19.03,25.47,24.8
"1976",10,0,56.44,65,0,0,0,0,14.46,0,0,76.11,38.82,0,0,27.07,27.07,41.9,28.25,0,25.49,18.36,18.36,32.51,32.1
"1976",11,0,54.71,60.48,0,0,0,0,14.46,0,0,76.11,38.82,0,0,27.1,27.1,41.66,28.25,0,25.56,18.36,18.36,32.79,32.4
"1976",12,0,53.85,61.13,0,0,0,0,14.46,0,0,76.11,38.82,0,0,27.15,27.15,40.62,28.25,0,25.79,19.14,19.14,33.12,32.75
"1976",2,0,56.93,48.91,0,0,0,0,14.46,0,0,73.01,38.05,0,0,22.65,22.65,40.72,24.92,0,20.4,18.49,18.49,25.34,24.66
"1976",3,0,57.06,47.97,0,0,0,0,14.46,0,0,73.01,38.05,0,0,23.1,23.1,41.96,26.57,0,20.74,18.41,18.41,25.85,25.2
"1976",4,0,57.71,46.04,0,0,0,0,14.46,0,0,73.01,38.05,0,0,23.48,23.48,42.31,27.39,0,21.14,15.15,15.15,26.98,26.39
"1976",5,0,57.06,46.86,0,0,0,0,14.46,0,0,73.01,37.31,0,0,24.4,24.4,42.42,27.39,0,22.22,15.15,15.15,28.8,28.3
"1976",6,0,57.12,36.7,0,0,0,0,14.46,0,0,73.01,36.94,0,0,24.2,24.2,42.36,27.39,0,21.99,15.27,15.27,28.49,27.98
"1976",7,0,58.14,56.66,0,0,0,0,14.46,0,0,73.01,38.3,0,0,24.85,24.85,41.81,27.39,0,22.85,15.72,15.72,29.59,29.03
"1976",8,0,57.74,60.77,0,0,0,0,14.46,0,0,76.11,41.47,0,0,25.26,25.26,42.12,28.25,0,23.29,15.95,15.95,30.18,29.66
"1976",9,0,57.73,66.65,0,0,0,0,14.46,0,0,76.11,41.47,0,0,26.42,26.42,41.97,28.25,0,24.71,17.57,17.57,31.7,31.25
"1977",1,0,53.6,61.77,0,0,0,0,14.46,0,0,76.11,39.44,0,0,28.26,28.26,41.67,28.25,0,26.95,19.56,19.56,34.75,34.46
"1977",10,0,40.67,49.74,0,0,0,0,17,0,0,54.23,41.25,0,0,26.99,26.99,48.76,33.98,0,24.27,19.55,19.55,30.04,29.52
"1977",11,0,41.28,49.74,0,0,0,0,17,0,0,54.23,41.25,0,0,27.37,27.37,48.76,33.98,0,24.72,19.67,19.67,30.69,30.19
"1977",12,0,44.49,55.31,0,0,0,0,17,0,0,54.23,38.41,0,0,27.17,27.17,48.76,33.98,0,24.49,19.67,19.67,30.34,29.83
"1977",2,0,53.96,65.12,0,0,0,0,14.46,0,0,61.57,39.74,0,0,28.94,28.94,41.67,28.25,0,27.77,20.17,20.17,35.86,35.62
"1977",3,0,53.96,74.1,0,0,0,0,14.46,0,0,54.23,39.74,0,0,27.34,27.34,42.72,28.25,0,25.68,21.14,21.14,32.55,32.15
"1977",4,0,53.96,87.55,0,0,0,0,14.46,0,0,54.23,44.19,0,0,25.76,25.76,43.3,28.25,0,23.69,21.09,21.09,29.39,28.83
"1977",5,0,52.71,92.25,0,0,0,0,14.46,0,0,54.23,45.66,0,0,25.55,25.55,43.3,28.25,0,23.45,21.09,21.09,29.04,28.46
"1977",6,0,52.47,92.25,0,0,0,0,14.46,0,0,54.23,48.64,0,0,25.79,25.79,43.32,28.25,0,23.73,21.31,21.31,29.27,28.7
"1977",7,0,47.6,80.56,0,0,0,0,14.46,0,0,54.23,45.29,0,0,25.96,25.96,47.97,32.01,0,23.17,19.19,19.19,29.03,28.45
"1977",8,0,47.6,80.56,0,0,0,0,17,0,0,54.23,45.29,0,0,26.45,26.45,47.81,32.01,0,23.79,19.19,19.19,29.75,29.21
"1977",9,0,45.97,51.03,0,0,0,0,17,0,0,54.23,41.25,0,0,27.42,27.42,48.76,33.98,0,24.78,21.12,21.12,30.41,29.9
"1978",1,0,46.4,55.31,0,0,0,0,17,0,0,54.23,40.77,0,0,27.32,27.32,48.76,33.98,0,24.67,22.05,22.05,30.31,29.79
"1978",10,0,52.82,63.71,0,0,0,0,34.61,0,0,56.34,48.86,0,0,29.37,29.37,47.69,31.77,0,27.29,23.04,23.04,32.92,32.54
"1978",11,0,54.51,62.3,0,0,0,0,34.61,0,0,58.46,56.22,0,0,29.78,29.78,47.69,31.77,0,27.78,23.04,23.04,33.62,33.28
"1978",12,0,54.26,63.3,0,0,0,0,34.61,0,0,58.46,56.22,0,0,29.78,29.78,47.69,31.77,0,27.78,23.04,23.04,33.62,33.28
"1978",2,0,48.59,53.49,0,0,0,0,17,0,0,54.23,40.77,0,0,27.96,27.96,48.1,32.61,0,25.54,24.72,24.72,31.2,30.73
"1978",3,0,48.81,53.49,0,0,0,0,17,0,0,54.23,40.77,0,0,28.09,28.09,48.1,32.61,0,25.69,24.72,24.72,31.42,30.96
"1978",4,0,52.03,53.49,0,0,0,0,31.46,0,0,54.23,40.77,0,0,27.58,27.58,47.69,31.77,0,25.16,24.41,24.41,30.69,30.19
"1978",5,0,53.12,53.49,0,0,0,0,34.61,0,0,54.23,43.9,0,0,27.7,27.7,47.69,31.77,0,25.29,21.85,21.85,31.22,30.76
"1978",6,0,53.12,53.49,0,0,0,0,34.61,0,0,54.23,48.86,0,0,28.13,28.13,47.69,31.77,0,25.81,20.57,20.57,32.15,31.73
"1978",7,0,53.05,64.88,0,0,0,0,34.61,0,0,54.79,48.86,0,0,28.1,28.1,47.69,31.77,0,25.77,21.22,21.22,32.01,31.58
"1978",8,0,50.75,57.43,0,0,0,0,34.61,0,0,54.79,48.86,0,0,29.06,29.06,47.69,31.77,0,26.92,21.22,21.22,32.74,32.35
"1978",9,0,50.75,59.48,0,0,0,0,34.61,0,0,56.34,48.86,0,0,29.3,29.3,47.69,31.77,0,27.2,23.04,23.04,32.92,32.54
"1979",1,0,55.23,63.3,0,0,0,0,34.61,0,0,58.46,57.14,0,0,29.8,29.8,47.69,31.77,0,27.81,23.04,23.04,33.62,33.28
"1979",10,0,65.22,73.69,0,0,0,0,38.07,0,0,66.37,61.59,0,0,31.99,31.99,51.65,35.29,0,29.78,31.09,31.09,35.15,34.89
"1979",11,0,65.85,67.88,0,0,0,0,38.07,0,0,74.7,59.61,0,0,31.85,31.85,50.59,35.29,0,29.78,31.09,31.09,35.15,34.89
"1979",12,0,67.49,67.88,0,0,0,0,38.07,0,0,81.34,59.61,0,0,32.27,32.27,50.59,35.29,0,30.28,26.79,26.79,36.46,36.26
"1979",2,0,55.23,66.06,0,0,0,0,34.61,0,0,58.46,57.14,0,0,30.2,30.2,47.69,31.77,0,28.28,24.35,24.35,34.14,33.82
"1979",3,0,55.23,70.29,0,0,0,0,34.61,0,0,58.46,61.67,0,0,30.79,30.79,47.69,31.77,0,28.98,32.29,32.29,34.14,33.82
"1979",4,0,55.23,70.29,0,0,0,0,34.61,0,0,58.46,67,0,0,30.21,30.21,47.69,31.77,0,28.29,24.76,24.76,34.14,33.82
"1979",5,0,56.83,70.29,0,0,0,0,38.07,0,0,58.46,67,0,0,30.03,30.03,46.39,29.09,0,28.29,24.76,24.76,34.14,33.82
"1979",6,0,60.55,70.29,0,0,0,0,38.07,0,0,58.46,67,0,0,29.6,29.6,46.39,29.09,0,27.77,22.2,22.2,34.01,33.69
"1979",7,0,72.31,73.69,0,0,0,0,38.07,0,0,58.46,61.59,0,0,29.86,29.86,46.39,29.09,0,28.09,22.2,22.2,34.01,33.69
"1979",8,0,68.56,73.69,0,0,0,0,38.07,0,0,62.56,61.59,0,0,31.26,31.26,51.65,35.29,0,28.9,31.09,31.09,34.01,33.69
"1979",9,0,65.22,73.69,0,0,0,0,38.07,0,0,62.56,61.59,0,0,31.99,31.99,51.65,35.29,0,29.78,31.09,31.09,35.15,34.89
"1980",1,0,66.62,63.58,0,29.5,0,0,29.09,0,0,84.7,59.61,0,0,32.6,32.6,46.47,27.47,54.86,31.3,27.84,27.84,37.59,37.59
"1980",10,0,74.33,79.46,0,32.08,0,0,36.68,0,0,171.69,49.23,0,0,32.86,32.86,51.19,34.64,54.86,30.89,23.47,23.47,38.29,38.29
"1980",11,0,80.67,82.46,0,33.52,0,0,36.68,0,0,178.4,49.88,0,0,34.18,34.18,53.66,38.99,59.31,32.06,23.47,23.47,39.92,39.92
"1980",12,0,77.53,82.46,0,33.52,0,0,36.68,0,0,178.4,50.97,0,0,35.44,35.44,56.09,42.4,59.31,33.17,25.07,25.07,41.23,41.23
"1980",2,0,66.62,63.58,0,26.57,0,0,29.09,0,0,99.41,59.4,0,0,33.66,33.66,48.65,31.31,54.86,32.22,30.9,30.9,38.43,38.43
"1980",3,0,65.8,65.68,0,26.57,0,0,29.09,0,0,99.41,58.66,0,0,33.24,33.24,46.81,28.07,54.86,32.01,30.9,30.9,38.13,38.13
"1980",4,0,63.01,62.67,0,26.57,0,0,28.99,0,0,117.98,50.55,0,0,32.73,32.73,51.06,34.97,54.86,30.76,22.98,22.98,37.54,37.54
"1980",5,0,62.27,62.67,0,26.57,0,0,30.01,0,0,161.4,50.36,0,0,32.18,32.18,50.38,33.79,54.86,30.21,20.82,20.82,37.72,37.72
"1980",6,0,63.82,61.97,0,26.57,0,0,28.04,0,0,161.4,50.34,0,0,32.36,32.36,55.25,42.35,54.86,29.67,19.69,19.69,37.14,37.14
"1980",7,0,68.28,66.03,0,26.57,0,0,36.68,0,0,143.55,50.47,0,0,32.47,32.47,55.71,43.16,54.86,29.73,19.55,19.55,37.25,37.25
"1980",8,0,72.6,72.74,0,26.57,0,0,36.68,0,0,153.41,49.96,0,0,32.39,32.39,53.46,38.63,54.86,29.99,18.66,18.66,37.73,37.73
"1980",9,0,74.2,76.1,0,27.97,0,0,36.68,0,0,164.26,49.41,0,0,32.16,32.16,53.12,38.03,54.86,29.77,18.66,18.66,37.43,37.43
"1981",1,0,77.53,82.46,0,33.52,0,0,36.68,0,0,173.4,48.87,0,0,35.18,35.18,53.83,38.43,59.31,33.21,26.97,26.97,41.17,41.17
"1981",10,0,62.4,66.8,0,29.17,0,0,32.67,0,0,108.56,52.13,0,0,35.35,35.35,54.08,38.85,43.02,33.38,25,25,42.03,42.03
"1981",11,0,60.23,63.93,0,30.05,0,0,32.67,0,0,108.56,50.14,0,0,35.97,35.97,54.08,38.85,43.02,34.11,26.36,26.36,42.85,42.85
"1981",12,0,58.28,63.93,0,30.05,0,0,32.67,0,0,108.56,49,0,0,35.31,35.31,54.08,38.85,43.02,33.33,20.79,20.79,42.57,42.57
"1981",2,0,77.53,82.46,0,33.52,0,0,36.68,0,0,173.4,49.73,0,0,36,36,53.16,37.24,59.31,34.28,26.97,26.97,42.65,42.65
"1981",3,0,73.98,82.46,0,33.66,0,0,36.68,0,0,159.98,49.21,0,0,36.51,36.51,57.19,44.33,59.31,34.27,24.77,24.77,42.95,42.95
"1981",4,0,74.75,75.47,0,33.66,0,0,34.05,0,0,151.12,49.21,0,0,36.31,36.31,58.02,45.8,59.31,33.9,24.77,24.77,42.44,42.44
"1981",5,0,72.83,74.98,0,33.96,0,0,34.05,0,0,128.27,49.61,0,0,35.91,35.91,57.69,45.22,59.31,33.48,18.56,18.56,42.76,42.76
"1981",6,0,68.16,74.98,0,29.91,0,0,34.05,0,0,128.27,52.47,0,0,35.77,35.77,58.7,46.99,59.31,33.16,18.56,18.56,42.31,42.31
"1981",7,0,65.21,72.74,0,29.6,0,0,34.05,0,0,128.27,51.46,0,0,35.86,35.86,59.13,47.76,59.31,33.2,18.56,18.56,42.37,42.37
"1981",8,0,66.3,72.74,0,29.51,0,0,33.36,0,0,113.55,48.66,0,0,35.34,35.34,53.4,37.66,59.31,33.47,18.56,18.56,42.74,42.74
"1981",9,0,62.9,72.74,0,29.17,0,0,33.69,0,0,108.56,50.12,0,0,35.01,35.01,54.42,39.45,43.02,32.93,20.63,20.63,42.03,42.03
"1982",1,0,59.55,66.8,0,31.11,0,0,32.67,0,0,108.56,49,0,0,35.71,35.71,57.87,38.85,43.02,33.22,20.79,20.79,42.41,42.41
"1982",10,0,56.24,52.95,0,31.41,0,0,32.67,0,0,85.27,43.6,0,0,35.53,35.53,57.87,38.85,43.02,33.01,16.45,16.45,42.54,42.54
"1982",11,0,56.36,54.28,0,31.41,0,0,32.67,0,0,85.27,43.6,0,0,32.72,32.72,57.87,38.85,43.02,29.68,16.45,16.45,37.93,37.93
"1982",12,0,56.33,54.28,0,31.41,0,0,32.67,0,0,85.27,40.08,0,0,32.6,32.6,57.87,38.85,43.02,29.55,16.45,16.45,37.74,37.74
"1982",2,0,59.14,66.8,0,31.27,0,0,32.67,0,0,108.56,45.58,0,0,35.45,35.45,57.87,38.85,43.02,32.91,18.4,18.4,42.33,42.33
"1982",3,0,58.66,66.8,0,31.27,0,0,32.67,0,0,102.56,46.17,0,0,35.6,35.6,57.87,38.85,43.02,33.09,18.4,18.4,42.58,42.58
"1982",4,0,60.21,62.6,0,31.27,0,0,32.67,0,0,102.56,46.17,0,0,35.15,35.15,57.87,38.85,43.02,32.55,16.45,16.45,42.12,42.12
"1982",5,0,60.21,62.6,0,31.27,0,0,32.67,0,0,102.56,46.17,0,0,34.62,34.62,57.87,38.85,43.02,31.93,16.45,16.45,41.25,41.25
"1982",6,0,59.17,60.92,0,31.27,0,0,32.67,0,0,93.84,46.17,0,0,34.46,34.46,57.87,38.85,43.02,31.74,16.45,16.45,40.99,40.99
"1982",7,0,58.25,58.96,0,31.11,0,0,32.67,0,0,93.84,46.17,0,0,34.53,34.53,57.87,38.85,43.02,31.82,16.45,16.45,41.1,41.1
"1982",8,0,55.93,56.66,0,31.02,0,0,32.67,0,0,93.84,43.6,0,0,34.96,34.96,57.87,38.85,43.02,32.33,16.45,16.45,41.63,41.63
"1982",9,0,56.24,56.66,0,31.23,0,0,32.67,0,0,85.27,43.6,0,0,34.92,34.92,57.36,37.94,39.74,32.36,16.45,16.45,41.65,41.65
"1983",1,0,56.76,54.28,0,31.41,0,0,32.67,0,0,85.27,40.08,0,0,32.99,32.99,60.87,38.85,43.02,29.55,16.45,16.45,37.74,37.74
"1983",10,0,68.97,77.22,0,41.44,0,0,34.64,0,0,87.7,53.33,0,0,31.36,31.36,60.39,38.85,43.02,27.7,16.45,16.45,35.22,35.22
"1983",11,0,68.6,74.28,0,43.15,0,0,34.64,0,0,87.7,52.02,0,0,31.4,31.4,60.39,38.85,43.02,27.75,17.27,17.27,35.18,35.18
"1983",12,0,66.52,74.14,0,44.31,0,0,34.64,0,0,85.27,51.22,0,0,31.25,31.25,59.85,37.89,43.02,27.65,17.08,17.08,35.06,35.06
"1983",2,0,58.44,56.52,0,31.41,0,0,32.67,0,0,85.27,39.22,0,0,31.92,31.92,60.87,38.85,43.02,28.28,16.45,16.45,35.99,35.99
"1983",3,0,59.2,56.52,0,31.41,0,0,32.67,0,0,85.27,39.22,0,0,31.98,31.98,60.87,38.85,43.02,28.36,16.45,16.45,35.99,35.99
"1983",4,0,65.81,59.1,0,31.75,0,0,34.64,0,0,85.27,42.95,0,0,32.47,32.47,60.65,38.85,43.02,28.97,16.45,16.45,36.84,36.84
"1983",5,0,66.08,60.43,0,31.75,0,0,34.64,0,0,85.27,43.18,0,0,31.76,31.76,60.47,38.85,43.02,28.15,16.45,16.45,35.7,35.7
"1983",6,0,64,60.43,0,31.75,0,0,34.64,0,0,85.27,42.84,0,0,31.62,31.62,60.47,38.85,43.02,28,16.45,16.45,35.48,35.48
"1983",7,0,65.11,60.43,0,39.3,0,0,34.64,0,0,87.7,41.71,0,0,31.6,31.6,60.47,38.85,43.02,27.97,16.45,16.45,35.52,35.52
"1983",8,0,66.5,62.67,0,39.3,0,0,34.64,0,0,87.7,49.2,0,0,31.66,31.66,60.47,38.85,43.02,28.04,16.45,16.45,35.63,35.63
"1983",9,0,68.97,74.98,0,38.61,0,0,34.64,0,0,87.7,54.52,0,0,31.46,31.46,60.39,38.85,43.02,27.81,16.45,16.45,35.38,35.38
"1984",1,0,65.66,79.04,0,47.72,0,0,34.64,0,0,80.42,54.4,0,0,30.94,30.94,59.3,36.94,43.02,27.38,17.08,17.08,34.68,34.68
"1984",10,0,61.59,60.43,0,51.73,0,0,35.17,0,0,59.56,54.24,0,0,34.92,34.92,58.96,36.48,43.02,32.12,37.6,37.6,38.17,38.17
"1984",11,0,60.03,57.21,0,50,0,0,35.17,0,0,59.56,59.12,0,0,34.7,34.7,58.96,36.48,43.02,31.86,34.99,34.99,38.2,38.2
"1984",12,0,59.41,56.31,0,47.17,0,0,35.17,0,0,56.85,53.95,0,0,34.54,34.54,60.4,39.08,43.02,31.44,30.33,30.33,38.29,38.29
"1984",2,0,63.98,70.92,0,47.72,0,0,36.16,0,0,80.42,56.69,0,0,32.31,32.31,60.79,36.94,43.02,28.75,22.46,22.46,35.82,35.82
"1984",3,0,66.14,71.9,0,49.45,0,0,35.47,0,0,64.42,65.92,0,0,32.54,32.54,60.4,36.25,43.02,29.09,22.75,22.75,36.24,36.24
"1984",4,0,67.6,70.85,0,51.85,0,0,35.17,0,0,64.42,63.54,0,0,33.5,33.5,60.7,36.25,43.02,30.18,24.32,24.32,37.52,37.52
"1984",5,0,67.07,70.85,0,55.15,0,0,35.17,0,0,64.42,71.66,0,0,33.42,33.42,58.91,36.25,43.02,30.36,25.61,25.61,37.59,37.59
"1984",6,0,66.37,74.91,0,54.57,0,0,35.17,0,0,60.85,68.94,0,0,33.27,33.27,58.54,35.5,43.02,30.23,26.69,26.69,37.26,37.26
"1984",7,0,64.62,74.91,0,54.71,0,0,35.17,0,0,59.56,58.84,0,0,33.16,33.16,59.23,37.02,43.02,30,23.9,23.9,37.34,37.34
"1984",8,0,64.12,68.83,0,54.71,0,0,35.17,0,0,58.99,57.77,0,0,33.84,33.84,58.03,34.92,43.02,30.99,23.1,23.1,38.83,38.83
"1984",9,0,64.08,64,0,54.28,0,0,35.17,0,0,58.99,54.24,0,0,34.62,34.62,60.58,39.41,43.02,31.51,28.88,28.88,38.59,38.59
"1985",1,0,60.45,55.08,0,45.84,0,0,35.05,0,0,56.56,55.56,0,0,34.72,34.72,60.3,38.96,43,31.66,28.66,28.66,38.38,38.38
"1985",10,0,51.44,49.81,0,51.5,0,0,34.84,0,0,46.13,34.58,0,0,32.75,32.75,56.33,35.92,41.72,29.97,23.51,23.51,37.76,37.76
"1985",11,0,52.88,50.03,0,54.66,0,0,35.68,0,0,46.63,35.39,0,0,32.61,32.61,56.33,35.92,41.72,29.79,23.95,23.95,37.21,37.21
"1985",12,0,54.89,51.28,0,54.66,0,0,35.75,0,0,48.57,39.02,0,0,32.13,32.13,56.33,35.92,41.72,29.21,23.95,23.95,36.1,36.1
"1985",2,0,59.4,56.66,0,41.45,0,0,34.73,0,0,56.56,51.56,0,0,34.27,34.27,58.16,38.1,43,31.49,28.66,28.66,38.04,38.04
"1985",3,0,59.78,56.66,0,39.57,0,0,34.73,0,0,56.56,50.93,0,0,33.35,33.35,57.13,36.7,43,30.55,26.31,26.31,37.43,37.43
"1985",4,0,60.14,59.65,0,42.73,0,0,34.73,0,0,52.29,59.36,0,0,33.57,33.57,57.03,37.64,43,30.83,26.82,26.82,37.71,37.71
"1985",5,0,59.6,56.44,0,44.61,0,0,34.84,0,0,52.29,57.28,0,0,33.4,33.4,57.03,37.64,43,30.63,25.84,25.84,37.79,37.79
"1985",6,0,58.98,55.52,0,45.84,0,0,34.84,0,0,52.29,56.18,0,0,33.28,33.28,57.03,37.64,43,30.49,25.49,25.49,37.71,37.71
"1985",7,0,57.81,55.52,0,47.72,0,0,34.84,0,0,41.91,50.17,0,0,33.31,33.31,57.19,37.86,43,30.49,25.08,25.08,37.91,37.91
"1985",8,0,56.04,53.18,0,48.38,0,0,34.84,0,0,41.91,43.2,0,0,33.62,33.62,56.9,37.64,43,30.92,25.08,25.08,38.14,38.14
"1985",9,0,50.67,52.1,0,49,0,0,34.84,0,0,44.2,37.21,0,0,33.14,33.14,57.07,37.87,41.72,30.3,24.03,24.03,38.15,38.15
"1986",1,0,60.45,55.08,0,45.84,0,0,35.05,0,0,56.56,55.56,0,0,34.72,34.72,60.3,38.96,43,31.66,28.66,28.66,38.38,38.38
"1986",10,0,37.98,46.77,0,55.27,0,0,39.91,0,0,42.96,28.15,0,0,37.39,37.39,71.37,56.9,47.56,32.99,32.27,32.27,36.96,36.96
"1986",11,0,40.65,46.77,0,57.16,0,0,39.91,0,0,43.65,30.4,0,0,39.27,39.27,74.53,61.18,47.56,34.71,34.78,34.78,39.01,39.01
"1986",12,0,41.38,46.66,0,57.16,0,0,39.91,0,0,43.65,29.61,0,0,40.69,40.69,74.62,61.18,47.56,36.42,37.14,37.14,41.1,41.1
"1986",2,0,53.29,52.04,0,52.11,0,0,35.22,0,0,49.06,30.13,0,0,32.39,32.39,56.33,35.92,41.72,29.52,21.34,21.34,37.98,37.98
"1986",3,0,51.79,51.28,0,52.11,0,0,36.55,0,0,49.66,28.88,0,0,32.6,32.6,55.84,35.92,41.72,29.86,20.8,20.8,38.9,38.9
"1986",4,0,53.12,51.06,0,54.66,0,0,38.58,0,0,53.33,28.68,0,0,32.85,32.85,55.84,35.92,41.72,30.17,20.8,20.8,39.48,39.48
"1986",5,0,49.69,51.06,0,59.66,0,0,39.74,0,0,53.33,26.99,0,0,33.11,33.11,55.84,35.92,41.72,30.48,23.44,23.44,38.38,38.38
"1986",6,0,46.7,50.47,0,60.32,0,0,39.74,0,0,53.33,26.99,0,0,32.19,32.19,57.98,38.83,41.72,29,23.56,23.56,35.48,35.48
"1986",7,0,40.85,49.27,0,62.2,0,0,39.74,0,0,47.77,24.88,0,0,32.57,32.57,57.91,38.74,41.72,29.47,23.56,23.56,36.26,36.26
"1986",8,0,39.67,49.27,0,58.43,0,0,39.91,0,0,44.35,21.79,0,0,33.92,33.92,57.97,38.74,41.72,31.1,24.56,24.56,37.16,37.16
"1986",9,0,37.9,47.21,0,54.66,0,0,39.91,0,0,44.35,22.03,0,0,34.47,34.47,59.5,40.8,44.96,31.5,24.56,24.56,37.93,37.93
"1987",1,0,40.82,46.5,0,58.43,0,0,39.91,0,0,43.65,33.6,0,0,39.51,39.51,74.62,61.18,47.56,35,32.61,32.61,40.63,40.63
"1987",10,0,45.4,51.77,0,74.13,0,0,48.72,0,0,47.77,34.42,0,0,43.01,43.01,76.19,62.73,63.86,38.97,33.5,33.5,48.32,48.32
"1987",11,0,46.38,52.04,0,74.13,0,0,48.72,0,0,46.33,35.37,0,0,45.67,45.67,76.19,62.73,63.86,42.19,41.72,41.72,50.4,50.4
"1987",12,0,46.56,52.04,0,74.13,0,0,48.72,0,0,46.33,41.33,0,0,45.88,45.88,76.19,62.73,63.86,42.45,41.72,41.72,50.89,50.89
"1987",2,0,40.48,46.39,0,61.54,0,0,39.91,0,0,43.65,31.86,0,0,39.97,39.97,74.62,61.18,47.56,35.55,35.99,35.99,40.01,40.01
"1987",3,0,40.78,46.39,0,62.81,0,0,39.91,0,0,45.09,32.62,0,0,39.88,39.88,74.62,61.18,47.56,35.44,35.27,35.27,40.16,40.16
"1987",4,0,42.42,46.39,0,72.86,0,0,39.91,0,0,46.33,31.8,0,0,40.67,40.67,73.49,59.65,47.56,36.6,35.09,35.09,42.45,42.45
"1987",5,0,46.34,48.35,0,72.86,0,0,39.91,0,0,49.96,31.8,0,0,42.38,42.38,76.55,63.47,47.56,38.14,40.21,40.21,43.42,43.42
"1987",6,0,45.12,51.5,0,72.25,0,0,39.91,0,0,49.96,33.89,0,0,42.82,42.82,76.55,63.47,47.56,38.67,44.18,44.18,42.47,42.47
"1987",7,0,42.95,51.5,0,74.13,0,0,40.43,0,0,48.02,31.87,0,0,43.64,43.64,74.49,60.67,47.56,40.02,41.55,41.55,46.35,46.35
"1987",8,0,41.2,51.28,0,72.25,0,0,40.82,0,0,47.03,33.32,0,0,45.58,45.58,83.82,73.68,47.56,40.76,42.72,42.72,47.17,47.17
"1987",9,0,44.43,51.77,0,72.25,0,0,48.72,0,0,45.09,34.89,0,0,41.22,41.22,69.64,54.45,47.56,37.92,33.5,33.5,46.32,46.32
"1988",1,0,48.62,54.32,0,74.13,0,0,48.72,0,0,63.37,47.63,0,0,45.68,45.68,76.25,62.73,63.86,42.19,41.72,41.72,50.4,50.4
"1988",10,0,66.01,78.5,0,69.09,0,0,53.9,0,0,76.77,40.41,0,0,48.04,48.04,77.12,66.59,66.46,44.9,53.43,53.43,49.19,49.19
"1988",11,0,64.77,76.54,0,63.43,0,0,53.9,0,0,75.58,40.52,0,0,51.27,51.27,76.42,65.8,66.46,48.93,63.57,63.57,51.87,51.87
"1988",12,0,66.73,76.54,0,63.43,0,0,53.9,0,0,74.34,40.35,0,0,53.63,53.63,77.09,66.71,66.46,51.68,65.34,65.34,56.24,56.24
"1988",2,0,51.91,56.55,0,74.13,0,0,48.72,0,0,65.1,41.4,0,0,45.52,45.52,76.25,62.73,63.86,42,41.72,41.72,50.03,50.03
"1988",3,0,52.32,56.77,0,84.79,0,0,49.42,0,0,64.61,38.87,0,0,48.32,48.32,76.67,62.66,66.46,45.32,45.95,45.95,54.29,54.29
"1988",4,0,51.42,61.01,0,85.4,0,0,53.9,0,0,63.37,39.73,0,0,48.77,48.77,74.97,63.12,66.46,46.16,46.59,46.59,55.56,55.56
"1988",5,0,50.66,62.69,0,84.79,0,0,53.9,0,0,63.37,39.39,0,0,48.51,48.51,74.15,61.97,66.46,45.99,46.05,46.05,55.31,55.31
"1988",6,0,60.24,79.48,0,78.52,0,0,53.9,0,0,65.35,41.57,0,0,46.37,46.37,74.96,63.59,66.46,43.24,43.18,43.18,51.49,51.49
"1988",7,0,66.89,81.16,0,77.25,0,0,53.9,0,0,76.77,45.08,0,0,45.63,45.63,75.19,63.12,66.46,42.31,43.98,43.98,48.92,48.92
"1988",8,0,63.87,78.93,0,79.79,0,0,53.9,0,0,76.77,42.23,0,0,47.04,47.04,73.19,60.38,66.46,44.37,43.65,43.65,53.01,53.01
"1988",9,0,63.01,78.33,0,70.36,0,0,53.9,0,0,74.34,40.23,0,0,47.22,47.22,72.85,60.81,66.46,44.65,49.56,49.56,50.61,50.61
"1989",1,0,67.63,75.02,0,66.59,0,0,53.9,0,0,75.58,39.45,0,0,55.67,55.67,77.33,67.02,62.54,54.11,68.23,68.23,59.44,59.44
"1989",10,0,63.3,57.75,0,77.25,0,0,53.9,0,0,92.61,32.12,0,0,52.76,52.76,79.31,68.69,65.18,50.24,65.44,65.44,56.66,56.66
"1989",11,0,64.18,59.54,0,79.79,0,0,53.9,0,0,98.72,32.48,0,0,51.61,51.61,79.31,68.69,65.18,48.85,60.06,60.06,56.66,56.66
"1989",12,0,64.13,59.54,0,85.4,0,0,53.9,0,0,96.29,30.86,0,0,55.35,55.35,79.33,68.69,65.18,53.38,66.95,66.95,61.9,61.9
"1989",2,0,66.98,73.07,0,67.81,0,0,53.9,0,0,75.58,38.03,0,0,55.95,55.95,77.33,67.02,62.54,54.45,66.44,66.44,60.96,60.96
"1989",3,0,67.98,73.77,0,80.41,0,0,53.9,0,0,75.58,36.94,0,0,55.27,55.27,77.33,67.02,62.54,53.63,66.52,66.52,59.36,59.36
"1989",4,0,66.24,71.44,0,78.52,0,0,53.9,0,0,75.58,36.94,0,0,56.21,56.21,78.93,67.02,62.54,54.48,66.52,66.52,61,61
"1989",5,0,67.23,73.34,0,74.75,0,0,53.9,0,0,82.88,37.7,0,0,54.29,54.29,69.88,63.82,62.54,53.72,63.98,63.98,60.8,60.8
"1989",6,0,65.17,71.76,0,74.75,0,0,53.9,0,0,82.88,36.45,0,0,55.17,55.17,71.11,65.48,62.54,54.58,62.8,62.8,63.01,63.01
"1989",7,0,61.72,69.86,0,82.29,0,0,53.9,0,0,87.75,33.85,0,0,55.58,55.58,75.47,61.65,62.54,54.32,64.42,64.42,61.73,61.73
"1989",8,0,62.24,67.14,0,80.41,0,0,53.9,0,0,88.99,31.86,0,0,53.31,53.31,75.22,62.56,62.54,51.61,69.62,69.62,56.13,56.13
"1989",9,0,61.55,63.56,0,81.63,0,0,53.9,0,0,85.31,31.45,0,0,50.72,50.72,71.43,57.85,65.18,49.13,64.73,64.73,54.89,54.89
"1990",1,0,61.97,58.42,50,85.78,0,0,53.9,0,19.08,96.31,30.65,39.57,0,58.31,58.31,80.98,70.77,65.18,57,79.24,79.24,61.65,61.65
"1990",10,0,51.03,57.55,50,77.74,0,0,53.9,0,19.08,64.63,31,50.07,0,53.9,53.9,81.14,69.37,70.4,51.28,69.96,69.96,55.86,55.86
"1990",11,0,50.82,55.29,50,78.32,0,0,53.9,0,20.12,67.81,34.85,50.07,0,54.35,54.35,81.14,69.37,70.4,51.86,70.79,70.79,56.48,56.48
"1990",12,0,53.02,55.99,50,77.91,0,0,53.9,0,20.12,67.06,36.1,33.55,0,54.39,54.39,78.26,65.83,70.4,52.55,71.61,71.61,57.27,57.27
"1990",2,0,60.45,56.86,50,81.4,0,0,53.9,0,19.08,96.31,29.79,45.36,0,59.08,59.08,80.98,70.77,65.18,58,73.6,73.6,64.78,64.78
"1990",3,0,60.05,57.96,50,79.3,0,0,53.9,0,19.08,99.91,30.99,51.42,0,56.19,56.19,80.98,70.77,65.18,54.27,66.66,66.66,61.25,61.25
"1990",4,0,61.45,59.47,50,86.44,0,0,53.9,0,19.08,101.17,29.48,50.12,0,53.27,53.27,86.03,68.42,65.18,49.37,65.49,65.49,54.31,54.31
"1990",5,0,61.1,60.22,50,84.42,0,0,53.9,0,19.08,94.55,31,51.1,0,52.15,52.15,83.6,71.78,65.18,48.47,66.32,66.32,52.74,52.74
"1990",6,0,60.7,58.65,50,83.21,0,0,53.9,0,19.08,90.19,30.1,46.57,0,52.24,52.24,81.05,71.78,65.18,49.16,66.32,66.32,53.77,53.77
"1990",7,0,55.35,56.63,50,82.54,0,0,53.9,0,19.08,86.5,30.1,49.09,0,52.7,52.7,81.32,71.78,65.18,49.7,64.05,64.05,55.22,55.22
"1990",8,0,54.46,60.22,50,78.37,0,0,53.9,0,19.08,75.61,30.23,49.09,0,53.56,53.56,79.69,69.79,65.18,51.17,65.36,65.36,57.03,57.03
"1990",9,0,50.86,58.19,50,77.58,0,0,53.9,0,19.08,65.8,30.2,44,0,52.82,52.82,81.14,69.37,70.4,49.89,65.42,65.42,55.11,55.11
"1991",1,0,53.6,55.52,50,71.54,0,0,53.9,0,20.12,63.37,37.38,35.14,0,55.17,55.17,78.52,66.15,70.4,53.5,71.61,71.61,58.68,58.68
"1991",10,0,59.7,51.06,35.35,64.52,0,0,53.9,0,39.88,68.23,34.39,38.87,0,63.85,63.85,96.26,89.83,77.56,60.71,84.8,84.8,65.55,65.55
"1991",11,0,60.58,51.06,39.1,68.56,0,0,53.9,0,39.88,68.23,35.65,38.87,0,64.51,64.51,96.26,89.83,77.56,61.57,84.8,84.8,66.83,66.83
"1991",12,0,61.93,51.06,36.55,65.86,0,0,53.9,0,39.88,68.23,36.72,38.87,0,67.84,67.84,96.26,89.83,77.56,65.85,84.8,84.8,73.19,73.19
"1991",2,0,54.78,56.22,50,70.92,0,0,53.9,0,22.28,62.87,35.32,37.89,0,54.86,54.86,78.52,66.15,70.4,53.11,73.81,73.81,57.45,57.45
"1991",3,0,54.44,56.22,54.2,80.55,0,0,53.9,0,24.96,65.8,35.52,38.87,0,53.87,53.87,78.52,66.15,70.4,51.82,73.81,73.81,55.55,55.55
"1991",4,0,55.78,56.22,61.95,80.83,0,0,53.9,0,24.96,65.8,32.47,38.87,0,54.02,54.02,78.41,65.83,70.4,52.05,73.81,73.81,55.89,55.89
"1991",5,0,55.67,54.54,65,72.54,0,0,53.9,0,24.19,65.8,34,38.87,0,53.6,53.6,76.09,64.33,70.4,52.03,73.81,73.81,55.85,55.85
"1991",6,0,55.69,54.31,62.75,66.8,0,0,53.9,0,24.19,68.23,31.93,38.87,0,53.63,53.63,75.26,64.33,70.4,52.25,75.6,75.6,55.67,55.67
"1991",7,0,56.17,51.82,42.85,60.18,0,0,53.9,0,30.39,80.47,34.81,38.87,0,55.68,55.68,76.88,66.08,70.4,54.53,75.6,75.6,59.05,59.05
"1991",8,0,54.68,51.06,39.1,56.41,0,0,53.9,0,34.03,65.8,34.05,38.87,0,57.39,57.39,76.88,66.08,70.4,56.73,84.8,84.8,59.64,59.64
"1991",9,0,56.71,51.06,39.15,56.45,0,0,53.9,0,37.13,68.23,32.77,38.87,0,61.44,61.44,95.98,89.48,77.56,57.67,84.8,84.8,61.04,61.04
"1992",1,0,62.57,53.73,45.3,64.51,0,0,53.9,0,47.43,63.37,37.77,38.87,0,64.3,64.3,95.12,88.43,77.56,61.55,74.02,74.02,69.95,69.95
"1992",10,0,54.46,52.86,39.45,67.47,0,0,53.9,0,42.59,68.23,40.33,45.45,0,63.89,63.89,93.27,86.16,78.89,61.44,72.78,72.78,70.13,70.13
"1992",11,0,56.23,55.52,36.2,67.73,0,0,53.9,0,42.59,68.23,42.66,44.28,0,64.88,64.88,89.98,82.13,78.89,63.45,72.78,72.78,73.12,73.12
"1992",12,0,56.8,56.22,36.2,69.67,0,0,53.9,0,42.59,68.23,41.4,44.28,0,70.75,70.75,89.61,81.68,78.89,71.11,78.55,78.55,82.82,82.82
"1992",2,0,64.09,53.73,46.75,64.76,0,0,53.9,0,58.4,63.37,38.47,45.45,0,63.8,63.8,95.12,88.43,77.56,60.9,74.02,74.02,68.98,68.98
"1992",3,0,62.49,54.54,46.85,67.57,0,0,53.9,0,55.57,63.37,40.16,46.57,0,63.72,63.72,95.12,88.43,77.56,60.81,74.02,74.02,68.84,68.84
"1992",4,0,60.29,53.96,51.8,69.43,0,0,53.9,0,55.57,63.37,41.19,46.57,0,61.61,61.61,93.47,86.4,77.56,58.46,68.31,68.31,67,67
"1992",5,0,60.06,54.83,49.45,69.1,0,0,53.9,0,55.57,65.8,39.56,46.57,0,61.83,61.83,95.32,88.68,77.56,58.32,66.66,66.66,67.28,67.28
"1992",6,0,59.31,55.41,45.4,66.58,0,0,53.9,0,55.57,71.92,41.47,46.57,0,60.41,60.41,95.26,88.61,77.56,56.5,67.69,67.69,64.27,64.27
"1992",7,0,55.65,53.15,40.5,66.85,0,0,53.9,0,55.57,71.92,40.54,46.57,0,61.54,61.54,95.26,88.61,77.56,57.95,67.69,67.69,66.44,66.44
"1992",8,0,53.42,52.92,40.65,67.23,0,0,53.9,0,42.02,70.66,38.91,46.66,0,62.37,62.37,95.98,89.48,77.56,58.86,72.78,72.78,66.31,66.31
"1992",9,0,54.51,53.15,39.45,66.46,0,0,53.9,0,42.02,72.67,39.74,46.06,0,64.13,64.13,100.26,94.73,78.89,60.18,72.78,72.78,68.26,68.26
"1993",1,0,57.18,57.55,38.7,69.67,0,0,53.9,0,42.59,65.8,41.4,43.49,0,69.53,69.53,89.61,81.68,78.89,69.53,78.21,78.21,80.58,80.58
"1993",10,0,60.61,62.71,42.8,64.4,0,0,55.84,0,36.78,70.66,35.72,55.9,0,72.94,72.94,99.89,94.27,104.25,71.61,73.26,73.26,85.12,85.12
"1993",11,0,63.15,64.16,41.5,65.47,0,0,56.87,0,36.78,70.66,36.15,55.9,0,73,73,103.23,98.37,112.08,70.94,71.4,71.4,84.66,84.66
"1993",12,0,63.56,64.16,41.5,64.78,0,0,56.87,0,36.78,70.66,36.61,55.9,0,75.83,75.83,103.8,99.07,113.42,74.47,71.4,71.4,89.89,89.89
"1993",2,0,55.8,56.86,43.6,66.03,0,0,53.9,0,42.59,65.8,43.93,43.49,0,70.85,70.85,88.36,80.14,78.89,71.51,84.32,84.32,81.75,81.75
"1993",3,0,55.95,57.32,46.9,62.24,0,0,54.28,0,42.59,67.06,43.05,43.49,0,71.78,71.78,88.27,80.04,78.89,72.73,84.32,84.32,83.56,83.56
"1993",4,0,55.42,57.32,45.25,61.41,0,0,54.28,0,36.78,78.04,43.19,41.9,0,72.88,72.88,88.44,80.25,78.89,74.11,78.62,78.62,87.26,87.26
"1993",5,0,54.14,58.48,45.25,59.23,0,0,54.28,0,36.78,80.47,40.68,41.9,0,73.26,73.26,87.99,79.69,78.89,74.7,77.38,77.38,88.5,88.5
"1993",6,0,53.57,57.09,45.25,57.34,0,0,54.28,0,36.78,80.47,38.3,46.57,0,73.41,73.41,89.07,81.02,78.89,74.66,74.84,74.84,89.18,89.18
"1993",7,0,56.28,65.61,41.1,60.33,0,0,54.28,0,36.78,73.18,38.07,48.9,0,73.38,73.38,89.07,81.02,78.89,74.61,74.84,74.84,89.1,89.1
"1993",8,0,60.31,63.35,41.5,64.69,0,0,54.28,0,36.78,70.66,37.67,48.9,0,71.71,71.71,89.07,81.02,78.89,72.46,72.64,72.64,86.55,86.55
"1993",9,0,60.77,62.71,41.5,63.64,0,0,54.28,0,36.78,70.66,37.67,48.9,0,70.44,70.44,89.07,81.02,78.89,70.82,72.5,72.5,84.16,84.16
"1994",1,0,63.4,66.07,41.5,63.64,0,0,57.89,0,36.78,65.8,42.49,53.57,0,72.23,72.23,103.8,99.07,113.42,69.82,71.4,71.4,82.99,82.99
"1994",10,0,61.53,58.77,45.8,74.6,0,0,58.75,0,42.79,76.53,62.22,50.54,0,90.33,90.33,122.46,121.94,113.96,88.97,81.03,81.03,108.65,108.65
"1994",11,0,62.32,59.87,39.45,77.24,0,0,58.75,0,42.79,82.06,69.37,50.54,0,89.84,89.84,122.46,121.94,113.96,88.34,82.81,82.81,107.19,107.19
"1994",12,0,65.87,59.35,35.65,76.86,0,0,58.75,0,42.79,87.84,73.48,50.54,0,89.65,89.65,122.46,121.94,113.96,88.1,83.84,83.84,106.53,106.53
"1994",2,0,64.4,64.91,41.5,63.55,0,0,57.89,0,37.49,70.66,42.37,53.57,0,74.51,74.51,103.8,99.07,113.42,72.77,71.4,71.4,87.37,87.37
"1994",3,0,63.8,63.81,63.55,63.27,0,0,58.91,0,39.42,78.04,42.37,52.4,0,78.33,78.33,101.09,95.74,113.42,78.3,77.04,77.04,93.96,93.96
"1994",4,0,62.35,63.81,63.55,65.93,0,0,56.87,0,39.42,73.18,45,52.4,0,82.67,82.67,101.09,95.74,113.42,83.89,77.04,77.04,102.26,102.26
"1994",5,0,62.15,63.81,63.55,66.81,0,0,55.84,0,39.42,73.18,52.56,52.4,0,82.67,82.67,101.09,95.74,113.42,83.89,77.04,77.04,102.26,102.26
"1994",6,0,62.3,66.07,51.25,64.94,0,0,57.14,0,39.42,78.04,55.48,52.4,0,79.11,79.11,101.09,95.74,113.42,79.31,75.05,75.05,96.03,96.03
"1994",7,0,57.44,62.71,45.8,67.51,0,0,58.75,0,39.42,78.04,53.26,52.4,0,82.35,82.35,101.09,95.74,113.42,83.48,73.05,73.05,102.81,102.81
"1994",8,0,58.06,61.78,44.75,73.07,0,0,58.75,0,39.42,78.04,60.01,52.4,0,84.95,84.95,101.09,95.74,113.42,86.83,75.25,75.25,107.15,107.15
"1994",9,0,60.34,59.35,45.8,77.58,0,0,58.75,0,39.42,76.78,61.3,45.17,0,84.97,84.97,113.24,110.64,113.42,84.14,76.15,76.15,102.89,102.89
"1995",1,0,65.89,58.76,49.37,73.94,0,0,59.07,0,42.98,93.04,65.21,50.48,0,97.98,97.98,108.19,106.84,91.22,102.85,166.82,166.82,103.35,103.35
"1995",10,0,76.11,64.9,63.07,64.64,0,0,63.83,0,41.93,80.01,64.44,65.41,0,101.03,101.03,106.92,105.24,105.54,107.72,221.42,221.42,100.4,100.4
"1995",11,0,76.86,66.02,59.85,66.63,0,0,63.83,0,41.54,80.01,64.25,65.41,0,93.48,93.48,106.48,105.24,105.54,96.96,216.78,216.78,84.46,84.46
"1995",12,0,77.67,68.94,63.2,64.35,0,0,63.83,0,41.54,80.79,63.12,65.41,0,93.33,93.33,108.07,107.45,109.12,96.18,210.53,210.53,84.61,84.61
"1995",2,0,64.8,58.76,52.4,74.1,0,0,63.83,0,42.98,91.74,66.96,50.48,0,96.01,96.01,106.44,103.66,86.06,100.64,165.6,165.6,99.84,99.84
"1995",3,0,65.84,59.88,81.51,74.26,0,0,63.83,0,42.98,91.74,68.41,57.94,0,101.86,101.86,118.24,118.14,109.54,104.86,181.05,181.05,101.67,101.67
"1995",4,0,65.67,59.88,71.91,74.1,0,0,63.83,0,44.58,91.74,63.74,58.06,0,100.75,100.75,121.88,118.14,109.54,101.95,187.74,187.74,93.3,93.3
"1995",5,0,67.16,59.88,71.6,71.81,0,0,63.83,0,44.58,91.74,61.86,58.06,0,97.46,97.46,122.48,118.14,109.54,96.99,188.09,188.09,85.65,85.65
"1995",6,0,67.45,60.44,67.81,69.57,0,0,63.83,0,44.58,89.74,62.65,58.06,0,95.47,95.47,122.44,118.14,109.54,94.13,194.31,194.31,81.11,81.11
"1995",7,0,73.45,61.93,56.63,67.8,0,0,63.83,0,44.58,88.09,63.69,58.06,0,100.76,100.76,121.92,118.14,109.54,101.96,203.51,203.51,91.79,91.79
"1995",8,0,70.83,61.37,59.6,66.45,0,0,63.83,0,44.58,85.4,61.74,58.06,0,99.79,99.79,119.36,118.14,109.54,101.48,200.94,200.94,93.06,93.06
"1995",9,0,73.54,63.79,60.74,60.96,0,0,63.83,0,44.58,78.45,61.5,65.41,0,92.76,92.76,103.46,99.17,109.54,97.01,208.26,208.26,85.97,85.97
"1996",1,0,76.49,69.93,66.1,64.44,0,0,63.83,0,41.54,79.23,62.54,69.02,0,91.4,91.4,106.87,107.45,109.12,93.82,193.75,193.75,84.46,84.46
"1996",10,0,67.82,69.62,82.2,69.9,0,0,62.81,0,40.72,80.36,62.64,70.56,0,97.65,97.65,103.85,106.21,107.12,103.93,196.28,196.28,108.13,108.13
"1996",11,0,63.95,66.58,92.24,68.53,0,0,62.81,0,40.72,78.71,63.64,70.56,0,99.07,99.07,104.07,106.78,106.91,105.91,196.46,196.46,111.32,111.32
"1996",12,0,64.34,66.58,86.5,68.48,0,0,62.81,0,40.72,78.71,65.02,70.56,0,92.23,92.23,103.26,106.52,106.49,96.31,182.33,182.33,99.2,99.2
"1996",2,0,78,69.93,67.11,61.26,0,0,63.83,0,41.54,79.49,62.39,69.02,0,91.49,91.49,106.27,107.45,109.12,94.16,190.49,190.49,85.97,85.97
"1996",3,0,79.42,69.93,80.18,60.67,0,0,63.83,0,41.54,79.92,61.47,70.44,0,96.38,96.38,106.55,107.45,109.12,101.13,190.97,190.97,97.13,97.13
"1996",4,0,84.03,71.11,86.12,59.54,0,0,63.83,0,35.54,79.14,60.86,70.44,0,95.94,95.94,105.83,107.45,109.12,100.76,190.37,190.37,96.01,96.01
"1996",5,0,90.73,74.34,83.97,58.43,0,0,63.83,0,35.54,78.27,63.67,70.44,0,95.69,95.69,106.31,107.45,109.12,100.22,190.31,190.31,96.01,96.01
"1996",6,0,89.73,73.22,79.8,59.8,0,0,63.83,0,35.54,83.92,61.74,70.44,0,93.79,93.79,105.55,107.45,109.12,97.74,190.31,190.31,95.45,95.45
"1996",7,0,85.59,73.78,78.48,63.97,0,0,65.48,0,35.54,82.7,60.75,70.56,0,93.73,93.73,105.19,107.45,109.12,97.78,186.52,186.52,98.32,98.32
"1996",8,0,82.84,72.97,83.66,65.53,0,0,65.48,0,35.54,83.49,61.32,70.56,0,98.24,98.24,106.27,107.45,109.12,103.92,190.45,190.45,108.45,108.45
"1996",9,0,75.75,72.97,81.89,69.62,0,0,62.81,0,36.67,80.36,62.93,70.56,0,97.53,97.53,103.69,104.46,104.28,103.82,190.45,190.45,109.32,109.32
"1997",1,0,64.34,68.81,73.49,68.68,0,0,62.81,0,40.72,76.71,67.47,65.41,0,94.68,94.68,102.86,106.52,106.49,100,178.48,178.48,96.65,96.65
"1997",10,0,59.18,66.08,69.32,64.66,0,0,62.81,0,47.8,75.58,66.87,57.11,0,83.45,83.45,89.95,87.59,96.48,88.39,161.57,161.57,86.21,86.21
"1997",11,0,58.17,66.7,60.86,67.35,0,0,62.81,0,47.8,76.62,67.38,49.05,0,82.76,82.76,88.91,86.75,95.11,87.77,157.13,157.13,86.53,86.53
"1997",12,0,55.72,65.46,53.35,67.35,0,0,62.81,0,47.8,76.62,66.94,49.05,0,78.85,78.85,85.64,84.35,91.22,83.28,141.76,141.76,82.93,82.93
"1997",2,0,63.28,71.11,78.35,68.74,0,0,62.81,0,40.72,72.97,69.46,65.41,0,90.83,90.83,99.2,103.6,106.49,95.74,175,175,91.66,91.66
"1997",3,0,63.42,76.69,82.52,67.78,0,0,62.81,0,41.5,73.32,71.15,65.41,0,88.16,88.16,98.8,102.16,106.49,92.02,162.58,162.58,87.92,87.92
"1997",4,0,62.84,77.13,80.12,67.78,0,0,62.81,0,44.54,69.93,71.72,65.41,0,84.8,84.8,97.12,99.19,106.49,87.78,155.65,155.65,83.14,83.14
"1997",5,0,59.2,78.55,77.78,66.99,0,0,62.81,0,44.54,70.54,71.8,65.41,0,83.17,83.17,96.74,98.49,106.49,85.55,157.64,157.64,82.82,82.82
"1997",6,0,56.03,76.69,76.33,61.79,0,0,62.81,0,44.54,71.5,68.77,60.01,0,89.52,89.52,98.97,98.49,106.49,93.93,157.64,157.64,95.81,95.81
"1997",7,0,54.5,72.23,66.86,61.21,0,0,62.81,0,44.54,71.5,67.27,60.01,0,89.85,89.85,99.13,98.49,106.49,94.35,151.55,151.55,97.64,97.64
"1997",8,0,57.37,72.23,73.62,61.36,0,0,62.81,0,44.54,73.49,65.04,60.01,0,85.86,85.86,98.25,98.49,106.49,88.9,153.04,153.04,88.64,88.64
"1997",9,0,57.06,78.37,74,64.81,0,0,62.81,0,44.54,75.15,65.06,57.11,0,85.63,85.63,96.77,97.4,95.53,89.1,163.2,163.2,86.64,86.64
"1998",1,0,55.48,62.36,52.21,67.35,0,0,62.81,0,47.8,76.1,65.35,49.05,0,76.67,76.67,85.32,84.35,91.22,80.25,143.3,143.3,77.7,77.7
"1998",10,0,48.13,53.36,74.94,54.16,0,0,69.92,0,35.98,60.64,64.8,80.81,0,64.49,64.49,71.32,68.31,70.99,67.66,141.98,141.98,59.04,59.04
"1998",11,0,48.85,54.17,69.2,53.18,0,0,69.92,0,35.98,60.64,64.07,80.81,0,65.65,65.65,73.23,71.25,76.89,68.65,138.31,138.31,61.51,61.51
"1998",12,0,46.27,53.61,70.33,55.09,0,0,69.92,0,38.24,58.64,63.57,80.81,0,67.01,67.01,73.63,71.25,76.89,70.48,149.05,149.05,61.91,61.91
"1998",2,0,53.53,62.11,59.35,58.9,0,0,62.81,0,47.8,74.8,65.07,74.29,0,74.34,74.34,84.6,84.35,91.22,77.14,130,130,75.83,75.83
"1998",3,0,55.04,61.62,74.12,60.85,0,0,62.81,0,47.8,73.76,66.35,74.29,0,72.86,72.86,83.72,84.35,91.22,75.31,126.67,126.67,72.41,72.41
"1998",4,0,51.49,60.19,83.97,60.16,0,0,62.81,0,42.02,67.93,65.05,74.29,0,70.19,70.19,83.16,84.35,91.22,71.65,122.84,122.84,70.32,70.32
"1998",5,0,50.68,60.81,95.15,60.45,0,0,62.81,0,35.59,66.55,68.33,80.81,0,69.33,69.33,79.99,80.54,91.22,71.54,126.22,126.22,69,69
"1998",6,0,50.29,58.57,82.14,54.75,0,0,62.81,0,35.59,65.59,65.5,80.81,0,67.8,67.8,79.07,80.54,91.22,69.66,124.87,124.87,66.29,66.29
"1998",7,0,47.98,58.02,79.05,54.35,0,0,62.81,0,34.46,62.11,65.42,80.81,0,67.11,67.11,77.16,80.54,91.22,69.36,123.52,123.52,66.13,66.13
"1998",8,0,45.88,53.74,87.57,55.36,0,0,69.92,0,34.46,61.68,63.44,80.81,0,66.91,66.91,76.76,80.54,91.22,69.21,123.52,123.52,65.9,65.9
"1998",9,0,44.41,53.74,84.41,55.55,0,0,69.92,0,35.2,60.64,66.1,80.81,0,61.4,61.4,70.63,70.51,70.36,63.44,128.12,128.12,55.53,55.53
"1999",1,0,46.6,50.82,82.9,52.34,0,0,69.92,0,39.76,58.64,60.99,86.32,0,70.06,70.06,75.58,72.68,76.89,74.18,151.68,151.68,67.25,67.25
"1999",10,0,44.86,48.58,76.9,56.34,0,0,67.32,0,46.49,50.82,50.31,62.68,0,81.62,81.62,83.09,78.87,83.84,88.2,167.06,167.06,86.17,86.17
"1999",11,0,46,48.58,72.35,58.32,0,0,59.2,0,47.36,50.47,50.68,62.56,0,83.7,83.7,100.4,105.1,107.65,85.01,159.49,159.49,82.82,82.82
"1999",12,0,43.6,46.48,70.08,58.83,0,0,59.2,0,47.1,48.82,48.65,59.96,0,81.97,81.97,93.14,93.67,89.11,85.11,156.16,156.16,83.77,83.77
"1999",2,0,46.15,49.27,78.79,52.34,0,0,69.92,0,39.76,57.51,57.31,85.37,0,72.05,72.05,74.86,72.68,76.89,77.31,142.59,142.59,74.42,74.42
"1999",3,0,46.74,46.48,95.59,53.13,0,0,69.92,0,43.93,52.12,52.78,82.35,0,70.59,70.59,73.74,72.68,76.89,75.6,140.73,140.73,72.11,72.11
"1999",4,0,45.71,46.48,95.59,52.53,0,0,69.92,0,44.24,51.78,52.69,82.35,0,70.16,70.16,74.14,72.68,76.89,74.85,145.63,145.63,69.75,69.75
"1999",5,0,46.49,45.36,85.55,53.18,0,0,67.51,0,43.11,50.39,51.19,77.31,0,72.08,72.08,74.74,72.68,76.89,77.41,150.45,150.45,72.72,72.72
"1999",6,0,45.26,45.36,79.05,53.4,0,0,66.11,0,44.5,48.21,49.46,76.54,0,75.58,75.58,75.42,72.68,76.89,82.21,148.83,148.83,80.83,80.83
"1999",7,0,42.58,41.39,79.3,54.27,0,0,66.11,0,44.5,47.26,46.26,66.95,0,74.22,74.22,75.42,72.68,76.89,80.25,144.91,144.91,78.6,78.6
"1999",8,0,45.63,43.43,68.88,55.24,0,0,66.11,0,44.5,47.69,44.98,63.51,0,75.59,75.59,76.7,72.68,76.89,81.78,143.55,143.55,81.38,81.38
"1999",9,0,45.66,48.9,75.89,58.07,0,0,67.32,0,44.97,49.17,48.3,62.68,0,78.83,78.83,83.44,80.67,81.42,84.05,147.88,147.88,84.01,84.01
"2000",1,38.16,46.19,49.78,68.28,56.75,0,0,68.99,0,47.03,44.76,49.04,58.99,0,86.79,86.79,89.12,89.12,89.12,89.85,161.75,161.75,81.04,81.04
"2000",10,38.16,45.11,48.33,64.98,62.16,0,0,70.61,0,42.17,59.52,46.47,58.23,0,71.67,71.67,97.46,97.46,97.46,71.15,162.02,162.02,58.7,58.7
"2000",11,38.16,47.08,49.89,54.79,62.44,0,0,70.61,0,42.17,59.52,44.7,51.24,0,70.32,70.32,87.3,87.3,87.3,70.87,155.73,155.73,59.38,59.38
"2000",12,38.16,47.22,49.89,55.68,62.19,0,0,67.07,0,41.42,64.26,47.88,53.18,0,69.84,69.84,85.21,85.21,85.21,70.57,155.81,155.81,59.02,59.02
"2000",2,38.16,46.15,50.23,71.73,55.89,0,0,70.01,0,45.74,43.01,47.91,58.99,0,83.04,83.04,89.12,89.12,89.12,85.47,154.66,154.66,76.96,76.96
"2000",3,38.16,45.9,50.89,73.52,57.01,0,0,70.96,0,45.74,42.95,48.15,58.99,0,77.49,77.49,89.12,89.12,89.12,79,153.66,153.66,69.41,69.41
"2000",4,38.16,46.02,50.89,65.09,58.91,0,0,68.44,0,45.92,43.95,48.91,58.99,0,77.34,77.34,89.12,89.12,89.12,78.83,153.71,153.71,69.2,69.2
"2000",5,38.16,46.55,52.12,65.39,58.44,0,0,72.59,0,45.3,43.95,50.48,58.99,0,75.79,75.79,89.12,89.12,89.12,77.02,147.86,147.86,67.98,67.98
"2000",6,38.16,46.25,50,56.98,59.22,0,0,73.53,0,45.3,47.9,49.28,58.99,0,68.95,68.95,89.12,89.12,89.12,69.04,144.51,144.51,59,59
"2000",7,38.16,43.68,47.11,62.21,58.48,0,0,75.75,0,44.04,60.25,47.79,58.99,0,67.52,67.52,89.12,89.12,89.12,67.37,144.25,144.25,57.06,57.06
"2000",8,38.16,42.96,46.56,55.99,59.83,0,0,75.75,0,43.42,60.72,47.3,58.23,0,67.43,67.43,89.12,89.12,89.12,67.27,143.89,143.89,57,57
"2000",9,38.16,43.43,48.11,61.91,61.88,0,0,75.75,0,42.42,58.35,45.81,58.23,0,70.41,70.41,89.91,89.91,89.91,70.64,165.28,165.28,57.57,57.57
"2001",1,38.16,46.15,48.34,53.54,61.27,0,0,67.84,0,41.25,63.23,46.41,52.03,0,68,68,85.21,85.21,85.21,68.43,149.83,149.83,57.42,57.42
"2001",10,40.13,46.49,46.1,62.95,58.6,0,0,67.43,0,39.79,56.54,45.51,51.16,0,73.74,73.74,78.18,78.18,78.18,76.02,158.81,158.81,65.03,65.03
"2001",11,40.13,46.18,44.78,61.93,59.23,0,0,72.43,0,38.24,55.14,50.68,50.45,0,72.6,72.6,78.18,78.18,78.18,74.7,157.48,157.48,63.66,63.66
"2001",12,40.13,45.65,44.43,63.74,56.14,0,0,76.82,0,38.8,53.11,50.05,59.67,0,69.93,69.93,65.15,65.15,65.15,73.25,148.83,148.83,63.33,63.33
"2001",2,38.16,46.39,46.56,61.46,61.6,0,0,67.84,0,41.25,62.65,44.61,51.16,0,71.62,71.62,85.21,85.21,85.21,72.65,139.76,139.76,64.08,64.08
"2001",3,38.16,45.67,44.79,72.25,64.12,0,0,68.34,0,40.32,60.06,46.11,51.16,0,73.04,73.04,85.21,85.21,85.21,74.31,129.41,129.41,67.73,67.73
"2001",4,38.16,45.08,44.14,80.78,66.18,0,0,68.34,0,39.14,59.76,43.16,51.16,0,72.54,72.54,85.21,85.21,85.21,73.73,131.15,131.15,66.75,66.75
"2001",5,38.16,44.22,47.41,68.1,63.6,0,0,68.34,0,39.29,59.18,42.84,51.16,0,74.82,74.82,85.21,85.21,85.21,76.38,151.21,151.21,66.68,66.68
"2001",6,38.16,43.35,47.05,65.16,61.78,0,0,68.34,0,38.5,58.47,44.96,51.16,0,73.21,73.21,85.21,85.21,85.21,74.51,150.95,150.95,64.49,64.49
"2001",7,38.16,46.86,48.69,63.15,58.05,0,0,68.34,0,37.18,58.35,52.8,51.16,0,72.04,72.04,85.21,85.21,85.21,73.14,144.83,144.83,63.85,63.85
"2001",8,38.16,46.87,49.5,60.01,60,0,0,68.34,0,37.39,58.35,52.14,51.16,0,71.95,71.95,85.21,85.21,85.21,73.03,144.08,144.08,63.84,63.84
"2001",9,37.02,46.17,48.36,64.24,59.48,0,0,68.6,0,38.73,57.15,47.22,51.16,0,73.97,73.97,78.18,78.18,78.18,76.29,153.27,153.27,66.24,66.24
"2002",1,40.13,46.67,43.86,65.98,56.66,0,0,79.06,0,38.8,52.23,50.95,65.36,0,68.2,68.2,65.15,65.15,65.15,71.23,142.86,142.86,61.88,61.88
"2002",10,39.81,56.39,56.08,57.56,59.81,0,0,69.79,0,49.39,46.69,59.46,66.3,0,68.98,68.98,75.14,75.14,75.14,70.86,146.37,146.37,60.87,60.87
"2002",11,39.81,54.99,55.71,53.95,61.45,0,0,66.2,0,49.39,48.7,60.34,67.02,0,70.02,70.02,76.03,76.03,76.03,71.95,140.26,140.26,63.17,63.17
"2002",12,39.81,55.12,58.44,52.39,62.25,0,0,68.38,0,49.39,48.7,62.42,66.09,0,70.35,70.35,75.9,75.9,75.9,72.36,141.76,141.76,63.41,63.41
"2002",2,40.13,46.23,45.26,74.1,58.02,0,0,76.13,0,40.15,50.46,50.04,65.58,0,66.14,66.14,65.15,65.15,65.15,68.82,141.51,141.51,59.23,59.23
"2002",3,40.13,45.06,46.35,78.29,57.78,0,0,77.08,0,40.15,49.63,49.96,65.58,0,64.31,64.31,65.15,65.15,65.15,66.69,130.87,130.87,58.41,58.41
"2002",4,40.13,44.59,46.35,84.57,58.51,0,0,78.31,0,40.9,48.93,51.53,65.58,0,65.61,65.61,65.15,65.15,65.15,68.2,131.56,131.56,60.09,60.09
"2002",5,40.13,45.24,49.27,81.25,58.03,0,0,78.28,0,43.19,48.04,53.88,65.58,0,65.09,65.09,65.15,65.15,65.15,67.6,131.13,131.13,59.45,59.45
"2002",6,40.13,47.57,49.03,71.76,59.04,0,0,78.28,0,43.35,47.41,56.55,65.58,0,65.83,65.83,66.3,66.3,66.3,68.32,131.54,131.54,60.24,60.24
"2002",7,40.13,50.38,51.01,62.74,58.4,0,0,71.34,0,45.03,46.67,57.51,65.58,0,69.74,69.74,68.24,68.24,68.24,72.63,132.7,132.7,65.19,65.19
"2002",8,39.4,54.02,55.84,53.75,59.41,0,0,71.7,0,47.28,45.7,58.68,65.58,0,70.45,70.45,67.82,67.82,67.82,73.51,140.49,140.49,64.98,64.98
"2002",9,39.59,57.27,57.1,61.65,59.95,0,0,71,0,49.27,46.38,57.09,66.3,0,70.5,70.5,69.41,69.41,69.41,73.37,144.35,144.35,64.2,64.2
"2003",1,39.81,53.88,57.34,65.44,65.02,0,0,66.63,0,49.39,49.15,61.53,66.09,0,66.84,66.84,77.11,77.11,77.11,68.11,135.57,135.57,59.34,59.34
"2003",10,55.26,57.39,73.51,70.13,69.88,0,0,59.69,0,43.97,45.73,78.3,66.09,0,80.53,80.53,116.84,116.84,116.84,79,145.25,145.25,70.77,70.77
"2003",11,55.26,61.6,74.24,59.24,69.53,0,0,66.26,0,40.59,47.06,75.79,66.09,0,82.56,82.56,116.98,116.98,116.98,81.35,151.04,151.04,72.64,72.64
"2003",12,55.26,62.29,81.04,65.88,70.62,0,0,67.71,0,40.59,47.06,77.94,66.09,0,86.56,86.56,145.23,145.23,145.23,82.42,154.95,154.95,73.27,73.27
"2003",2,39.81,52.65,58.04,67.08,65.87,0,0,66.63,0,48.89,48.91,60.36,66.09,0,65.53,65.53,76.78,76.78,76.78,66.63,132.3,132.3,58.1,58.1
"2003",3,39.81,52.13,58.27,77.09,68.12,0,0,66.63,0,49.08,48.91,61.21,66.09,0,64.21,64.21,77.09,77.09,77.09,65.05,133.35,133.35,56.06,56.06
"2003",4,39.81,51.55,59.21,81.51,66.88,0,0,65.78,0,49.08,49.85,60.12,66.09,0,63.84,63.84,76.6,76.6,76.6,64.68,131.07,131.07,55.98,55.98
"2003",5,39.81,52.05,60.62,73.3,66.07,0,0,63.4,0,49.08,49.85,61.85,66.09,0,64.57,64.57,77.65,77.65,77.65,65.4,131.07,131.07,56.84,56.84
"2003",6,39.81,51.39,60.03,76.57,66.32,0,0,61.28,0,47.59,47.42,62.38,66.09,0,68.94,68.94,77.23,77.23,77.23,70.54,136.53,136.53,62.09,62.09
"2003",7,39.81,51.22,58.48,72.35,65.73,0,0,59.54,0,47.59,49.31,61.47,66.09,0,69.66,69.66,77.14,77.14,77.14,71.4,140.03,140.03,62.54,62.54
"2003",8,39.81,52.44,57.13,70.42,66.12,0,0,56.3,0,47.59,48.52,63.48,66.09,0,70.4,70.4,77.1,77.1,77.1,72.27,136.64,136.64,64.13,64.13
"2003",9,41.45,52.52,63.88,75.33,66.37,0,0,58.32,0,42.94,47.68,66.55,66.09,0,78.41,78.41,114.18,114.18,114.18,76.87,145.09,145.09,68.25,68.25
"2004",1,55.26,62.71,85.73,76.62,71.18,0,0,69.18,0,39.97,46.14,75.76,66.09,0,89.88,89.88,146.31,146.31,146.31,86.15,156.18,156.18,77.53,77.53
"2004",10,53.38,59.45,78.37,76.05,75.76,0,0,74.71,0,40.05,52.76,72.48,65.56,0,95.01,95.01,85.62,85.62,85.62,99.88,155.89,155.89,93.94,93.94
"2004",11,52.99,60.52,68.4,78.2,77.23,0,0,71.02,0,40.05,55.25,73.08,60.54,0,91.48,91.48,87.84,87.84,87.84,95.49,157.79,157.79,88.4,88.4
"2004",12,54.29,60.83,69.34,68.85,77.53,0,0,68.98,0,40.05,56.47,62.65,61.04,0,81.19,81.19,88.34,88.34,88.34,83.42,157.05,157.05,74.13,74.13
"2004",2,55.26,65.57,89.19,75.28,70,0,0,65.93,0,39.03,46.93,83.81,66.09,0,87.46,87.46,146.18,146.18,146.18,83.34,153.09,153.09,74.67,74.67
"2004",3,55.26,66.51,92.73,77.26,69.9,0,0,70.6,0,39.03,47.74,91.25,65.63,0,83.37,83.37,144.52,144.52,144.52,78.78,142.24,142.24,70.99,70.99
"2004",4,53.01,67.73,102.09,85.64,70.01,0,0,71.17,0,37.53,50.07,89.49,65.31,0,86.55,86.55,145.58,145.58,145.58,82.35,142.04,142.04,75.27,75.27
"2004",5,51.63,64.72,99.63,80.83,70.89,0,0,70.74,0,37.41,51.55,81.92,65.3,0,86.81,86.81,141.89,141.89,141.89,83.13,140.91,140.91,76.39,76.39
"2004",6,54.96,61.57,94.94,80.83,71.24,0,0,71.07,0,38.03,51.84,76.91,65.49,0,86.02,86.02,144,144,144,81.94,139.71,139.71,75.16,75.16
"2004",7,54.96,59.43,94.23,66.61,72.5,0,0,71.73,0,38.65,51.91,75.89,65.64,0,87.7,87.7,144.12,144.12,144.12,83.89,143.71,143.71,76.84,76.84
"2004",8,58.68,58.81,85.33,70.38,73.6,0,0,71.97,0,39.73,52.1,73.85,65.55,0,95.67,95.67,143.34,143.34,143.34,93.29,145.06,145.06,87.82,87.82
"2004",9,58.68,60.11,82.63,71.44,74.84,0,0,74.71,0,39.73,52.46,73.47,65.56,0,91.92,91.92,80.23,80.23,80.23,96.96,155.13,155.13,90.58,90.58
"2005",1,54.29,60.37,61.81,71.3,80.59,0,112.73,67.75,87.71,46.82,56.45,60.56,57.24,0,81.74,81.74,70.62,70.62,70.62,89.05,173.73,173.73,78.89,78.89
"2005",10,54.29,61.75,62.39,78,73.49,0,106.08,69.24,90.08,50.9,67.78,60.58,55.08,0,84.92,84.92,78.91,78.91,78.91,90.31,145.56,145.56,83.7,83.7
"2005",11,54.29,60.7,62.2,66.74,73.75,0,104.99,71.21,90.08,50.45,70.1,58.73,54.35,0,80.96,80.96,73.45,73.45,73.45,86.8,142.04,142.04,80.19,80.19
"2005",12,54.29,60.79,63.54,68.07,73.3,0,91.61,72.89,90.08,50.9,76.99,59.79,54.35,0,79.59,79.59,77.36,77.36,77.36,83.3,151.44,151.44,75.14,75.14
"2005",2,54.29,59.76,61.81,82.09,80.23,0,111.77,69.25,87.71,47.08,56.45,61.01,56.97,0,79.1,79.1,66.21,66.21,66.21,87,168,168,77.29,77.29
"2005",3,54.29,60.96,64.94,87.43,80.02,0,111.66,74.81,87.71,46.99,61.17,63.33,57.02,0,82.07,82.07,77.23,77.23,77.23,86.91,157.06,157.06,78.5,78.5
"2005",4,54.29,60.02,68.85,88.83,77.6,0,115.83,75.79,87.71,46.92,61.17,63.02,54.17,0,85.48,85.48,85.49,85.49,85.49,88.52,156.88,156.88,80.33,80.33
"2005",5,54.29,59.77,68.96,82.03,77.52,0,115.97,74.41,87.71,47.83,63.39,63.05,53.84,0,86.12,86.12,84.16,84.16,84.16,89.96,160.05,160.05,81.56,81.56
"2005",6,54.29,60.63,69.32,74.98,76.17,0,115.31,73.75,89.02,47.9,65.29,63.41,54.53,0,90.53,90.53,108.07,108.07,108.07,86.84,151.96,151.96,79.03,79.03
"2005",7,54.29,60.11,67.76,76.63,75.14,0,106.15,71.01,90.08,48.94,65.29,63.05,54.53,0,86.62,86.62,93.05,93.05,93.05,87.17,149.3,149.3,79.72,79.72
"2005",8,54.29,60.5,65.73,84.18,75.11,0,106.55,71.01,90.08,51.65,65.9,63.03,54.53,0,88.34,88.34,95.67,95.67,95.67,88.6,142.35,142.35,82.17,82.17
"2005",9,54.29,62.01,64.38,87.41,74.93,0,106.46,69.24,90.08,51.88,66.49,62.77,54.53,0,89.51,89.51,93.32,93.32,93.32,91.2,146.73,146.73,84.55,84.55
"2006",1,58.8,59.91,62.32,70.12,74.05,0,89.02,67.65,88.73,50.18,89.35,59.24,57.26,0,78.77,78.77,73.65,73.65,73.65,83.6,137.18,137.18,77.18,77.18
"2006",10,65.31,78.61,62.84,95.01,81.29,0,86.08,71.44,84.78,47.62,93.5,65.01,59.38,0,82.66,82.66,81.3,81.3,81.3,86.15,154.57,154.57,77.95,77.95
"2006",11,65.31,87.13,64.3,84,83.58,0,86.22,70.74,84.78,47.8,92.24,66.52,58.09,0,82.03,82.03,77.01,77.01,77.01,86.94,160.32,160.32,78.14,78.14
"2006",12,65.31,85.72,65.74,76.7,84.52,0,93.96,71.94,84.78,47.8,92.21,69.49,62.89,0,86.05,86.05,85.81,85.81,85.81,89.21,158.34,158.34,80.92,80.92
"2006",2,58.8,61.57,62.54,87.48,73.51,0,84.24,72.29,88.73,50.29,95.1,60.52,57.26,0,78.33,78.33,61.71,61.71,61.71,87.69,164.52,164.52,78.47,78.47
"2006",3,65.31,62.6,61.69,90.54,73.77,0,81.57,74.91,88.73,50.39,97.67,59.84,58.48,0,76.37,76.37,66.26,66.26,66.26,83.08,147.92,147.92,75.31,75.31
"2006",4,65.31,63.49,61.69,93.91,73.83,0,81.8,78.23,88.73,50.61,102.82,60.11,58.53,0,80.28,80.28,70.35,70.35,70.35,87.05,166.41,166.41,77.54,77.54
"2006",5,65.31,64.61,58.77,97.35,75.2,0,82.33,78.23,88.73,50.61,100.73,60.37,59.24,0,83.88,83.88,56.63,56.63,56.63,97.62,173.39,173.39,88.54,88.54
"2006",6,65.31,66.4,58.94,92.02,75.73,0,82.04,79.27,87.42,50.1,101.72,60.44,59.24,0,82.05,82.05,48.81,48.81,48.81,98.08,168.98,168.98,89.58,89.58
"2006",7,65.31,68.28,59.45,86.94,76.32,0,85.54,79.27,84.78,50.56,100.86,62.71,59.24,0,79.33,79.33,48.81,48.81,48.81,94.2,168.98,168.98,85.23,85.23
"2006",8,65.31,69.53,59.45,83.7,77.41,0,85.53,79.37,84.78,48.79,100.27,63.64,60.31,0,90.39,90.39,92.84,92.84,92.84,92.64,163.15,163.15,84.19,84.19
"2006",9,65.31,72.9,60.6,98.39,78.6,0,85.4,79.61,84.78,48.05,96.86,63.42,59.49,0,87.2,87.2,87.19,87.19,87.19,90.32,152.53,152.53,82.86,82.86
"2007",1,66.79,87.07,69.23,94.5,84.59,0,93.62,71.11,84.78,48.03,88.94,71.38,64.69,0,83.52,83.52,83.22,83.22,83.22,86.62,152.37,152.37,78.74,78.74
"2007",10,75.25,132.51,104.68,108.67,78.78,0,101.66,70.86,84.79,48.79,71.09,101.7,73.4,0,95.62,95.62,107.61,107.61,107.61,94.3,161.14,161.14,86.29,86.29
"2007",11,75.25,135.63,112.56,91.81,80.18,0,106.04,70.42,100.99,48.79,68.77,105.47,74.95,0,96.65,96.65,107.61,107.61,107.61,95.78,161.14,161.14,87.95,87.95
"2007",12,75.25,146.18,122.85,83.25,81.1,0,104.86,70.54,130.93,48.79,71.6,108.97,76.56,0,97.6,97.6,107.61,107.61,107.61,97.13,161.14,161.14,89.46,89.46
"2007",2,66.79,89.44,75.94,106.97,84.5,0,95.57,73.62,84.78,47.81,83.02,72.72,70.16,0,83.96,83.96,90.76,90.76,90.76,84.27,139.41,139.41,77.66,77.66
"2007",3,66.79,91.27,76.61,106.41,81.88,0,96.16,75.04,84.78,47.89,79.09,74.5,70.2,0,84.17,84.17,90.29,90.29,90.29,84.76,130.43,130.43,79.29,79.29
"2007",4,66.79,92.21,78.28,107.87,79.47,0,100.52,73.73,84.78,47.7,77.56,77.38,71.16,0,85.47,85.47,98.9,98.9,98.9,83.22,125.42,125.42,78.16,78.16
"2007",5,66.79,92.3,82.09,107.45,79,0,100.21,72.94,84.78,47.7,74.4,80.3,71.16,0,87.18,87.18,103.25,103.25,103.25,83.95,125.42,125.42,78.99,78.99
"2007",6,66.79,95.36,83.91,101.92,78.9,0,99.89,72.94,84.78,47.25,70.43,81.65,71.13,0,86.51,86.51,107.61,107.61,107.61,81.28,123.53,123.53,76.22,76.22
"2007",7,66.79,97.87,87.97,94.42,75.75,0,100.7,72.93,84.79,47.84,71.62,85.01,72.44,0,92.93,92.93,107.61,107.61,107.61,90.45,154.99,154.99,82.72,82.72
"2007",8,66.79,105.68,87.04,94.81,76.01,0,101.49,73.26,84.79,48.79,71.23,85.52,73.23,0,94.44,94.44,107.61,107.61,107.61,92.61,154.99,154.99,85.14,85.14
"2007",9,66.79,122.06,99.01,102.26,76.13,0,101.79,72.66,84.79,48.79,68.52,97.36,73.29,0,94.46,94.46,107.61,107.61,107.61,92.64,161.14,161.14,84.43,84.43
"2008",1,75.25,156.22,127.89,88.48,80.43,0,106.26,71.09,130.93,56.94,70.21,114.92,77.77,0,97.01,97.01,101.59,101.59,101.59,98.66,161.14,161.14,91.17,91.17
"2008",10,84.78,118.59,98.69,101.04,83.99,0,90.12,68.79,136.01,82.33,87.13,99.41,77.85,0,95.9,95.9,80.47,80.47,80.47,105.41,170.49,170.49,97.62,97.62
"2008",11,104.25,114.52,91.58,97.51,75.22,0,87.2,67.13,134.91,82.09,87.13,89.59,78.14,0,83.53,83.53,65.13,65.13,65.13,93.77,166.52,166.52,85.05,85.05
"2008",12,103.97,112.88,82.58,90.47,71.87,0,92.35,71.18,111.53,79.19,88.64,85.78,75.4,0,76.57,76.57,57.57,57.57,57.57,86.8,162.02,162.02,77.78,77.78
"2008",2,75.25,169.23,139.52,94.19,82.16,0,106.94,72.31,142.66,77.68,75.36,134.52,77.8,0,96.96,96.96,96.74,96.74,96.74,100.5,176.05,176.05,91.45,91.45
"2008",3,75.25,164.6,134,102.77,83.5,0,113.76,73.14,142.66,80.39,79.3,129.69,78.06,0,102.89,102.89,106.73,106.73,106.73,105.05,177.82,177.82,96.33,96.33
"2008",4,79.87,162.28,126.72,105.19,84.26,0,111.54,70.35,142.06,80.39,82.12,129.93,78.14,0,97.97,97.97,85.38,85.38,85.38,106.42,162.08,162.08,99.76,99.76
"2008",5,84.78,158.32,129.75,106,85.87,0,106.37,70.35,140.48,80.39,87.18,134.86,78.08,0,100.96,100.96,87.04,87.04,87.04,110.05,162.68,162.68,103.75,103.75
"2008",6,84.78,151.88,147.47,100.99,87.83,0,101.62,71.42,138.35,80.85,87.13,133.29,81.42,0,105.74,105.74,85.04,85.04,85.04,117.68,167.24,167.24,111.76,111.76
"2008",7,84.78,145.86,152.62,96.61,90.3,0,98,71.42,138.8,82.95,87.13,133.31,81.48,0,108.34,108.34,85.04,85.04,85.04,121.39,172.56,172.56,115.27,115.27
"2008",8,84.78,143.36,132.84,98.26,87.37,0,80.63,71.42,136.01,88.36,87.13,118.39,81.24,0,106.08,106.08,85.04,85.04,85.04,118.16,181.3,181.3,110.6,110.6
"2008",9,84.78,137.8,124.85,98.41,87.01,0,92.41,71.42,136.01,82.53,87.13,112.99,79.47,0,102.12,102.12,87.89,87.89,87.89,111.38,170.46,170.46,104.31,104.31
"2009",1,111.91,108.64,89.64,94.24,68.85,0,96.01,71.18,80.98,78.42,88.34,92.79,72.7,0,79.23,79.23,55.46,55.46,55.46,91.43,158.02,158.02,83.45,83.45
"2009",10,125.8,104.98,97.84,106.13,77.26,0,94.62,80.9,82.74,76.12,111.25,101.89,77.45,0,92.25,92.25,66.74,66.74,66.74,105.6,165.09,165.09,98.48,98.48
"2009",11,125.8,108.73,105.49,92.89,77.73,0,94.12,81.68,82.74,78.65,116.79,102.26,77.7,0,94.7,94.7,67.42,67.42,67.42,108.85,168.35,168.35,101.72,101.72
"2009",12,107.96,109.71,106.31,83.61,77.17,0,99.2,87.97,99.32,80.09,118.75,103.81,77.6,0,94.67,94.67,61.63,61.63,61.63,111.08,163.35,163.35,104.82,104.82
"2009",2,125.64,107.47,87.4,88.91,65.25,0,91.93,71.57,80.98,77.85,88.52,88.72,73.36,0,78.05,78.05,51.5,51.5,51.5,91.3,137.75,137.75,85.74,85.74
"2009",3,125.05,107.97,81.87,95.58,62.97,0,89.68,75.32,80.98,77.76,85.31,89.01,72.07,0,75.83,75.83,53.6,53.6,53.6,87.3,131.6,131.6,82,82
"2009",4,125.79,107.89,93.31,105.04,61.35,0,87.78,82.24,78.62,77.8,87.57,95.36,76.68,0,75.99,75.99,53.18,53.18,53.18,87.69,130.31,130.31,82.59,82.59
"2009",5,125.86,111.73,103.23,104.76,64.51,0,88.91,84.73,78,77.24,86.06,105.15,74.39,0,82.93,82.93,55.45,55.45,55.45,96.73,139.52,139.52,91.62,91.62
"2009",6,125.8,112.86,113.73,106.18,67.09,0,91.99,84.73,80.37,77.24,90.1,103.74,75.79,0,94.03,94.03,79.61,79.61,79.61,103.07,149.96,149.96,97.46,97.46
"2009",7,125.8,106.31,107.4,102.72,68.72,0,93.67,80.57,80.37,77.35,93.98,101.85,75.96,0,100.62,100.62,92.04,92.04,92.04,107.6,153.36,153.36,102.13,102.13
"2009",8,125.8,103.54,112.13,100.59,70.64,0,97.2,80.9,80.37,76.99,95.86,103.42,76.35,0,102.02,102.02,92.04,92.04,92.04,109.6,155.4,155.4,104.12,104.12
"2009",9,125.8,100.33,100.39,100.97,73.65,0,94.85,80.63,80.37,75.25,101.35,100.18,79.38,0,95.81,95.81,75.97,75.97,75.97,107.06,159.74,159.74,100.76,100.76
"2010",1,107.59,107.95,99.63,93.18,79.87,0,97.46,85.47,112,87.8,128.85,98.26,77.41,0,89.87,89.87,69.01,69.01,69.01,102.47,169.99,169.99,94.93,94.93
"2010",10,99.36,143.8,117.95,100.25,85.34,0,104.71,96.36,110.8,90.03,137.06,121.69,81.44,0,114.91,114.91,73.82,73.82,73.82,135.34,159.96,159.96,132.23,132.23
"2010",11,99.36,139.65,118.52,93.34,87.76,0,107.23,96.36,110.8,89.95,173.31,125.87,81.35,0,114.56,114.56,78.13,78.13,78.13,133.57,167.17,167.17,129.51,129.51
"2010",12,100.4,145.77,122.36,95.12,91.03,0,112.9,99.24,110.8,89.74,182.05,129.52,81.44,0,115.78,115.78,72.96,72.96,72.96,136.79,170.07,170.07,132.76,132.76
"2010",2,99.93,106.59,93.05,94.63,81.65,0,98.37,85.47,109.27,88.95,135.5,99.36,78.94,0,88.89,88.89,66.92,66.92,66.92,101.76,166.13,166.13,94.56,94.56
"2010",3,97.92,106.86,93.68,109.07,84.58,0,100.39,91.5,106.13,87.8,136.82,100.28,78.99,0,97.37,97.37,64.02,64.02,64.02,114.24,162.2,162.2,108.74,108.74
"2010",4,98.79,106.34,94.37,114.52,86.26,0,102.11,92.65,106.63,91.69,136.83,103.05,79.74,0,105.88,105.88,71.85,71.85,71.85,123.56,152.61,152.61,120.02,120.02
"2010",5,97.95,106.02,93.9,109.85,86.14,0,104.12,95.31,112.93,94.02,137.51,100.92,79.42,0,107.01,107.01,66.43,66.43,66.43,126.73,148.12,148.12,123.99,123.99
"2010",6,101.73,105.59,94.38,106.91,84.61,0,100.92,96.3,112.93,93.48,120.55,100.71,81.85,0,108.7,108.7,56.81,56.81,56.81,131.94,156,156,128.9,128.9
"2010",7,99.97,108.88,95.57,102.7,83.34,0,102.52,96.3,108.68,93.83,124.95,103.41,81.85,0,110.76,110.76,54.41,54.41,54.41,135.48,158.64,158.64,132.51,132.51
"2010",8,99.36,125.27,104.48,104.92,83.12,0,106.92,96.3,109.74,94.37,125.37,107.52,81.48,0,109.21,109.21,50.77,50.77,50.77,134.44,164.97,164.97,130.7,130.7
"2010",9,99.36,131.02,108.21,105.86,85.62,0,106.94,96.3,111.84,90.26,118.69,114.73,81.32,0,116.02,116.02,81.34,81.34,81.34,134.61,157.93,157.93,131.64,131.64
"2011",1,97.69,150.17,129.38,99.67,97.37,0,111.98,99.24,116.53,89.95,196.15,135.91,83.6,0,115.73,115.73,79.67,79.67,79.67,134.8,172.43,172.43,130.42,130.42
"2011",10,104.76,148.25,114.33,99.45,95.95,0,123.68,108.22,110.78,105.98,173.83,124.87,85.2,0,136.19,136.19,93.53,93.53,93.53,158.69,189.46,189.46,154.66,154.66
"2011",11,107.99,145.54,112.76,102.78,96.47,0,123.17,100.4,110.78,107.75,170.57,122.28,85.98,0,134.69,134.69,86.67,86.67,86.67,158.63,186.07,186.07,154.87,154.87
"2011",12,103.54,132.4,108.99,99.07,95.43,0,124.27,96.35,110.78,111.11,168.38,120.22,87.35,0,132.47,132.47,81.27,81.27,81.27,157.15,185.5,185.5,153.33,153.33
"2011",2,97.69,159.68,129.38,98.45,95.28,0,114.38,99.24,116.53,89.95,202.83,135.87,83.6,0,119.19,119.19,82.81,82.81,82.81,138.61,164.49,164.49,135.17,135.17
"2011",3,99.13,160.11,125.22,100.94,94.98,0,116.87,110.48,116.53,91,194.96,134.83,84.49,0,118.94,118.94,76.61,76.61,76.61,140.05,177.76,177.76,135.62,135.62
"2011",4,95.74,165.98,125.91,104.44,94.19,0,124.47,108.22,116.53,91.44,183.49,133.06,85.07,0,120.01,120.01,73.98,73.98,73.98,142.27,163.03,163.03,139.22,139.22
"2011",5,101.67,159.08,125.78,103.54,94.01,0,121.34,110.83,116.53,93.98,168.62,130.19,85.33,0,122.26,122.26,66.39,66.39,66.39,147.53,167.25,167.25,144.51,144.51
"2011",6,101.61,161.24,125.78,96.91,94.22,0,124.75,110.83,113.82,94.7,176.92,128.95,85.33,0,132.1,132.1,86.31,86.31,86.31,155.19,168.11,168.11,152.67,152.67
"2011",7,101.58,153.49,127.41,89.31,95.9,0,121.11,108.22,113.82,95.78,183.57,128.77,84.45,0,125.52,125.52,60.63,60.63,60.63,153.64,170.21,170.21,150.83,150.83
"2011",8,101.61,157.52,127.05,85.95,95.45,0,136.21,108.22,113.82,97.32,179.96,130.02,84.45,0,135.1,135.1,92.8,92.8,92.8,157.42,177.35,177.35,154.3,154.3
"2011",9,100.27,152.93,122.56,92.95,97.07,0,131.83,108.22,113.82,103.17,177.48,126.97,85.2,0,139.49,139.49,101.41,101.41,101.41,160.91,179.19,179.19,157.89,157.89
"2012",1,103.92,137.17,112.99,89.89,95.02,0,123.57,96.35,106.91,118.99,163.09,120.58,87.78,0,130.07,130.07,84.04,84.04,84.04,152.36,188.39,188.39,147.46,147.46
"2012",10,94.67,150.17,151.17,86.5,98.6,0,124.23,87.86,104.34,114.47,142.84,127.23,87.74,0,117.23,117.23,100.46,100.46,100.46,126.03,140.9,140.9,124.08,124.08
"2012",11,97.82,154.56,143.93,86.03,98.22,0,118.23,84.89,104.34,114.47,140.62,126.92,86.84,0,116.17,116.17,102.74,102.74,102.74,123.44,135.8,135.8,121.84,121.84
"2012",12,97.82,149.67,145.46,92.1,98.46,0,119.01,85.52,104.34,114.47,139.67,123.22,87.56,0,115.44,115.44,105.4,105.4,105.4,121.14,139.42,139.42,118.7,118.7
"2012",2,102.33,141.28,119.07,93.81,96.29,0,122.32,95.12,106.91,119.31,165.13,125.67,88.5,0,128.12,128.12,84.62,84.62,84.62,149.24,185.24,185.24,144.34,144.34
"2012",3,102.13,140.93,124.28,100.51,97.46,0,125.02,99.68,106.91,119.31,159.61,130.59,88.81,0,121.25,121.25,87.26,87.26,87.26,137.96,143.87,143.87,137.28,137.28
"2012",4,102.13,139.83,131.76,99.53,97.4,0,128.55,98.96,104.34,119.74,154.41,134.25,88.03,0,118.38,118.38,89.15,89.15,89.15,132.89,144.26,144.26,131.44,131.44
"2012",5,95.35,133.28,129.99,97.88,97.53,0,114.24,98.69,104.34,119.44,148.98,129.64,88.14,0,119.12,119.12,89.65,89.65,89.65,133.74,146.04,146.04,132.16,132.16
"2012",6,95.35,131.39,130.93,95.7,94.37,0,116.81,90.36,104.34,119.6,153.18,128.88,89.46,0,124.88,124.88,107.56,107.56,107.56,134.01,139.59,139.59,133.38,133.38
"2012",7,95.75,140.68,143.09,87.08,94.47,0,121.66,89.13,104.34,119.6,153.16,134.38,89.61,0,128.12,128.12,122.21,122.21,122.21,132.07,140.51,140.51,131.02,131.02
"2012",8,95.75,149.62,157.63,83.33,95.32,0,125.06,88.53,104.34,113.41,151.83,134.93,88.45,0,126.71,126.71,122.21,122.21,122.21,129.99,142.03,142.03,128.44,128.44
"2012",9,94.67,148.92,155.18,87.19,97.73,0,124.48,88.53,104.34,114.47,145.9,133.22,88.45,0,119.57,119.57,102.72,102.72,102.72,128.43,145.06,145.06,126.23,126.23
"2013",1,102.97,148.3,141.41,93.99,99.17,0,110.67,86.81,103.53,114.47,139.17,124.41,87.56,100,115.27,115.27,107.71,107.71,107.71,119.45,135.71,135.71,117.37,117.37
"2013",10,91.66,123.01,135.65,93.36,100.56,0,113.52,94.31,116.8,99.99,123.02,124.98,97.74,100,111.14,111.14,108.83,108.83,108.83,112.1,117.73,117.73,111.94,111.94
"2013",11,97.28,121.24,135.45,97.54,101.94,0,109.81,94.66,118.32,99.49,118.23,123.73,97.61,100,108.86,108.86,105.48,105.48,105.48,110.49,117.74,117.74,110.01,110.01
"2013",12,97.3,119.86,137.5,97.04,101.72,0,88.31,94.66,124.23,99.24,116.54,121.5,97.69,100,108.37,108.37,106.21,106.21,106.21,109.26,117.2,117.2,108.64,108.64
"2013",2,102.97,146.28,142.84,91.24,98.35,0,108.12,86.81,103.53,114.47,138.19,124.16,88.41,100,111.21,111.21,104.17,104.17,104.17,115.08,139.67,139.67,111.43,111.43
"2013",3,102.23,143.34,136.93,95.65,98.59,0,115.99,88.64,107.36,110.51,132.69,120.02,94.11,100,112.27,112.27,108.83,108.83,108.83,113.92,140.32,140.32,109.92,109.92
"2013",4,103.89,138.72,133.28,97.29,99.37,0,139.17,89.4,116.78,105.55,128.6,119.69,94.51,100,111.24,111.24,108.83,108.83,108.83,112.27,137.38,137.38,108.5,108.5
"2013",5,103.89,137.13,142.53,102.35,99.47,0,110.51,89.24,117.81,105.55,128.28,122.17,94.04,100,110.42,110.42,108.83,108.83,108.83,110.94,137.98,137.98,106.8,106.8
"2013",6,102.12,132.73,144.77,96.77,97.86,0,109.95,88.92,114.69,105.07,124.62,122.26,92.26,100,111.84,111.84,108.83,108.83,108.83,113.24,143.11,143.11,108.59,108.59
"2013",7,102.87,124.5,140.06,97.33,98.47,0,110.45,92.04,112.13,105.07,122.88,117.86,93.86,100,107.39,107.39,108.83,108.83,108.83,106.07,127.55,127.55,102.92,102.92
"2013",8,101.51,124.41,136.91,95.39,98.83,0,109.83,92.65,115.19,105.07,121.11,122.81,94.95,100,107.33,107.33,108.83,108.83,108.83,105.97,125.6,125.6,103.17,103.17
"2013",9,99.71,123.47,139.35,92.27,99.8,0,108.6,92.85,115.19,105.07,126.1,122.91,97,100,106.36,106.36,108.83,108.83,108.83,104.4,115.06,115.06,103.24,103.24
"2014",1,97.3,121.28,134.53,96.66,104.71,0,87.6,95.02,132.48,98.65,116.45,120.71,99.7,100,106.93,106.93,108.27,108.27,108.27,106.81,112.71,112.71,106.42,106.42
"2014",10,103.86,117.51,114.51,103.31,116.1,0,103.05,107.35,116.27,100.61,115.97,110.16,102.95,100,106.1,106.1,96.66,96.66,96.66,109.06,113.42,113.42,108.86,108.86
"2014",11,103.86,116.14,115.02,102.06,115.45,0,97.45,102.21,110.81,100.14,115.97,108.8,102.27,100,104.06,104.06,95.26,95.26,95.26,106.83,104.92,104.92,107.35,107.35
"2014",12,105.39,116.44,112.83,100.22,113.56,0,101.08,102.21,108.12,100.14,114.49,106.45,101.64,100,103.77,103.77,100.39,100.39,100.39,105,101.09,101.09,105.74,105.74
"2014",2,97.3,124.4,138.56,101.05,104.6,0,105,95.02,134.45,96.31,121.47,124.59,100.56,100,108.56,108.56,109.92,109.92,109.92,108.44,113.21,113.21,108.18,108.18
"2014",3,97.3,129.71,143.07,103.45,108.99,0,109.33,100.59,134.45,97.53,121.93,125.54,100.89,100,105.96,105.96,114.23,114.23,114.23,103.86,117.73,117.73,102.54,102.54
"2014",4,97.3,129.07,146.38,110.17,112.01,0,111.08,107.71,132.02,98.64,120.1,127.98,100.5,100,106.47,106.47,114.23,114.23,114.23,104.51,114.76,114.76,103.61,103.61
"2014",5,99.15,127.22,146.03,110.13,113.74,0,109.36,108.75,125.29,98.64,118.01,126.15,101.03,100,105.73,105.73,114.23,114.23,114.23,103.56,117.39,117.39,102.25,102.25
"2014",6,100.93,123.42,142.26,109.55,114.18,0,100.96,109.26,123.81,99.01,118.54,122.65,102.3,100,112,112,114.23,114.23,114.23,111.65,121.13,121.13,110.85,110.85
"2014",7,100.93,121.47,132.69,107.92,115.92,0,101.87,108.74,119.09,98.62,114.97,118.9,102.21,100,112.67,112.67,114.23,114.23,114.23,112.51,121.77,121.77,111.75,111.75
"2014",8,100.93,115.74,128.12,104.52,118.06,0,108.14,107.99,120.48,99.47,113.24,110.7,102.34,100,112.24,112.24,114.23,114.23,114.23,111.95,117.91,117.91,111.57,111.57
"2014",9,102.71,115.18,116.44,103.31,116.94,0,105.9,109.33,120.48,100.09,113.24,108.43,104.24,100,108.27,108.27,106.66,106.66,106.66,109.01,111.48,111.48,109.02,109.02
"2015",1,101.71,109.15,109.16,102.58,111.42,0,91.74,104.63,106.47,100.26,114,104.01,101.53,100,103.51,103.51,100.39,100.39,100.39,104.64,100.97,100.97,105.34,105.34
"2015",10,100.33,96.51,96.7,95.48,96.23,0,105.68,96.35,96.78,99.74,91.86,95.84,98.75,100,99.01,99.01,96.89,96.89,96.89,99.78,107.58,107.58,98.29,98.29
"2015",11,100.33,95.86,94.43,97.52,95.14,0,109.4,91.37,98.8,99.74,96.93,94.18,97.02,100,97.54,97.54,95.85,95.85,95.85,98.16,101.53,101.53,97.51,97.51
"2015",12,96.16,92.9,93.36,95.23,94.56,0,103.02,93.22,96.82,99.74,96.69,94.22,90.21,100,97.16,97.16,102.05,102.05,102.05,95.39,97.56,97.56,94.97,94.97
"2015",2,100.09,106.95,101.99,104.06,106.77,0,89.09,104.61,105.29,100.26,109.94,103.29,101.83,100,101.58,101.58,100.39,100.39,100.39,102.02,96.36,96.36,103.09,103.09
"2015",3,100.45,104.46,101.1,103.5,105.42,0,96.6,103.65,106.92,100.26,105.66,101.41,102.07,100,99.8,99.8,99.95,99.95,99.95,99.75,96.14,96.14,100.44,100.44
"2015",4,100.45,102.94,102.88,103.57,102.11,0,98.76,104.96,101.78,99.71,103.72,101.31,102.34,100,99.38,99.38,99.56,99.56,99.56,99.32,94.04,94.04,100.32,100.32
"2015",5,99.75,98.47,99.63,101.13,100.66,0,96.21,102.86,102.21,100.11,100.95,101.97,101.92,100,99.75,99.75,99.48,99.48,99.48,99.85,100.17,100.17,99.79,99.79
"2015",6,99.75,101.06,100.6,99.47,97.8,0,94.21,103.4,102.21,100.11,100.04,104.69,102.23,100,99.46,99.46,99.48,99.48,99.48,99.45,97.02,97.02,99.91,99.91
"2015",7,100.33,98.74,103.21,99.85,95.62,0,96.56,100.18,95.82,100.11,96.95,103.83,101.93,100,101.25,101.25,99.48,99.48,99.48,101.9,103.03,103.03,101.68,101.68
"2015",8,100.33,96.08,100.48,99.29,96.98,0,105.59,98.36,94.18,100.11,91.41,98.84,101.04,100,100.19,100.19,103.24,103.24,103.24,99.09,99.01,99.01,99.11,99.11
"2015",9,100.33,96.89,96.46,98.34,97.27,0,113.12,96.42,92.71,99.86,91.86,96.4,99.13,100,101.35,101.35,103.24,103.24,103.24,100.67,106.58,106.58,99.54,99.54
"2016",1,96.16,93.5,92,96.37,92.59,0,102.94,96.64,95.8,99.38,99.04,94.75,89.08,100,99.7,99.7,97.35,97.35,97.35,100.35,103.53,103.53,99.77,99.77
"2016",10,90.31,93.18,100.78,96.73,104.4,0,127.49,100.97,116.67,108.37,129.57,103.17,83.83,110.99,111.45,111.45,93.63,93.63,93.63,117.24,117.68,117.68,117.09,117.09
"2016",11,90.31,92.51,101.71,101.65,102.69,0,116.33,102.09,116.95,108.37,123.3,102.51,82.12,110.36,110.35,110.35,87.84,87.84,87.84,117.71,113.54,113.54,118.32,118.32
"2016",12,89.81,91.3,101.9,99.82,101.31,0,107.73,105.17,116.14,106.57,123.16,102.59,82.15,109.97,112.69,112.69,101.41,101.41,101.41,116.3,105.64,105.64,117.95,117.95
"2016",2,96.23,91.99,91.37,93.17,92.85,0,105.16,96.2,96.33,99.38,99.11,96.46,82.78,100,99.49,99.49,89.87,89.87,89.87,102.56,103.32,103.32,102.37,102.37
"2016",3,93.61,90.16,88.15,96.83,92.41,0,108.25,92.93,96.33,99.38,104.03,96.98,79.49,111.44,104.97,104.97,94.66,94.66,94.66,108.26,106.76,106.76,108.43,108.43
"2016",4,93.61,91.65,92.3,96.34,93.55,0,117.3,95.65,96.33,99.74,101.63,101.52,81.47,111.44,107.13,107.13,95.81,95.81,95.81,110.76,104.08,104.08,111.77,111.77
"2016",5,90.42,94.12,97.07,96.17,96.17,0,118.35,98.85,96.58,99.74,101.63,104.83,82.47,111.44,108.27,108.27,95.32,95.32,95.32,112.44,102.14,102.14,114.04,114.04
"2016",6,90.35,97.06,100.24,95.62,98.41,0,117.18,100.99,96.61,108.37,104.41,105.5,83.1,111.44,109.24,109.24,95.8,95.8,95.8,113.57,110.41,110.41,114.01,114.01
"2016",7,91.15,93.25,101.55,95.77,98.13,0,115.82,100.11,97.61,108.37,105.06,106.35,81.9,111.44,109.71,109.71,95.8,95.8,95.8,114.2,112.09,112.09,114.47,114.47
"2016",8,91.15,93.83,98.74,97.54,100.67,0,130.47,98.82,105.16,108.37,116.64,107.33,81.71,111.44,119.64,119.64,118.09,118.09,118.09,119.98,116.51,116.51,120.47,120.47
"2016",9,90.31,93.68,101.4,98.68,103.49,0,116.82,101.1,109.52,108.37,121.26,105.37,83.16,111.29,109.61,109.61,103.54,103.54,103.54,111.47,116.58,116.58,110.57,110.57
"2017",1,89.81,92.93,102.89,99.45,99.91,0,111.68,105.47,117.92,104.51,135.77,103.48,82.38,110.26,109.98,109.98,92.98,92.98,92.98,115.49,110.97,110.97,115.83,115.83
"2017",10,89.05,93,98.51,96.32,98.66,0,104.53,99.82,111.35,101.46,113.12,96.77,85.73,111.67,123.35,123.35,93.73,93.73,93.73,133.04,116.48,116.48,135.87,135.87
"2017",11,95.76,93.08,97.8,106.88,98.09,0,106.32,99.82,110.48,103.79,109.28,96.95,86.38,111.61,121.14,121.14,88.06,88.06,88.06,132,120.98,120.98,133.64,133.64
"2017",12,96.46,93.47,96.89,108.1,98.4,100,113.3,100.42,98.27,103.79,107.2,96.29,85.98,111.75,120.99,120.99,97.6,97.6,97.6,128.62,117.23,117.23,130.36,130.36
"2017",2,89.81,94.85,101,95.28,98.86,0,112.82,106.02,114.25,104.51,139.02,100.42,83.98,110.39,112.4,112.4,92.39,92.39,92.39,118.9,112.73,112.73,119.58,119.58
"2017",3,90.65,93.86,98.46,95.87,100.18,0,118.32,106.61,109.94,104.51,139.49,96.35,84.8,110.19,113.76,113.76,96.28,96.28,96.28,119.43,107.16,107.16,121.41,121.41
"2017",4,90.65,91.14,95.09,98.8,99.28,0,121.39,105.7,109.42,102.25,134.31,96.25,85.66,110.18,115.31,115.31,93.7,93.7,93.7,122.35,113.68,113.68,123.55,123.55
"2017",5,89.4,90.74,95.24,97.62,100.1,0,103.36,104.48,112.15,100.54,135.79,97.38,84.61,110.2,121.07,121.07,107.4,107.4,107.4,125.46,111.77,111.77,127.72,127.72
"2017",6,89.4,90.79,93.1,98.67,99.59,0,109.71,102.86,111.55,100.54,128.47,95.26,83.22,110.63,123.09,123.09,107.4,107.4,107.4,128.15,113.4,113.4,130.62,130.62
"2017",7,89.4,95.33,97.95,97.75,98.3,0,105.85,100.91,112.07,100.54,130.66,95.73,84.26,110.78,123.06,123.06,107.4,107.4,107.4,128.11,110.25,110.25,131.25,131.25
"2017",8,89.05,93.22,95.87,99.73,96.88,0,106.59,99.05,111.08,100.54,130.66,96.79,84.19,111.28,124.51,124.51,100.26,100.26,100.26,132.42,112.06,112.06,136.07,136.07
"2017",9,89.05,93.5,95.51,97.11,96.56,0,100.56,99.64,111.08,100.54,130.66,97.32,84.75,111.94,126.24,126.24,102.74,102.74,102.74,133.9,115.68,115.68,137.09,137.09
"2018",1,96.46,95.69,96.22,109.99,99.98,101.33,107.06,100.42,102.76,106.28,103.37,99.46,86.34,102.04,118.82,118.82,91.38,91.38,91.38,127.93,117.16,117.16,129.55,129.55
"2018",10,97.22,101.49,87.11,103.44,97.28,108.18,79.28,104.06,102.6,117.33,89.21,92.81,77.89,99.61,117.4,117.4,109.33,109.33,109.33,119.54,113.31,113.31,120.3,120.3
"2018",11,97.22,101.94,85.57,104.94,97.06,105.75,87.48,102.24,96.85,117.33,87.76,91.44,78.22,99.55,116.32,116.32,105.48,105.48,105.48,119.48,119.7,119.7,118.94,118.94
"2018",12,96.5,101.56,84.08,103.24,96.19,100,92.99,101.36,97.36,117.33,87.68,92.48,78.55,99.77,120.64,120.64,123.76,123.76,123.76,118.75,115.96,115.96,118.82,118.82
"2018",2,96.46,98.57,99.15,111.17,100.86,103.64,107.47,101.69,103.03,106.28,102.2,105.16,86.5,102.72,117.52,117.52,94.66,94.66,94.66,124.98,116.23,116.23,126.21,126.21
"2018",3,96.46,103.47,104.57,108.4,99.27,107.19,111.42,101.69,104.43,106.28,99.55,108.41,84.48,102.7,121.27,121.27,97.67,97.67,97.67,128.98,118.52,118.52,130.53,130.53
"2018",4,96.46,103.88,106.42,119.09,98.16,106.92,113.14,102.44,105.93,105.76,97.57,109.91,81.65,102.85,120.42,120.42,97.67,97.67,97.67,127.84,113.65,113.65,130.13,130.13
"2018",5,94.84,104.19,105.45,114.08,98.51,108.5,105.75,104.91,108.46,106.51,96.03,105.56,81.52,102.46,116.94,116.94,97.67,97.67,97.67,123.12,113.68,113.68,124.49,124.49
"2018",6,94.84,103.23,100.07,111.35,97.18,120.14,97.18,108.4,108.46,106.86,95.8,100.83,81.75,101.94,115.87,115.87,97.67,97.67,97.67,121.67,111.12,111.12,123.28,123.28
"2018",7,96.56,103.68,85.24,103.93,95.15,129.69,84.18,107.02,107.11,106.86,90.21,99.87,80.97,100.63,113.59,113.59,97.67,97.67,97.67,118.57,102.68,102.68,121.25,121.25
"2018",8,97.22,102.97,86.15,105.95,94.55,126.84,83.71,107.55,107.39,114.36,87.8,94.98,77.55,99.98,117.86,117.86,110.7,110.7,110.7,119.68,107.5,107.5,121.61,121.61
"2018",9,97.22,101.79,84.87,104.78,96.59,108.84,76.98,102.76,107.23,114.36,86.39,93.34,77.67,99.94,118.91,118.91,109.33,109.33,109.33,121.58,110.28,110.28,123.33,123.33
"2019",1,97,102.03,83.65,99.96,95.69,109.97,92.37,99.27,96.78,116.05,93.81,94.14,79.96,100.2,121.5,121.5,123.19,123.19,123.19,120.1,120.24,120.24,119.5,119.5
"2019",10,97.26,99.98,88.15,98.89,103.95,100.94,85.28,112.95,105.07,119.37,89.21,96.4,86.95,98.76,108.47,108.47,107.18,107.18,107.18,108.21,114.73,114.73,106.2,106.2
"2019",11,96.88,100.16,86.34,102.21,108.24,104.04,85.89,114.05,105.07,119.99,90.61,99.44,87.03,99.11,107.84,107.84,104.81,104.81,104.81,108.17,114.52,114.52,106.21,106.21
"2019",12,96.5,102.01,85.85,99.31,103.81,105.1,88.89,114.05,106.37,119.37,91.7,104.4,86.95,99.13,109.77,109.77,109.48,109.48,109.48,109.14,114.29,114.29,107.45,107.45
"2019",2,97,99.9,81.42,99.9,95.93,113.94,88.53,99.27,106.2,116.05,93.26,93.57,79.72,100.48,118.15,118.15,117.08,117.08,117.08,117.75,118.41,118.41,117.04,117.04
"2019",3,97,97.69,80.53,103.03,100.74,118.68,92.49,100.41,104.69,116.05,91.91,92.24,79.55,100.64,118.06,118.06,113.1,113.1,113.1,119.01,120.93,120.93,118,118
"2019",4,97,97.04,79.87,105.35,102.76,126.21,86.05,100.41,104.69,116.05,92.26,90.55,82.3,100.62,115.66,115.66,113.1,113.1,113.1,115.78,114.92,114.92,115.42,115.42
"2019",5,97,100.62,77.77,113.17,102.2,129.5,82.85,99.79,104.69,116.05,90.37,93.16,82.16,99.86,113.7,113.7,113.1,113.1,113.1,113.16,112.5,112.5,112.76,112.76
"2019",6,98.8,102.97,84.25,108.8,101.37,129.5,87.14,99.79,104.69,117.46,91.99,93.65,81.83,99.66,112.65,112.65,113.1,113.1,113.1,111.76,115.18,115.18,110.44,110.44
"2019",7,98.8,101.21,83.87,103.85,98.84,125.4,86,99.79,102.62,117.85,91.11,93.15,86.14,99.83,112.55,112.55,113.1,113.1,113.1,111.59,115.41,115.41,110.19,110.19
"2019",8,98.8,97.18,83.63,106.71,98.53,114.14,92.61,105.7,104.55,116.29,90.66,93.8,86.7,98.93,111.64,111.64,113.1,113.1,113.1,110.39,114.84,114.84,108.85,108.85
"2019",9,99.1,97.95,85.2,105.22,101.4,99.78,91.36,112.95,104.55,118.42,89.67,94.51,87.32,98.68,111.45,111.45,110.48,110.48,110.48,111.06,114.74,114.74,109.68,109.68
"2020",1,96.85,103.02,85.69,98.28,101.09,111.43,92.13,114.05,107.5,120.22,93.57,99.9,87.03,99.54,110.98,110.98,109.48,109.48,109.48,110.73,114.56,114.56,109.39,109.39
"2020",10,101.68,116.87,102.69,98.55,103.88,79.75,87.4,103.32,99.56,118.01,93.7,111.38,79.18,103.25,110.15,110.15,109.48,109.48,109.48,109.65,124.93,124.93,105.24,105.24
"2020",11,101.68,117.32,106.74,99.58,105.44,81,89.34,96.42,99.56,120.03,96.31,118.02,78.45,103.81,111.93,111.93,109.48,109.48,109.48,112,127.63,127.63,107.49,107.49
"2020",12,101.01,119.33,108.39,104.18,104.66,81,90.51,96.42,102.57,118.82,97.39,124.71,78.91,104.2,111.75,111.75,109.48,109.48,109.48,111.76,127.8,127.8,107.14,107.14
"2020",2,96.85,101.16,83.27,95.35,98.93,109.17,82.69,114.05,109.54,118.16,94.68,97.01,86.19,99.2,110.37,110.37,109.48,109.48,109.48,109.94,111.74,111.74,109.15,109.15
"2020",3,98.27,96.89,82.23,95.92,99.87,95.33,84.15,114.73,109.54,116.36,92.46,94.36,85.48,99.11,110.43,110.43,109.48,109.48,109.48,110.01,111.82,111.82,109.22,109.22
"2020",4,98.27,94.91,80.16,98.52,96.56,94.67,80.97,113.62,105.97,116.19,92.33,91.19,81.3,101.41,106.43,106.43,109.48,109.48,109.48,104.72,112.15,112.15,102.43,102.43
"2020",5,98.27,96.15,80,105.19,97.19,92.7,85.74,114.95,103.18,116.65,97.33,92.21,80.66,101.23,106.02,106.02,109.48,109.48,109.48,104.16,115.07,115.07,100.94,100.94
"2020",6,98.63,96.58,83.26,105.94,94.99,90.7,96.79,111.71,99.12,116.17,94.64,95.58,81.05,101.38,107.08,107.08,109.48,109.48,109.48,105.58,115.24,115.24,102.69,102.69
"2020",7,98.63,99.04,86.12,99.76,93.4,85.04,94.13,111.71,101.09,116.95,92.12,99.24,79.87,101.76,108.63,108.63,109.48,109.48,109.48,107.63,115.86,115.86,105.12,105.12
"2020",8,98.63,100.08,89.42,99.88,94.23,74.28,89.43,110.41,99.03,115.22,91.4,102.25,78.76,102.14,109.76,109.76,109.48,109.48,109.48,109.12,116.27,116.27,106.89,106.89
"2020",9,101.68,108.91,97.3,103.07,100.1,72.71,82.93,110.41,99.56,115.63,92.15,109,79.29,102.74,108.52,108.52,109.48,109.48,109.48,107.48,118.66,118.66,104.17,104.17
"2021",1,101.01,127.4,113.98,108.84,106.73,84.16,90.2,98.32,103.04,118.63,105.59,128.98,79.95,104.53,110.87,110.87,109.48,109.48,109.48,110.58,126.18,126.18,106.09,106.09
"2021",10,113.54,159.88,124.01,108.76,122.66,136.89,84.6,94.91,124.09,118.11,128.58,144.05,93.45,105.84,121.61,121.61,91.01,91.01,91.01,131.18,127.68,127.68,132.32,132.32
"2021",2,104.06,134.23,114.62,103.09,111.17,88.42,88.44,98.32,102.57,116.54,107.87,135.2,80.18,104.64,110.71,110.71,109.5,109.5,109.5,110.36,123.39,123.39,106.63,106.63
"2021",3,104.12,134.74,117.1,104.96,114.13,97.62,85.67,98.32,102.57,114.59,106.73,138.78,80.18,104.33,109.75,109.75,102.8,102.8,102.8,111.36,121.73,121.73,108.4,108.4
"2021",4,109.95,138.7,128.7,106.6,119.95,105.88,86.48,98.32,117.63,117.61,105.71,147.26,80.69,105.27,111.65,111.65,102.8,102.8,102.8,113.89,125.07,125.07,110.71,110.71
"2021",5,111.66,144.45,132.99,110.53,122.04,103.2,89.37,99.71,117.63,117.31,111.18,150.4,80.59,105.78,113.58,113.58,102.8,102.8,102.8,116.47,126.96,126.96,113.48,113.48
"2021",6,111.66,143.33,131.22,107.06,122.04,99.18,86.34,99.71,117.63,117.47,118.74,145.91,80.83,105.87,116.2,116.2,102.8,102.8,102.8,119.97,126.84,126.84,118.05,118.05
"2021",7,111.66,148.35,129.34,107.25,122.27,99.18,88.46,97.14,119.81,115.94,119.56,145.29,83.61,105.54,125.95,125.95,117.68,117.68,117.68,127.91,126.19,126.19,128.51,128.51
"2021",8,111.66,155.37,126.84,108.24,122.79,106.53,87.58,97.14,118.17,115.78,127.79,146.28,92.77,105.55,123.58,123.58,100.8,100.8,100.8,130.49,126,126,131.91,131.91
"2021",9,113.54,158.34,124.01,109.41,122.19,124.58,95.44,97.09,120.65,118.62,128.43,147.12,92.87,105.67,123.53,123.53,99.43,99.43,99.43,130.88,127.74,127.74,131.91,131.91
