"년","월","쌀 _수입","밀 _수입","옥수수 _수입","콩 _수입","과일 _수입","쇠고기 _수입","돼지고기 _수입","닭고기 _수입","신선수산물 _수입","냉동수산물 _수입","원유 _수입","치즈 _수입","어육 _수입","과일 _수출","신선수산물 _수출","냉동수산물 _수출","어육 _수출","김 _수출","라면 _수출","나프타 _수출","휘발유 _수출","제트유 _수출","등유 _수출","경유 _수출","벙커C유 _수출","정제혼합용원료유 _수출","윤활유 _수출","아스팔트 _수출"
"1971",1,0,48.04,21.21,30.64,0,0,0,0,0,0,3.2,0,0,0,8.06,18.7,0,0,0,0,0,0,0,0,0,0,0,0
"1971",10,0,48.04,21.59,30.57,0,0,0,0,0,0,3.25,0,0,0,7.9,18.7,0,0,0,0,0,0,0,0,0,0,0,0
"1971",11,0,48.04,21.59,30.57,0,0,0,0,0,0,3.25,0,0,0,7.75,18.7,0,0,0,0,0,0,0,0,0,0,0,0
"1971",12,0,48.04,21.59,30.57,0,0,0,0,0,0,3.25,0,0,0,7.67,18.64,0,0,0,0,0,0,0,0,0,0,0,0
"1971",2,0,48.04,21.97,30.64,0,0,0,0,0,0,3.2,0,0,0,7.88,18.7,0,0,0,0,0,0,0,0,0,0,0,0
"1971",3,0,48.04,23.87,30.91,0,0,0,0,0,0,3.2,0,0,0,8.2,18.7,0,0,0,0,0,0,0,0,0,0,0,0
"1971",4,0,48.04,23.87,30.91,0,0,0,0,0,0,3.2,0,0,0,8.8,18.7,0,0,0,0,0,0,0,0,0,0,0,0
"1971",5,0,48.04,27.65,30.91,0,0,0,0,0,0,3.2,0,0,0,8.38,18.7,0,0,0,0,0,0,0,0,0,0,0,0
"1971",6,0,48.04,22.16,30.91,0,0,0,0,0,0,3.2,0,0,0,9.02,18.7,0,0,0,0,0,0,0,0,0,0,0,0
"1971",7,0,48.04,22.29,30.91,0,0,0,0,0,0,3.25,0,0,0,7.65,18.7,0,0,0,0,0,0,0,0,0,0,0,0
"1971",8,0,48.04,20.08,30.91,0,0,0,0,0,0,3.25,0,0,0,7.59,18.7,0,0,0,0,0,0,0,0,0,0,0,0
"1971",9,0,48.04,21.59,30.91,0,0,0,0,0,0,3.25,0,0,0,7.64,18.7,0,0,0,0,0,0,0,0,0,0,0,0
"1972",1,0,46.88,30.24,30.57,0,0,0,0,0,0,4.4,0,0,0,8.39,18.7,0,0,0,0,0,0,0,0,0,0,0,0
"1972",10,0,46.98,23.54,33.2,0,0,0,0,0,0,4.59,0,0,0,8.8,20.53,0,0,0,0,0,0,0,0,0,0,0,0
"1972",11,0,49.37,23.61,33.2,0,0,0,0,0,0,4.59,0,0,0,8.83,21.05,0,0,0,0,0,0,0,0,0,0,0,0
"1972",12,0,48.7,24.43,32.53,0,0,0,0,0,0,4.59,0,0,0,8.88,21.05,0,0,0,0,0,0,0,0,0,0,0,0
"1972",2,0,46.88,30.74,30.57,0,0,0,0,0,0,4.4,0,0,0,8.68,18.7,0,0,0,0,0,0,0,0,0,0,0,0
"1972",3,0,45.93,26.51,29.16,0,0,0,0,0,0,4.4,0,0,0,8.59,18.7,0,0,0,0,0,0,0,0,0,0,0,0
"1972",4,0,45.93,26.51,29.16,0,0,0,0,0,0,4.6,0,0,0,8.97,18.7,0,0,0,0,0,0,0,0,0,0,0,0
"1972",5,0,45.93,26.51,29.16,0,0,0,0,0,0,4.6,0,0,0,8.81,18.7,0,0,0,0,0,0,0,0,0,0,0,0
"1972",6,0,45.93,28.72,29.16,0,0,0,0,0,0,4.6,0,0,0,9.94,18.7,0,0,0,0,0,0,0,0,0,0,0,0
"1972",7,0,45.93,28.29,29.16,0,0,0,0,0,0,4.59,0,0,0,7.86,18.7,0,0,0,0,0,0,0,0,0,0,0,0
"1972",8,0,45.93,28.16,29.16,0,0,0,0,0,0,4.59,0,0,0,7.86,18.7,0,0,0,0,0,0,0,0,0,0,0,0
"1972",9,0,46.49,25.38,33.2,0,0,0,0,0,0,4.59,0,0,0,8.83,19.47,0,0,0,0,0,0,0,0,0,0,0,0
"1973",1,0,48.7,25,32.53,0,0,0,0,0,0,4.9,0,0,0,9.56,20.79,0,0,0,0,0,0,0,0,0,0,0,0
"1973",10,0,92.33,56.63,57.04,0,0,0,0,0,0,7.18,0,0,0,9.56,24.93,0,0,0,0,0,0,0,0,0,0,0,0
"1973",11,0,91.84,60.98,69.44,0,0,0,0,0,0,8.68,0,0,0,9.56,25.59,0,0,0,0,0,0,0,0,0,0,0,0
"1973",12,0,98.37,63.31,69.44,0,0,0,0,0,0,8.61,0,0,0,9.56,25.44,0,0,0,0,0,0,0,0,0,0,0,0
"1973",2,0,48.6,32.01,32.53,0,0,0,0,0,0,4.9,0,0,0,9.56,21.05,0,0,0,0,0,0,0,0,0,0,0,0
"1973",3,0,49.66,39.27,52.61,0,0,0,0,0,0,4.9,0,0,0,9.56,22.65,0,0,0,0,0,0,0,0,0,0,0,0
"1973",4,0,50.24,39.27,52.61,0,0,0,0,0,0,5.08,0,0,0,9.56,23.2,0,0,0,0,0,0,0,0,0,0,0,0
"1973",5,0,52.83,39.14,52.61,0,0,0,0,0,0,5.08,0,0,0,9.56,23.2,0,0,0,0,0,0,0,0,0,0,0,0
"1973",6,0,62.6,45.89,57.04,0,0,0,0,0,0,5.25,0,0,0,9.56,23.2,0,0,0,0,0,0,0,0,0,0,0,0
"1973",7,0,72.67,45.14,57.04,0,0,0,0,0,0,5.47,0,0,0,9.56,22.65,0,0,0,0,0,0,0,0,0,0,0,0
"1973",8,0,74.02,51.64,57.04,0,0,0,0,0,0,5.73,0,0,0,9.56,22.65,0,0,0,0,0,0,0,0,0,0,0,0
"1973",9,0,74.59,57.45,57.04,0,0,0,0,0,0,5.93,0,0,0,9.56,22.65,0,0,0,0,0,0,0,0,0,0,0,0
"1974",1,0,95.39,64.96,69.44,0,0,0,0,0,0,17.08,0,0,0,9.56,23.72,0,0,0,0,0,0,0,0,0,0,0,0
"1974",10,0,94.72,76.2,72.46,0,0,0,0,0,0,21.11,0,0,0,10.75,21.05,0,0,0,0,0,0,0,0,0,0,0,0
"1974",11,0,97.51,64.58,72.46,0,0,0,0,0,0,21.09,0,0,0,10.75,21.05,0,0,0,0,0,0,0,0,0,0,0,0
"1974",12,0,94.62,73.29,72.46,0,0,0,0,0,0,21.09,0,0,0,10.65,20.61,0,0,0,0,0,0,0,0,0,0,0,0
"1974",2,0,98.08,60.92,69.44,0,0,0,0,0,0,20.08,0,0,0,9.56,23.46,0,0,0,0,0,0,0,0,0,0,0,0
"1974",3,0,93.77,61.17,69.44,0,0,0,0,0,0,20.08,0,0,0,9.56,24.54,0,0,0,0,0,0,0,0,0,0,0,0
"1974",4,0,92.62,60.98,69.44,0,0,0,0,0,0,20.46,0,0,0,9.56,24.54,0,0,0,0,0,0,0,0,0,0,0,0
"1974",5,0,94.72,60.98,69.44,0,0,0,0,0,0,20.46,0,0,0,9.56,24.54,0,0,0,0,0,0,0,0,0,0,0,0
"1974",6,0,99.99,63.06,69.44,0,0,0,0,0,0,20.52,0,0,0,9.56,20.01,0,0,0,0,0,0,0,0,0,0,0,0
"1974",7,0,100.57,59.79,58.13,0,0,0,0,0,0,20.54,0,0,0,9.56,20.01,0,0,0,0,0,0,0,0,0,0,0,0
"1974",8,0,94.72,51.32,58.13,0,0,0,0,0,0,20.59,0,0,0,9.56,19.73,0,0,0,0,0,0,0,0,0,0,0,0
"1974",9,0,93.86,60.98,58.13,0,0,0,0,0,0,20.51,0,0,0,10.75,19.73,0,0,0,0,0,0,0,0,0,0,0,0
"1975",1,0,94.03,72.88,72.45,0,0,0,0,0,0,21.13,0,0,0,9.56,18.39,0,0,0,0,0,0,0,0,0,0,0,0
"1975",10,0,71.31,58.74,48.92,0,0,0,0,0,0,21.16,0,0,0,17.29,21.42,0,0,0,0,0,0,0,0,0,0,0,0
"1975",11,0,71.31,55.65,48.92,0,0,0,0,0,0,22.59,0,0,0,17.29,25.09,0,0,0,0,0,0,0,0,0,0,0,0
"1975",12,0,64.55,55.65,48.92,0,0,0,0,0,0,22.59,0,0,0,17.29,27.26,0,0,0,0,0,0,0,0,0,0,0,0
"1975",2,0,94.39,71.64,72.45,0,0,0,0,0,0,21.13,0,0,0,9.56,15.99,0,0,0,0,0,0,0,0,0,0,0,0
"1975",3,0,80.17,65.63,72.45,0,0,0,0,0,0,21.13,0,0,0,9.56,15.99,0,0,0,0,0,0,0,0,0,0,0,0
"1975",4,0,62.5,65.51,72.45,0,0,0,0,0,0,21.16,0,0,0,9.56,16.44,0,0,0,0,0,0,0,0,0,0,0,0
"1975",5,0,59.9,65.51,72.45,0,0,0,0,0,0,21.16,0,0,0,9.35,16.25,0,0,0,0,0,0,0,0,0,0,0,0
"1975",6,0,53.77,59.61,48.92,0,0,0,0,0,0,21.16,0,0,0,9.35,18.55,0,0,0,0,0,0,0,0,0,0,0,0
"1975",7,0,58,56.64,48.92,0,0,0,0,0,0,21.16,0,0,0,12.17,20.09,0,0,0,0,0,0,0,0,0,0,0,0
"1975",8,0,63.2,56.64,37.16,0,0,0,0,0,0,21.16,0,0,0,12.17,20.76,0,0,0,0,0,0,0,0,0,0,0,0
"1975",9,0,71.31,60.04,48.92,0,0,0,0,0,0,21.16,0,0,0,17.29,21.42,0,0,0,0,0,0,0,0,0,0,0,0
"1976",1,0,64.48,51.73,48.92,0,0,0,0,0,0,22.59,0,0,0,17.29,27.58,0,0,0,0,0,0,0,0,0,0,0,0
"1976",10,0,60.18,52.04,65.01,0,0,0,0,0,0,22.59,0,0,0,15.03,36.43,0,0,0,0,0,0,0,0,0,0,0,0
"1976",11,0,58.28,50.68,60.47,0,0,0,0,0,0,22.59,0,0,0,15.03,36.43,0,0,0,0,0,0,0,0,0,0,0,0
"1976",12,0,57.43,49.56,61.12,0,0,0,0,0,0,22.59,0,0,0,15.9,37.37,0,0,0,0,0,0,0,0,0,0,0,0
"1976",2,0,60.88,51.73,48.92,0,0,0,0,0,0,22.59,0,0,0,16.69,27.58,0,0,0,0,0,0,0,0,0,0,0,0
"1976",3,0,60.88,52.41,47.98,0,0,0,0,0,0,22.59,0,0,0,16.35,28.37,0,0,0,0,0,0,0,0,0,0,0,0
"1976",4,0,61.73,52.41,46.03,0,0,0,0,0,0,22.59,0,0,0,12.36,29.44,0,0,0,0,0,0,0,0,0,0,0,0
"1976",5,0,60.75,53.03,46.86,0,0,0,0,0,0,22.59,0,0,0,12.36,31.55,0,0,0,0,0,0,0,0,0,0,0,0
"1976",6,0,60.75,53.35,36.69,0,0,0,0,0,0,22.59,0,0,0,12.36,31.91,0,0,0,0,0,0,0,0,0,0,0,0
"1976",7,0,61.1,57.38,56.66,0,0,0,0,0,0,22.59,0,0,0,12.36,32.95,0,0,0,0,0,0,0,0,0,0,0,0
"1976",8,0,61.1,55.21,60.77,0,0,0,0,0,0,22.59,0,0,0,12.36,33.7,0,0,0,0,0,0,0,0,0,0,0,0
"1976",9,0,61.1,55.14,66.64,0,0,0,0,0,0,22.59,0,0,0,14.15,35.56,0,0,0,0,0,0,0,0,0,0,0,0
"1977",1,0,57.15,49.44,61.77,0,0,0,0,0,0,22.82,0,0,0,16.35,39.31,0,0,0,0,0,0,0,0,0,0,0,0
"1977",10,0,43.14,38.39,49.73,0,0,0,0,0,0,25.04,0,0,0,14.95,32.1,0,0,0,0,0,0,0,0,0,0,0,0
"1977",11,0,43.14,41.68,49.73,0,0,0,0,0,0,25.04,0,0,0,15.1,32.1,0,0,0,0,0,0,0,0,0,0,0,0
"1977",12,0,45.61,48.64,55.31,0,0,0,0,0,0,25.04,0,0,0,15.1,31.66,0,0,0,0,0,0,0,0,0,0,0,0
"1977",2,0,57.43,50.18,65.12,0,0,0,0,0,0,23.3,0,0,0,16.63,40.77,0,0,0,0,0,0,0,0,0,0,0,0
"1977",3,0,57.43,50.18,74.1,0,0,0,0,0,0,23.3,0,0,0,17.37,36.43,0,0,0,0,0,0,0,0,0,0,0,0
"1977",4,0,57.43,50.18,87.54,0,0,0,0,0,0,23.3,0,0,0,17.37,32.53,0,0,0,0,0,0,0,0,0,0,0,0
"1977",5,0,56.24,48.44,92.24,0,0,0,0,0,0,23.3,0,0,0,17.37,32.1,0,0,0,0,0,0,0,0,0,0,0,0
"1977",6,0,56.24,47.15,92.24,0,0,0,0,0,0,23.3,0,0,0,17.03,32.1,0,0,0,0,0,0,0,0,0,0,0,0
"1977",7,0,49.98,47.15,80.56,0,0,0,0,0,0,25.04,0,0,0,14.57,32.1,0,0,0,0,0,0,0,0,0,0,0,0
"1977",8,0,49.98,47.15,80.56,0,0,0,0,0,0,25.04,0,0,0,14.57,32.1,0,0,0,0,0,0,0,0,0,0,0,0
"1977",9,0,49.98,38.39,51.03,0,0,0,0,0,0,25.04,0,0,0,16.69,32.1,0,0,0,0,0,0,0,0,0,0,0,0
"1978",1,0,48.08,48.64,55.31,0,0,0,0,0,0,25.04,0,0,0,17.72,31.66,0,0,0,0,0,0,0,0,0,0,0,0
"1978",10,0,56.87,46.4,63.71,0,0,0,0,0,0,25.01,0,0,0,18.59,32.84,0,0,0,0,0,0,0,0,0,0,0,0
"1978",11,0,58,50.8,62.3,0,0,0,0,0,0,25.01,0,0,0,18.59,34.48,0,0,0,0,0,0,0,0,0,0,0,0
"1978",12,0,58,49.44,63.3,0,0,0,0,0,0,25.01,0,0,0,18.59,34.48,0,0,0,0,0,0,0,0,0,0,0,0
"1978",2,0,50.89,48.64,53.49,0,0,0,0,0,0,25.04,0,0,0,20.3,31.66,0,0,0,0,0,0,0,0,0,0,0,0
"1978",3,0,51.17,48.64,53.49,0,0,0,0,0,0,25.04,0,0,0,20.3,31.66,0,0,0,0,0,0,0,0,0,0,0,0
"1978",4,0,55.33,48.64,53.49,0,0,0,0,0,0,25.04,0,0,0,19.63,31.66,0,0,0,0,0,0,0,0,0,0,0,0
"1978",5,0,55.33,54.46,53.49,0,0,0,0,0,0,25.04,0,0,0,17.43,31.66,0,0,0,0,0,0,0,0,0,0,0,0
"1978",6,0,55.33,54.46,53.49,0,0,0,0,0,0,25.01,0,0,0,15.84,32.81,0,0,0,0,0,0,0,0,0,0,0,0
"1978",7,0,55.82,52.04,64.88,0,0,0,0,0,0,25.01,0,0,0,16.56,32.63,0,0,0,0,0,0,0,0,0,0,0,0
"1978",8,0,54.33,45.84,57.43,0,0,0,0,0,0,25.01,0,0,0,16.56,32.63,0,0,0,0,0,0,0,0,0,0,0,0
"1978",9,0,54.33,45.84,59.48,0,0,0,0,0,0,25.01,0,0,0,18.59,32.84,0,0,0,0,0,0,0,0,0,0,0,0
"1979",1,0,58.49,52.6,63.3,0,0,0,0,0,0,26.22,0,0,0,18.59,34.48,0,0,0,0,0,0,0,0,0,0,0,0
"1979",10,0,69.05,62.22,73.69,0,0,0,0,0,0,39.28,0,0,0,28,36.98,0,0,0,0,0,0,0,0,0,0,0,0
"1979",11,0,69.05,65.57,67.88,0,0,0,0,0,0,49.41,0,0,0,28,36.98,0,0,0,0,0,0,0,0,0,0,0,0
"1979",12,0,71.16,65.57,67.88,0,0,0,0,0,0,50.27,0,0,0,23.25,38.6,0,0,0,0,0,0,0,0,0,0,0,0
"1979",2,0,58.49,52.6,66.05,0,0,0,0,0,0,26.36,0,0,0,20.04,35.13,0,0,0,0,0,0,0,0,0,0,0,0
"1979",3,0,58.49,52.6,70.29,0,0,0,0,0,0,26.36,0,0,0,28.83,35.13,0,0,0,0,0,0,0,0,0,0,0,0
"1979",4,0,58.49,52.6,70.29,0,0,0,0,0,0,30.16,0,0,0,20.48,35.13,0,0,0,0,0,0,0,0,0,0,0,0
"1979",5,0,59.76,55.89,70.29,0,0,0,0,0,0,30.16,0,0,0,20.48,35.13,0,0,0,0,0,0,0,0,0,0,0,0
"1979",6,0,64.55,55.89,70.29,0,0,0,0,0,0,30.83,0,0,0,18.16,35.56,0,0,0,0,0,0,0,0,0,0,0,0
"1979",7,0,76.23,70.35,73.69,0,0,0,0,0,0,37.54,0,0,0,18.16,35.56,0,0,0,0,0,0,0,0,0,0,0,0
"1979",8,0,73.35,62.22,73.69,0,0,0,0,0,0,37.54,0,0,0,28,35.56,0,0,0,0,0,0,0,0,0,0,0,0
"1979",9,0,69.05,62.22,73.69,0,0,0,0,0,0,37.54,0,0,0,28,36.98,0,0,0,0,0,0,0,0,0,0,0,0
"1980",1,0,72.47,63.27,63.58,0,0,0,0,0,29.09,53.81,0,0,0,23.12,39.54,0,0,0,0,0,0,0,0,0,0,0,0
"1980",10,0,78.33,72.84,79.45,0,0,0,0,0,36.68,63.78,0,0,0,19.5,42.42,0,0,0,0,0,0,0,0,0,0,0,0
"1980",11,0,82.36,81.45,82.46,0,0,0,0,0,36.68,67.73,0,0,0,19.5,42.42,0,0,0,0,0,0,0,0,0,0,0,0
"1980",12,0,75.7,81.39,82.46,0,0,0,0,0,36.68,67.73,0,0,0,20.8,43.46,0,0,0,0,0,0,0,0,0,0,0,0
"1980",2,0,72.47,63.27,63.58,0,0,0,0,0,29.09,54.6,0,0,0,25.64,40.84,0,0,0,0,0,0,0,0,0,0,0,0
"1980",3,0,70.12,63.8,65.68,0,0,0,0,0,29.09,54.6,0,0,0,25.64,40.84,0,0,0,0,0,0,0,0,0,0,0,0
"1980",4,0,70.12,58.41,62.67,0,0,0,0,0,28.98,59.68,0,0,0,19.08,40.84,0,0,0,0,0,0,0,0,0,0,0,0
"1980",5,0,68,58.9,62.67,0,0,0,0,0,30,60.9,0,0,0,17.27,40.84,0,0,0,0,0,0,0,0,0,0,0,0
"1980",6,0,68,61.88,61.97,0,0,0,0,0,28.03,60.9,0,0,0,16.34,40.84,0,0,0,0,0,0,0,0,0,0,0,0
"1980",7,0,72.54,66.39,66.03,0,0,0,0,0,36.68,61.51,0,0,0,16.23,41.57,0,0,0,0,0,0,0,0,0,0,0,0
"1980",8,0,72.69,74.59,72.74,0,0,0,0,0,36.68,63.78,0,0,0,15.48,41.57,0,0,0,0,0,0,0,0,0,0,0,0
"1980",9,0,76.43,74.33,76.1,0,0,0,0,0,36.68,63.78,0,0,0,15.48,41.57,0,0,0,0,0,0,0,0,0,0,0,0
"1981",1,0,75.7,81.39,82.46,0,0,0,0,0,36.68,70.3,0,0,0,22.38,43.46,0,0,0,0,0,0,0,0,0,0,0,0
"1981",10,0,66.02,60.92,66.8,0,0,0,0,0,32.67,68.16,0,0,0,20.75,46.5,0,0,0,0,0,0,0,0,0,0,0,0
"1981",11,0,65.57,57.13,63.93,0,0,0,0,0,32.67,68.16,0,0,0,21.9,46.91,0,0,0,0,0,0,0,0,0,0,0,0
"1981",12,0,61.91,56.68,63.93,0,0,0,0,0,32.67,68.16,0,0,0,17.26,46.91,0,0,0,0,0,0,0,0,0,0,0,0
"1981",2,0,75.7,81.39,82.46,0,0,0,0,0,36.68,70.3,0,0,0,22.38,44.95,0,0,0,0,0,0,0,0,0,0,0,0
"1981",3,0,75.7,74.56,82.46,0,0,0,0,0,36.68,70.3,0,0,0,20.56,45.61,0,0,0,0,0,0,0,0,0,0,0,0
"1981",4,0,75.7,76.02,75.46,0,0,0,0,0,34.05,70.3,0,0,0,20.56,45.61,0,0,0,0,0,0,0,0,0,0,0,0
"1981",5,0,75.7,72.33,74.98,0,0,0,0,0,34.05,70.3,0,0,0,15.4,46.28,0,0,0,0,0,0,0,0,0,0,0,0
"1981",6,0,70.2,68.27,74.98,0,0,0,0,0,34.05,69.81,0,0,0,15.4,46.28,0,0,0,0,0,0,0,0,0,0,0,0
"1981",7,0,62.8,69.23,72.74,0,0,0,0,0,34.05,68.16,0,0,0,15.4,46.28,0,0,0,0,0,0,0,0,0,0,0,0
"1981",8,0,66.02,68.44,72.74,0,0,0,0,0,33.35,68.16,0,0,0,15.4,46.28,0,0,0,0,0,0,0,0,0,0,0,0
"1981",9,0,66.02,61.89,72.74,0,0,0,0,0,33.68,68.16,0,0,0,17.13,46.5,0,0,0,0,0,0,0,0,0,0,0,0
"1982",1,0,64.62,56.68,66.8,0,0,0,0,0,32.67,67.63,0,0,0,17.26,46.91,0,0,0,0,0,0,0,0,0,0,0,0
"1982",10,0,63.17,51.62,52.95,0,0,0,0,0,32.67,65.3,0,0,0,13.65,45.94,0,0,0,0,0,0,0,0,0,0,0,0
"1982",11,0,63.17,51.87,54.27,0,0,0,0,0,32.67,65.12,0,0,0,13.65,39.52,0,0,0,0,0,0,0,0,0,0,0,0
"1982",12,0,64.48,50.61,54.27,0,0,0,0,0,32.67,65.12,0,0,0,13.65,39.52,0,0,0,0,0,0,0,0,0,0,0,0
"1982",2,0,63.75,56.68,66.8,0,0,0,0,0,32.67,67.26,0,0,0,15.26,46.96,0,0,0,0,0,0,0,0,0,0,0,0
"1982",3,0,62.72,56.68,66.8,0,0,0,0,0,32.67,66.76,0,0,0,15.26,46.96,0,0,0,0,0,0,0,0,0,0,0,0
"1982",4,0,64.99,57.62,62.6,0,0,0,0,0,32.67,66.76,0,0,0,13.65,46.96,0,0,0,0,0,0,0,0,0,0,0,0
"1982",5,0,64.99,57.62,62.6,0,0,0,0,0,32.67,66.76,0,0,0,13.65,45.65,0,0,0,0,0,0,0,0,0,0,0,0
"1982",6,0,63.39,57.06,60.92,0,0,0,0,0,32.67,66.76,0,0,0,13.65,45.65,0,0,0,0,0,0,0,0,0,0,0,0
"1982",7,0,63.39,55.29,58.96,0,0,0,0,0,32.67,65.47,0,0,0,13.65,45.65,0,0,0,0,0,0,0,0,0,0,0,0
"1982",8,0,59.79,54.05,56.65,0,0,0,0,0,32.67,65.3,0,0,0,13.65,45.65,0,0,0,0,0,0,0,0,0,0,0,0
"1982",9,0,63.17,51.62,56.65,0,0,0,0,0,32.67,65.3,0,0,0,13.65,45.94,0,0,0,0,0,0,0,0,0,0,0,0
"1983",1,0,64.48,51.44,54.27,0,0,0,0,0,32.67,65.12,0,0,0,13.65,39.52,0,0,0,0,0,0,0,0,0,0,0,0
"1983",10,0,62.8,76.48,77.21,0,0,0,0,0,34.64,56.14,0,0,0,13.65,36.58,0,0,0,0,0,0,0,0,0,0,0,0
"1983",11,0,61.99,76.48,74.28,0,0,0,0,0,34.64,56.14,0,0,0,14.34,36.58,0,0,0,0,0,0,0,0,0,0,0,0
"1983",12,0,59.94,74.33,74.14,0,0,0,0,0,34.64,56.14,0,0,0,14.18,36.73,0,0,0,0,0,0,0,0,0,0,0,0
"1983",2,0,64.48,54.68,56.52,0,0,0,0,0,32.67,65.05,0,0,0,13.65,37.02,0,0,0,0,0,0,0,0,0,0,0,0
"1983",3,0,65.29,55.43,56.52,0,0,0,0,0,32.67,62.3,0,0,0,13.65,37.02,0,0,0,0,0,0,0,0,0,0,0,0
"1983",4,0,66.1,67.43,59.1,0,0,0,0,0,34.64,56.02,0,0,0,13.65,37.02,0,0,0,0,0,0,0,0,0,0,0,0
"1983",5,0,66.1,67.95,60.43,0,0,0,0,0,34.64,56.06,0,0,0,13.65,37.02,0,0,0,0,0,0,0,0,0,0,0,0
"1983",6,0,63.09,66.64,60.43,0,0,0,0,0,34.64,56.06,0,0,0,13.65,36.77,0,0,0,0,0,0,0,0,0,0,0,0
"1983",7,0,61.77,69.97,60.43,0,0,0,0,0,34.64,56.14,0,0,0,13.65,36.77,0,0,0,0,0,0,0,0,0,0,0,0
"1983",8,0,61.77,72.64,62.67,0,0,0,0,0,34.64,56.2,0,0,0,13.65,36.77,0,0,0,0,0,0,0,0,0,0,0,0
"1983",9,0,62.8,76.48,74.98,0,0,0,0,0,34.64,56.2,0,0,0,13.65,36.77,0,0,0,0,0,0,0,0,0,0,0,0
"1984",1,0,60.23,72.41,79.04,0,0,0,0,0,34.64,56.14,0,0,0,14.18,36.02,0,0,0,0,0,0,0,0,0,0,0,0
"1984",10,0,59.64,65.1,60.43,0,0,0,0,0,35.17,56.31,0,0,0,31.21,40.53,0,0,0,0,0,0,0,0,0,0,0,0
"1984",11,0,59.79,61.96,57.21,0,0,0,0,0,35.17,56.31,0,0,0,29.04,40.53,0,0,0,0,0,0,0,0,0,0,0,0
"1984",12,0,58.69,61.76,56.3,0,0,0,0,0,35.17,56.31,0,0,0,25.18,40.53,0,0,0,0,0,0,0,0,0,0,0,0
"1984",2,0,58.77,70.48,70.92,0,0,0,0,0,36.15,56.06,0,0,0,18.64,37.29,0,0,0,0,0,0,0,0,0,0,0,0
"1984",3,0,61.12,72.53,71.9,0,0,0,0,0,35.47,56.06,0,0,0,18.88,37.77,0,0,0,0,0,0,0,0,0,0,0,0
"1984",4,0,61.12,75.35,70.85,0,0,0,0,0,35.17,56.06,0,0,0,20.19,38.36,0,0,0,0,0,0,0,0,0,0,0,0
"1984",5,0,62.21,73.35,70.85,0,0,0,0,0,35.17,56.2,0,0,0,21.27,38.36,0,0,0,0,0,0,0,0,0,0,0,0
"1984",6,0,62.8,71.48,74.91,0,0,0,0,0,35.17,56.2,0,0,0,22.16,39.05,0,0,0,0,0,0,0,0,0,0,0,0
"1984",7,0,59.28,71.25,74.91,0,0,0,0,0,35.17,56.31,0,0,0,19.84,39.69,0,0,0,0,0,0,0,0,0,0,0,0
"1984",8,0,59.28,70.29,68.82,0,0,0,0,0,35.17,56.31,0,0,0,19.17,40.09,0,0,0,0,0,0,0,0,0,0,0,0
"1984",9,0,59.21,70.29,64,0,0,0,0,0,35.17,56.31,0,0,0,23.96,40.09,0,0,0,0,0,0,0,0,0,0,0,0
"1985",1,0,61.55,61.01,55.09,0,0,0,0,0,35.04,56.34,0,0,0,23.8,40.56,110.65,0,47.88,29.19,0,0,0,48.84,45.13,0,0,0
"1985",10,0,54.17,50.53,49.81,0,0,0,0,0,34.84,55.82,0,0,0,19.51,40.01,109.36,0,47.88,32.76,0,0,0,39.91,42.01,0,0,0
"1985",11,0,56.72,50.99,50.03,0,0,0,0,0,35.67,55.77,0,0,0,19.88,39.15,104.31,0,47.88,30.57,0,0,0,40.5,40.15,0,0,0
"1985",12,0,57.69,54.14,51.28,0,0,0,0,0,35.74,55.77,0,0,0,19.88,37.59,102.16,0,47.88,31.07,0,0,0,41.17,40.02,0,0,0
"1985",2,0,58.71,61.65,56.66,0,0,0,0,0,34.72,56.23,0,0,0,23.8,40.16,113.24,0,47.88,29,0,0,0,42.27,44.89,0,0,0
"1985",3,0,59.62,61.65,56.66,0,0,0,0,0,34.72,56.11,0,0,0,21.83,39.38,109.79,0,47.88,27.63,0,0,0,42.68,45.05,0,0,0
"1985",4,0,59.5,62.41,59.65,0,0,0,0,0,34.72,56.11,0,0,0,22.27,39.38,111.09,0,47.88,28.26,0,0,0,41.84,43.62,0,0,0
"1985",5,0,58.37,62.41,56.44,0,0,0,0,0,34.84,56.11,0,0,0,21.45,39.51,113.68,0,47.88,31.7,0,0,0,41.84,42.19,0,0,0
"1985",6,0,57.06,62.41,55.51,0,0,0,0,0,34.84,56.11,0,0,0,21.16,39.51,105.91,0,47.88,30.13,0,0,0,42.56,40.91,0,0,0
"1985",7,0,55.07,61.95,55.51,0,0,0,0,0,34.84,56.05,0,0,0,20.82,39.51,105.48,0,47.88,30.57,0,0,0,40.09,39.91,0,0,0
"1985",8,0,53.94,59.38,53.18,0,0,0,0,0,34.84,55.82,0,0,0,20.82,39.91,102.91,0,47.88,30.26,0,0,0,41.29,40.83,0,0,0
"1985",9,0,52.46,50.48,52.09,0,0,0,0,0,34.84,55.82,0,0,0,19.95,40.04,103.34,0,47.88,31.92,0,0,0,39.66,42.19,0,0,0
"1986",1,0,57.92,55.02,52.32,0,0,0,0,0,35.22,55.05,0,0,0,20.64,38.56,103.02,0,47.88,30.67,0,0,0,43.23,41.12,0,0,0
"1986",10,0,42.51,34.4,46.78,0,0,0,0,0,39.91,26.31,0,0,0,26.78,38.42,135.41,0,45.2,15.7,0,0,0,18.6,17.05,0,0,0
"1986",11,0,44.67,37.55,46.78,0,0,0,0,0,39.91,26.38,0,0,0,28.87,41.14,134.13,0,45.2,18.85,0,0,0,15.46,16.3,0,0,0
"1986",12,0,44.45,39.29,46.66,0,0,0,0,0,39.91,26.82,0,0,0,30.82,43.25,126.7,0,45.2,16.22,0,0,0,17.71,16.3,0,0,0
"1986",2,0,54.44,53.56,52.04,0,0,0,0,0,35.22,48.16,0,0,0,17.71,40.8,103.44,0,47.41,28.26,0,0,0,42.68,41.04,0,0,0
"1986",3,0,54.44,50.41,51.28,0,0,0,0,0,36.55,35.17,0,0,0,17.26,41.88,108.07,0,45.2,24.3,0,0,0,41.42,32.05,0,0,0
"1986",4,0,57.86,49.94,51.06,0,0,0,0,0,38.58,28.56,0,0,0,17.26,41.54,112.48,0,45.2,13.39,0,0,0,32.66,17.81,0,0,0
"1986",5,0,50.87,49.94,51.06,0,0,0,0,0,39.73,27.84,0,0,0,19.45,39.92,113.13,0,45.2,14.54,0,0,0,20.95,16.46,0,0,0
"1986",6,0,45.98,48.55,50.46,0,0,0,0,0,39.73,26.25,0,0,0,19.56,36.28,115.08,0,45.2,16.73,0,0,0,19.69,16.46,0,0,0
"1986",7,0,41.49,41.16,49.27,0,0,0,0,0,39.73,21.96,0,0,0,19.56,37.16,119.79,0,45.2,18,0,0,0,20.1,16,0,0,0
"1986",8,0,42.06,38.13,49.27,0,0,0,0,0,39.91,18.6,0,0,0,20.38,38.95,120.13,0,45.2,16.22,0,0,0,14.91,13.23,0,0,0
"1986",9,0,42.17,34.64,47.21,0,0,0,0,0,39.91,24.13,0,0,0,20.38,39.54,121.76,0,45.2,15.41,0,0,0,13.94,17.4,0,0,0
"1987",1,0,44.55,38.01,46.5,0,0,0,0,0,39.91,29.01,0,0,0,27.05,42.82,133.37,0,45.68,16,0,0,0,20.52,23.05,0,0,0
"1987",10,0,47.69,44.48,51.77,0,0,0,0,0,48.72,35.44,0,0,0,27.81,53.41,154.68,0,47.12,29.42,0,0,0,28.73,27.22,0,0,0
"1987",11,0,47.69,46.52,52.04,0,0,0,0,0,48.72,35.32,0,0,0,34.64,56.1,158.24,0,47.12,26.17,0,0,0,28.73,26.3,0,0,0
"1987",12,0,48.42,46.17,52.04,0,0,0,0,0,48.72,34.21,0,0,0,34.64,56.1,153.38,0,48.32,22.55,0,0,0,28.73,26.3,0,0,0
"1987",2,0,44.74,37.14,46.39,0,0,0,0,0,39.91,35.11,0,0,0,29.87,42.29,133.71,0,45.68,21.96,0,0,0,25.43,23.05,0,0,0
"1987",3,0,45.36,37.14,46.39,0,0,0,0,0,39.91,35.11,0,0,0,29.28,42.24,138.63,0,45.68,21.96,0,0,0,25.43,23.05,0,0,0
"1987",4,0,45.36,40.57,46.39,0,0,0,0,0,39.91,34.83,0,0,0,29.13,44.22,144.24,0,45.68,21.96,0,0,0,25.43,23.05,0,0,0
"1987",5,0,48.48,45.65,48.35,0,0,0,0,0,39.91,34.83,0,0,0,33.37,47.03,145.84,0,45.68,21.96,0,0,0,25.43,23.05,0,0,0
"1987",6,0,45.93,45.65,51.5,0,0,0,0,0,39.91,35.06,0,0,0,36.69,45.52,145.2,0,45.68,21.96,0,0,0,25.43,23.05,0,0,0
"1987",7,0,45.75,41.27,51.5,0,0,0,0,0,40.43,35.21,0,0,0,34.48,49.01,145.2,0,45.68,21.96,0,0,0,25.43,23.05,0,0,0
"1987",8,0,42.91,40.47,51.28,0,0,0,0,0,40.82,35.17,0,0,0,35.45,50.54,145.2,0,45.68,21.96,0,0,0,25.43,23.05,0,0,0
"1987",9,0,45.64,44.48,51.77,0,0,0,0,0,48.72,35.28,0,0,0,27.81,50.54,154.68,0,47.12,23.3,0,0,0,27.36,23.05,0,0,0
"1988",1,0,48.42,50.48,54.33,0,0,0,0,0,48.72,34.04,0,0,0,34.64,54.89,144.78,0,49.31,22.55,0,0,0,28.73,26.3,0,0,0
"1988",10,0,66.84,67.29,78.49,0,0,0,0,0,53.89,23.57,0,0,0,44.36,50.05,135.11,0,51.66,19.21,0,0,0,27.22,18.24,0,0,0
"1988",11,0,67.63,63.92,76.54,0,0,0,0,0,53.89,22,0,0,0,52.77,52.22,135.11,0,52.53,17.57,0,0,0,24.3,17.78,0,0,0
"1988",12,0,68.26,67.47,76.54,0,0,0,0,0,53.89,24.13,0,0,0,54.22,58.02,135.11,0,52.53,15.82,0,0,0,21.83,18.24,0,0,0
"1988",2,0,50.36,55.43,56.55,0,0,0,0,0,48.72,32.7,0,0,0,34.64,53.57,146.18,0,49.31,19.84,0,0,0,30.15,24.32,0,0,0
"1988",3,0,50.75,55.88,56.77,0,0,0,0,0,49.42,31.98,0,0,0,38.12,55.9,145.32,0,48.17,19.84,0,0,0,25.3,20.98,0,0,0
"1988",4,0,49.33,55.43,61,0,0,0,0,0,53.89,30.75,0,0,0,38.69,58.77,143.38,0,48.17,20.38,0,0,0,30.95,20.98,0,0,0
"1988",5,0,49.96,53.2,62.69,0,0,0,0,0,53.89,31.3,0,0,0,38.22,58.75,143.38,0,48.17,19.49,0,0,0,29.15,20.98,0,0,0
"1988",6,0,60.47,62.76,79.47,0,0,0,0,0,53.89,31.58,0,0,0,35.85,57.13,145.75,0,50.7,19.46,0,0,0,29.4,21.41,0,0,0
"1988",7,0,63.09,74.06,81.16,0,0,0,0,0,53.89,30.75,0,0,0,36.5,54.16,145.75,0,51.19,19.12,0,0,0,28.97,21.41,0,0,0
"1988",8,0,63.77,67.07,78.93,0,0,0,0,0,53.89,29.12,0,0,0,36.22,57.7,145.75,0,51.66,19.18,0,0,0,27.6,20.52,0,0,0
"1988",9,0,63.71,65.31,78.34,0,0,0,0,0,53.89,29.12,0,0,0,41.14,53.48,145.75,0,51.66,18.69,0,0,0,24.58,20.52,0,0,0
"1989",1,0,69.29,67.93,75.02,0,0,0,0,0,53.89,26.48,0,0,0,56.62,61.59,141.87,0,54.98,15.82,0,0,0,21.99,18.24,0,0,0
"1989",10,0,66.32,61.65,57.75,0,0,0,0,0,53.89,33.43,0,0,0,54.32,57.93,148.12,0,60.61,16.73,0,0,0,23.58,22.8,0,0,0
"1989",11,0,66.67,63.16,59.54,0,0,0,0,0,53.89,34.83,0,0,0,49.84,60.55,147.58,0,60.61,17.85,0,0,0,29.28,22.89,0,0,0
"1989",12,0,66.55,63.16,59.54,0,0,0,0,0,53.89,35.06,0,0,0,55.57,63.07,147.58,0,61.19,17.85,0,0,0,30.62,22.89,0,0,0
"1989",2,0,69.85,66.01,73.06,0,0,0,0,0,53.89,30.96,0,0,0,55.14,63.19,141.87,0,54.98,16.6,0,0,0,22.58,17.78,0,0,0
"1989",3,0,70.13,67.93,73.77,0,0,0,0,0,53.89,31.75,0,0,0,55.2,63.19,141.87,0,54.98,16.73,0,0,0,23.07,18.32,0,0,0
"1989",4,0,68.37,66.07,71.43,0,0,0,0,0,53.89,32.92,0,0,0,55.2,63.19,140.26,0,59.28,16.73,0,0,0,23.07,18.32,0,0,0
"1989",5,0,68.43,68.06,73.34,0,0,0,0,0,53.89,35.61,0,0,0,53.11,63.19,140.26,0,60.14,16.73,0,0,0,23.58,18.99,0,0,0
"1989",6,0,68.21,63.98,71.75,0,0,0,0,0,53.89,35.61,0,0,0,52.13,67.43,140.26,0,60.14,16.73,0,0,0,23.58,20.52,0,0,0
"1989",7,0,65.25,59.61,69.86,0,0,0,0,0,53.89,34.83,0,0,0,53.46,67.34,140.26,0,60.14,16.73,0,0,0,23.58,22.34,0,0,0
"1989",8,0,66.67,59.15,67.14,0,0,0,0,0,53.89,33.83,0,0,0,57.8,58.86,140.26,0,60.14,16.73,0,0,0,23.58,22.34,0,0,0
"1989",9,0,65.88,58.45,63.55,0,0,0,0,0,53.89,33.2,0,0,0,53.72,56.51,148.12,0,60.14,16.73,0,0,0,23.58,23.22,0,0,0
"1990",1,0,65.57,62.22,58.41,50,84.02,0,0,0,53.89,36.29,0,18.95,0,65.77,63.23,147.65,0,61.19,17.87,0,0,0,30.62,26.01,0,0,0
"1990",10,0,45.4,56.37,57.55,50,90.03,0,0,0,53.89,62.01,0,18.95,0,58.07,54.49,147.65,0,61.19,21.56,0,0,0,41.98,25.5,0,0,0
"1990",11,0,46.04,55.65,55.29,50,90.37,0,0,0,53.89,67.07,0,19.99,0,58.75,54.49,147.65,0,61.19,30.05,0,0,0,41.98,24.32,0,0,0
"1990",12,0,46.25,59.11,55.98,50,86.01,0,0,0,53.89,59.48,0,19.99,0,59.44,52.73,160.29,0,61.19,30.05,0,0,0,36.93,24.32,0,0,0
"1990",2,0,61.41,62.22,56.86,50,84.1,0,0,0,53.89,37.68,0,18.95,0,61.08,63.1,147.65,0,61.19,17.91,0,0,0,33.6,24.55,0,0,0
"1990",3,0,58.78,63.13,57.95,50,85.75,0,0,0,53.89,36.37,0,18.95,0,55.33,63.21,147.65,0,61.19,17.91,0,0,0,33.6,26.02,0,0,0
"1990",4,0,58.83,65.38,59.47,50,87.15,0,0,0,53.89,34.61,0,18.95,0,54.37,55.57,147.65,0,61.19,17.91,0,0,0,33.6,22.34,0,0,0
"1990",5,0,57.06,65.87,60.22,50,86.8,0,0,0,53.89,32.67,0,18.95,0,55.06,53.23,147.65,0,61.19,21.56,0,0,0,33.6,22.34,0,0,0
"1990",6,0,54.33,66.84,58.65,50,85.84,0,0,0,53.89,30.64,0,18.95,0,55.06,53.23,147.65,0,61.19,21.56,0,0,0,32.42,21.06,0,0,0
"1990",7,0,50.58,60.32,56.62,50,87.15,0,0,0,53.89,28.79,0,18.95,0,53.16,53.56,147.65,0,61.19,21.56,0,0,0,32.42,20.37,0,0,0
"1990",8,0,49.68,59.42,60.22,50,88.2,0,0,0,53.89,30.61,0,18.95,0,54.24,53.5,147.65,0,61.19,21.56,0,0,0,32.42,20.37,0,0,0
"1990",9,0,48.5,54.24,58.19,50,89.23,0,0,0,53.89,48.96,0,18.95,0,54.3,53.45,147.65,0,61.19,21.56,0,0,0,32.42,23,0,0,0
"1991",1,0,45.5,60.51,55.53,50,82.02,0,0,0,53.89,51.15,0,19.99,0,59.44,52.73,167.12,0,61.19,30.05,0,0,0,36.93,32.6,0,0,0
"1991",10,0,58.04,63.01,51.06,35.35,84.8,0,0,0,53.89,36.51,0,39.61,0,70.4,55.38,167.12,0,61.19,30.05,0,0,0,43.12,29.59,0,0,0
"1991",11,0,60.44,63.01,51.06,39.09,89.06,0,0,0,53.89,38.89,0,39.61,0,70.4,61.35,167.12,0,65.66,30.05,0,0,0,45.49,29.75,0,0,0
"1991",12,0,64.14,63.01,51.06,36.55,85.49,0,0,0,53.89,39.06,0,39.61,0,70.4,65.75,158.8,0,65.66,30.05,0,0,0,43.16,29.75,0,0,0
"1991",2,0,46.68,61.73,56.22,50,84.45,0,0,0,53.89,41.93,0,22.13,0,61.26,52.46,167.12,0,61.19,30.05,0,0,0,36.93,26.6,0,0,0
"1991",3,0,48.5,60.09,56.22,54.19,84.54,0,0,0,53.89,32.84,0,24.79,0,61.26,52.46,167.12,0,61.19,30.05,0,0,0,36.93,25.4,0,0,0
"1991",4,0,49.84,61.48,56.22,61.96,85.84,0,0,0,53.89,33.8,0,24.79,0,61.26,53.24,167.12,0,61.19,30.05,0,0,0,36.93,25.4,0,0,0
"1991",5,0,50.64,60.81,54.53,65,83.49,0,0,0,53.89,33.01,0,24.02,0,61.26,53.24,167.12,0,61.19,30.05,0,0,0,37.89,27.85,0,0,0
"1991",6,0,50.69,60.81,54.3,62.75,89.06,0,0,0,53.89,32.63,0,24.02,0,62.74,53.24,167.12,0,61.19,30.05,0,0,0,39.8,30.2,0,0,0
"1991",7,0,48.34,63.01,51.81,42.85,79.66,0,0,0,53.89,33.3,0,30.18,0,62.74,54.18,167.12,0,61.19,30.05,0,0,0,39.32,28.72,0,0,0
"1991",8,0,48.34,60.57,51.06,39.09,79.66,0,0,0,53.89,34.52,0,33.79,0,70.4,55.1,167.12,0,61.19,30.05,0,0,0,41.16,28.31,0,0,0
"1991",9,0,53.91,60.57,51.06,39.15,79.84,0,0,0,53.89,35.35,0,36.88,0,70.4,55.38,167.12,0,61.19,30.05,0,0,0,43.12,27.54,0,0,0
"1992",1,0,65.9,63.01,53.72,45.3,82.02,0,0,0,53.89,34.35,0,47.11,0,61.44,65.75,170.7,0,65.66,30.05,0,0,0,39.95,25.19,0,0,0
"1992",10,0,61.82,52.17,52.85,39.45,80.27,0,0,0,53.89,37.17,0,42.31,0,60.41,64.81,162.82,0,65.66,30.05,0,0,0,42.88,35.27,0,0,0
"1992",11,0,61.99,54.98,55.53,36.2,81.49,0,0,0,53.89,36.75,0,42.31,0,60.41,66.98,162.82,0,65.66,30.05,0,0,0,41.22,32.7,0,0,0
"1992",12,0,61.18,56.37,56.22,36.2,81.49,0,0,0,53.89,34.86,0,42.31,0,65.19,76,162.82,0,65.66,30.05,0,0,0,40.61,30.2,0,0,0
"1992",2,0,68.73,63.8,53.72,46.75,83.24,0,0,0,53.89,33.43,0,58.01,0,61.44,64.2,168.61,0,65.66,30.05,0,0,0,37.52,24.91,0,0,0
"1992",3,0,65.36,63.2,54.53,46.85,83.76,0,0,0,53.89,32.38,0,55.19,0,61.44,62.79,170.84,0,65.66,30.05,0,0,0,35.48,25.1,0,0,0
"1992",4,0,64.14,60.32,53.95,51.81,81.23,0,0,0,53.89,32.38,0,55.19,0,56.7,61.03,162.82,0,65.66,30.05,0,0,0,38.1,28.75,0,0,0
"1992",5,0,62.37,60.99,54.83,49.45,78.45,0,0,0,53.89,33.3,0,55.19,0,55.33,61.57,162.82,0,65.66,30.05,0,0,0,40.29,31.23,0,0,0
"1992",6,0,61.03,60.57,55.41,45.4,78.45,0,0,0,53.89,35.66,0,55.19,0,56.19,59.31,162.82,0,65.66,30.05,0,0,0,43.79,31.81,0,0,0
"1992",7,0,58.45,56.14,53.14,40.51,77.32,0,0,0,53.89,38.31,0,55.19,0,56.19,62.79,162.82,0,65.66,30.05,0,0,0,43.02,31.84,0,0,0
"1992",8,0,55.51,54.24,52.91,40.65,77.06,0,0,0,53.89,37.94,0,41.74,0,60.41,62.59,162.82,0,65.66,30.05,0,0,0,39.62,32.25,0,0,0
"1992",9,0,61.24,52.6,53.14,39.45,80.27,0,0,0,53.89,36.71,0,41.74,0,60.41,60.51,162.82,0,65.66,30.05,0,0,0,40.29,33.7,0,0,0
"1993",1,0,63.07,55.88,57.55,38.7,81.49,0,0,0,53.89,33.18,0,42.31,0,64.9,71.54,162.82,0,65.66,30.05,0,0,0,39.32,29.48,0,0,0
"1993",10,0,64.08,60.88,62.71,42.8,77.32,0,0,0,55.83,30.18,0,36.53,0,60.81,80.58,146.02,0,65.66,26.58,0,0,0,39.14,26.7,0,0,0
"1993",11,0,65.85,63.98,64.15,41.5,77.32,0,0,0,56.86,29.76,0,36.53,0,59.26,82.12,146.02,0,65.66,25.57,0,0,0,37.48,20.37,0,0,0
"1993",12,0,66.97,63.98,64.15,41.5,77.32,0,0,0,56.86,27.99,0,36.53,0,59.26,83.83,146.02,0,65.66,25.3,0,0,0,33.25,19.67,0,0,0
"1993",2,0,60.81,54.98,56.86,43.59,81.49,0,0,0,53.89,31.46,0,42.31,0,69.98,73.42,162.82,0,65.66,30.05,0,0,0,39.32,29.48,0,0,0
"1993",3,0,59.69,55.88,57.32,46.89,76.01,0,0,0,54.27,32.75,0,42.31,0,69.98,74.55,162.82,0,65.66,30.05,0,0,0,39.32,29.48,0,0,0
"1993",4,0,58.24,55.88,57.32,45.25,74.44,0,0,0,54.27,33.14,0,36.53,0,65.26,79.55,162.82,0,65.66,30.05,0,0,0,39.32,29.48,0,0,0
"1993",5,0,54.71,55.88,58.48,45.25,73.66,0,0,0,54.27,34.18,0,36.53,0,64.23,80.8,162.82,0,65.66,30.05,0,0,0,40.11,30.2,0,0,0
"1993",6,0,53.16,55.88,57.09,45.25,69.13,0,0,0,54.27,32.92,0,36.53,0,62.12,81.89,162.82,0,65.66,29.75,0,0,0,40.11,28.57,0,0,0
"1993",7,0,57.34,57.84,65.6,41.09,70.17,0,0,0,54.27,32,0,36.53,0,62.12,81.65,162.82,0,65.66,29.75,0,0,0,40.11,28.57,0,0,0
"1993",8,0,61.82,61.73,63.35,41.5,75.4,0,0,0,54.27,29.93,0,36.53,0,60.29,82.8,146.02,0,65.66,27.52,0,0,0,37.55,26.7,0,0,0
"1993",9,0,62.8,61.92,62.71,41.5,77.32,0,0,0,54.27,30.01,0,36.53,0,60.18,81.34,146.02,0,65.66,26.11,0,0,0,35.96,25.55,0,0,0
"1994",1,0,65.21,64.77,66.07,41.5,77.32,0,0,0,57.88,25.1,0,36.53,0,59.26,84.52,146.02,0,65.66,26.85,0,0,0,34.67,22.49,0,0,0
"1994",10,0,67.14,60.57,58.76,45.8,75.06,0,0,0,58.75,31.46,0,42.5,0,67.24,105.51,146.02,0,65.66,32.75,0,0,0,33.56,31.97,0,0,0
"1994",11,0,66.33,62.34,59.87,39.45,77.14,0,0,0,58.75,31.07,0,42.5,0,68.74,107.95,146.02,0,65.66,33.7,0,0,0,38.45,32.86,0,0,0
"1994",12,0,66.17,68.25,59.35,35.66,77.14,0,0,0,58.75,32.24,0,42.5,0,69.58,97.88,146.02,0,65.66,34.07,0,0,0,34.67,31.46,0,0,0
"1994",2,0,65.21,66.42,64.91,41.5,75.06,0,0,0,57.88,26.31,0,37.24,0,59.26,86.33,146.02,0,65.66,25.24,0,0,0,32.12,21.8,0,0,0
"1994",3,0,63.55,66.42,63.8,63.54,77.32,0,0,0,58.91,26.07,0,39.15,0,63.94,96.37,146.02,0,65.66,24.96,0,0,0,30.87,20.06,0,0,0
"1994",4,0,59.58,66.42,63.8,63.54,82.8,0,0,0,56.86,25.17,0,39.15,0,63.94,97.93,146.02,0,65.66,28.16,0,0,0,34.19,27.77,0,0,0
"1994",5,0,60.77,65.38,63.8,63.54,82.8,0,0,0,55.83,27.58,0,39.15,0,63.94,97.93,146.02,0,65.66,29.48,0,0,0,33.08,30.92,0,0,0
"1994",6,0,60.77,65.63,66.07,51.25,72.09,0,0,0,57.13,29.89,0,39.15,0,62.29,93.15,146.02,0,65.66,31.07,0,0,0,31.9,30.41,0,0,0
"1994",7,0,56.32,60.32,62.71,45.8,72.09,0,0,0,58.75,31.49,0,39.15,0,60.63,96.06,146.02,0,65.66,32.2,0,0,0,32.87,37.08,0,0,0
"1994",8,0,58.73,59.9,61.78,44.75,76.71,0,0,0,58.75,34.03,0,39.15,0,62.45,97.66,146.02,0,65.66,32.1,0,0,0,32.05,32.51,0,0,0
"1994",9,0,64.66,60.09,59.35,45.8,79.66,0,0,0,58.75,32.5,0,39.15,0,63.2,98.05,146.02,0,65.66,31.97,0,0,0,32.32,26.53,0,0,0
"1995",1,0,66.22,68.26,58.76,49.38,77.57,65.46,0,0,59.07,31.7,0,42.68,0,121.8,94.01,145.24,0,65.81,33.7,0,35.33,35.94,34.3,35.32,0,0,0
"1995",10,0,80.42,77.02,64.9,63.07,79.45,65.46,0,0,63.82,31.63,0,41.65,0,184.86,91.33,133.44,0,67.89,30.03,0,35.57,36.19,31.73,31.53,0,0,0
"1995",11,0,81.13,77.82,66.02,59.85,77.34,65.46,0,0,63.82,30.52,0,41.26,0,182.77,76.86,133.44,0,67.89,30.16,0,38.71,39.38,34.52,32.61,0,0,0
"1995",12,0,83.74,77.82,68.93,63.2,70.96,65.46,0,0,63.82,32.58,0,41.26,0,174.99,77.01,133.44,0,67.89,32.23,0,44.72,45.48,38.03,37.53,0,0,0
"1995",2,0,62.68,68.26,58.76,52.4,78.03,65.46,0,0,63.82,32.64,0,42.68,0,128.78,90.82,145.24,0,65.81,33.06,0,35.6,36.21,34.13,36.92,0,0,0
"1995",3,0,60.56,70.81,59.88,81.51,78.47,65.46,0,0,63.82,33.46,0,42.68,0,149.53,92.49,145.24,0,65.81,33.28,0,33.53,34.11,33.58,37.79,0,0,0
"1995",4,0,60,70.81,59.88,71.91,78.03,65.46,0,0,63.82,33.75,0,44.28,0,158.76,84.89,145.24,0,65.81,34.91,0,34.5,35.1,35.19,38.03,0,0,0
"1995",5,0,63.24,71.55,59.88,71.59,74.34,65.46,0,0,63.82,35.49,0,44.28,0,158.62,77.94,145.24,0,65.81,34.94,0,35.83,36.44,36.35,37.43,0,0,0
"1995",6,0,63.24,71.98,60.43,67.8,74.34,65.46,0,0,63.82,35.23,0,44.28,0,166.08,73.83,145.24,0,67.89,34.59,0,34.43,35.03,35.39,31.02,0,0,0
"1995",7,0,77.95,74.17,61.93,56.63,74.34,65.46,0,0,63.82,33.26,0,44.28,0,177.1,83.51,145.24,0,67.89,32.09,0,32.9,33.45,33.01,30.31,0,0,0
"1995",8,0,71.51,73.21,61.36,59.6,69.16,65.46,0,0,63.82,30.86,0,44.28,0,174.02,84.67,145.24,0,67.89,30.42,0,32.5,33.06,32.44,29.87,0,0,0
"1995",9,0,77.31,74.6,63.78,60.74,69.16,65.46,0,0,63.82,30.98,0,44.28,0,169.32,78.24,145.24,0,67.89,31.39,0,33.68,34.26,32.49,28.03,0,0,0
"1996",1,0,79.92,77.82,69.93,66.11,70.96,66.45,0,0,63.82,34.03,0,41.26,0,158.12,76.86,130.45,0,68.7,32.37,0,47.85,48.67,39.58,38.58,0,0,0
"1996",10,0,69.96,69.42,69.61,82.19,72.99,69.58,0,0,62.81,42.74,0,40.44,0,157.47,98.35,124.47,0,74.12,41.49,0,47.22,48.03,48.87,40.81,0,0,0
"1996",11,0,66.08,65.41,66.58,92.24,72.92,69.58,0,0,62.81,42.48,0,40.44,0,157.47,101.25,124.47,0,74.12,41.87,0,49.03,49.87,48.39,39.73,0,0,0
"1996",12,0,67.34,65.41,66.58,86.49,72.77,69.58,0,0,62.81,43.13,0,40.44,0,139.31,90.24,124.47,0,74.12,44.32,0,52.56,53.45,51.71,41.29,0,0,0
"1996",2,0,84.8,77.82,69.93,67.1,68.33,66.9,0,0,63.82,31.7,0,41.26,0,157.31,78.24,130.45,0,68.7,30.97,0,44.09,44.84,41.98,33.25,0,0,0
"1996",3,0,80.28,82.05,69.93,80.17,66.39,68.07,0,0,63.82,33.3,0,41.26,0,157.31,88.36,130.45,0,74.12,33.51,0,42.72,43.46,42.35,34.62,0,0,0
"1996",4,0,87.21,85.77,71.11,86.11,63.22,68.07,0,0,63.82,35.38,0,35.3,0,157.31,87.35,130.45,0,74.12,36.05,0,40.95,41.65,40.2,37.34,0,0,0
"1996",5,0,94.42,92.5,74.33,83.97,63.22,69.32,0,0,63.82,34.51,0,35.3,0,157.31,87.35,124.47,0,74.12,34.97,0,40.51,41.22,42.53,33.39,0,0,0
"1996",6,0,88.2,93.87,73.22,79.81,63.22,69.32,0,0,63.82,34.68,0,35.3,0,157.31,86.85,124.47,0,74.12,34.68,0,37.21,37.86,37.89,31.91,0,0,0
"1996",7,0,78.73,92.06,73.77,78.48,64.88,69.32,0,0,65.46,35.81,0,35.3,0,152.77,89.44,124.47,0,74.12,35.82,0,39.41,40.09,38.44,29.71,0,0,0
"1996",8,0,75.97,89.21,72.97,83.65,68.33,69.32,0,0,65.46,36.66,0,35.3,0,157.47,98.63,124.47,0,74.12,36.09,0,43.94,44.7,40.33,34.11,0,0,0
"1996",9,0,75.97,78.54,72.97,81.89,72.99,69.32,0,0,62.81,40.88,0,36.42,0,157.47,99.43,124.47,0,74.12,38.19,0,46.16,46.94,44.52,39.35,0,0,0
"1997",1,0,67.34,65.41,68.81,73.49,72.77,66.24,0,0,62.81,44.41,0,40.44,0,139.31,87.93,124.47,0,74.12,44.67,0,48.21,49.03,43.72,35.87,0,0,0
"1997",10,0,63.53,59.42,66.08,69.33,71.34,71.35,0,0,62.81,37.51,0,47.47,0,120.98,78.43,124.47,0,71.44,40.83,0,37.08,37.7,37.36,39.05,0,0,0
"1997",11,0,61.7,58.77,66.71,60.86,74.72,71.35,0,0,62.81,37.29,0,47.47,0,120.98,78.72,108.69,0,71.44,41.49,0,39.69,40.38,38.28,37.49,0,0,0
"1997",12,0,59.72,55.99,65.46,53.35,74.72,71.35,0,0,62.81,33.78,0,47.47,0,107.68,75.41,103.99,0,71.44,38.36,0,34.96,35.56,34.48,34.68,0,0,0
"1997",2,0,65.8,64.54,71.11,78.35,72.77,66.51,0,0,62.81,39.96,0,40.44,0,139.31,83.38,124.47,0,71.44,43.76,0,44.87,45.63,41.05,36.38,0,0,0
"1997",3,0,67.21,64.1,76.69,82.52,69.84,67.81,0,0,62.81,36.28,0,41.22,0,129.9,79.99,124.47,0,71.44,44.8,0,42.62,43.35,44.75,34.27,0,0,0
"1997",4,0,70.03,61.91,77.13,80.11,69.84,67.81,0,0,62.81,34.51,0,44.24,0,122.6,75.63,124.47,0,71.44,38.59,0,39.13,39.79,43.28,32.78,0,0,0
"1997",5,0,68.63,57.09,78.55,77.78,69.84,70.64,0,0,62.81,35.75,0,44.24,0,125.2,75.35,122.05,0,71.44,40.55,0,38.63,39.29,40.5,33.94,0,0,0
"1997",6,0,61.97,55.4,76.69,76.33,68.26,72.54,0,0,62.81,35.98,0,44.24,0,125.2,87.15,122.05,0,71.44,40.77,0,36.96,37.59,37.73,34.11,0,0,0
"1997",7,0,59.86,54.09,72.23,66.87,68.56,71.35,0,0,62.81,34.07,0,44.24,0,117.9,88.8,122.05,0,71.44,39.43,0,36.7,37.33,33.68,34.37,0,0,0
"1997",8,0,63.82,56.57,72.23,73.61,68.56,71.35,0,0,62.81,35.17,0,44.24,0,119.69,80.64,133.59,0,71.44,40.5,0,36.33,36.94,35.39,35.77,0,0,0
"1997",9,0,63.6,56.2,78.37,73.99,71.34,71.35,0,0,62.81,35,0,44.24,0,122.93,78.82,129.03,0,71.44,38.46,0,34.96,35.56,35.44,37.25,0,0,0
"1998",1,0,58.16,56.35,62.36,52.22,74.72,71.35,0,0,62.81,28.13,0,47.47,0,116.45,70.66,85.63,0,61.25,34.16,0,34.96,30.42,29.08,26.11,0,0,0
"1998",10,0,54.21,47.16,53.37,74.95,63.91,69.84,0,0,69.91,25.85,0,35.73,0,109.96,53.7,90.05,0,59.51,29.07,0,28.45,28.93,24.5,29.74,0,0,0
"1998",11,0,55.4,47.67,54.17,69.2,59.33,69.84,0,0,69.91,23.56,0,35.73,0,106.72,55.95,87.48,0,59.51,28.85,0,25.03,25.46,22.65,27.16,0,0,0
"1998",12,0,53.22,44.82,53.61,70.33,58.12,69.39,0,0,69.91,20.29,0,37.98,0,120.83,56.31,84.79,0,59.51,26.18,0,22.08,22.45,19.52,22.28,0,0,0
"1998",2,0,57.03,53.94,62.11,59.34,74.72,71.35,0,0,62.81,25.51,0,47.47,0,108.49,68.98,80.23,0,61.25,31.26,0,27.46,27.94,27.82,19.7,0,0,0
"1998",3,0,58.31,55.62,61.61,74.12,74.72,71.35,0,0,62.81,22.08,0,47.47,0,108.97,65.87,76.82,0,59.51,29.01,0,24.28,24.7,25.32,21.87,0,0,0
"1998",4,0,56.26,51.25,60.19,83.97,74.72,71.35,0,0,62.81,24.19,0,41.74,0,105.89,63.95,74.4,0,59.51,30.05,0,25.93,26.36,26.46,25.33,0,0,0
"1998",5,0,55.2,50.52,60.8,95.14,74.72,71.35,0,0,62.81,25.16,0,35.35,0,109.96,62.75,72.12,0,59.51,31.39,0,27.91,28.4,27.64,27.09,0,0,0
"1998",6,0,51.59,51.61,58.57,82.13,62.33,71.35,0,0,62.81,23.7,0,35.35,0,108.34,60.28,69.71,0,59.51,28.13,0,24.43,24.84,23.82,21.38,0,0,0
"1998",7,0,50.38,48.69,58.01,79.05,61.21,71.35,0,0,62.81,23.17,0,34.22,0,106.72,60.13,69.71,0,59.51,26.93,0,24.04,24.45,23.75,21.87,0,0,0
"1998",8,0,49.25,46.06,53.74,87.57,61.21,71.35,0,0,69.91,24.2,0,34.22,0,106.72,59.92,69.71,0,59.51,26.42,0,24.36,24.77,22.62,20.83,0,0,0
"1998",9,0,48.13,44.38,53.74,84.41,61.73,71.35,0,0,69.91,24.44,0,34.96,0,112.23,50.52,75.97,0,59.51,25.79,0,25.67,26.11,21.99,22.66,0,0,0
"1999",1,0,53.65,45.12,50.81,82.9,58.12,69.39,0,0,69.91,20.49,0,39.49,0,127.15,61.15,84.79,0,59.51,24.49,0,24.71,25.14,22.38,22.53,0,0,0
"1999",10,0,50.53,43.94,48.58,76.89,62.03,69.71,0,0,67.31,43.33,0,46.18,0,131.53,78.35,114.38,0,58.84,45.07,0,40.98,41.69,37.18,47.58,0,0,0
"1999",11,0,51.24,45.33,48.58,72.35,62.03,69.71,0,0,59.19,44.19,0,47.04,0,125.04,75.31,113.82,0,58.84,46.04,0,41.41,42.12,37.21,50.32,0,0,0
"1999",12,0,47.06,43.66,46.48,70.08,62.33,69.71,0,0,59.19,47.67,0,46.79,0,121.64,76.18,108.69,0,58.84,46.66,0,45.51,46.29,40.26,50.67,0,0,0
"1999",2,0,52.65,44.9,49.27,78.79,58.12,69.39,0,0,69.91,20,0,39.49,0,122.44,67.66,87.48,0,59.04,22.3,0,21.68,22.06,20.45,20.69,0,0,0
"1999",3,0,53.14,45.55,46.48,95.58,59.33,69.39,0,0,69.91,21.93,0,43.63,0,118.54,65.57,82.23,0,60.18,23.96,0,22.62,23,19.97,21.61,0,0,0
"1999",4,0,51.24,44.9,46.48,95.58,60.38,69.39,0,0,69.91,27.78,0,43.93,0,124.07,63.44,83.5,0,60.18,29.2,0,29.48,29.99,25.67,25.4,0,0,0
"1999",5,0,51.09,46.14,45.35,85.55,60.38,69.39,0,0,67.49,30.86,0,42.81,0,130.06,66.13,83.5,0,60.18,32.37,0,28.84,29.33,26.79,30.38,0,0,0
"1999",6,0,51.66,44.01,45.35,79.05,60.98,69.39,0,0,66.1,29.96,0,44.19,0,128.11,73.5,85.36,0,60.18,32.2,0,28.41,28.9,26.59,29.84,0,0,0
"1999",7,0,48.97,41.24,41.39,79.3,60.98,69.39,0,0,66.1,33.37,0,44.19,0,123.43,71.47,101,0,58.84,36.24,0,32.65,33.2,28.58,32.2,0,0,0
"1999",8,0,52.23,44.31,43.43,68.88,60.98,69.71,0,0,66.1,37.18,0,44.19,0,121.8,74,112.1,0,58.84,40.77,0,37.08,37.7,32.05,38.1,0,0,0
"1999",9,0,52.01,44.46,48.9,75.89,62.03,69.71,0,0,67.31,41.34,0,44.67,0,126.99,76.39,100.87,0,58.84,43.89,0,40.05,40.74,34.8,43.85,0,0,0
"2000",1,38.17,48.21,47.05,49.78,68.27,60.82,69.83,0,0,68.98,47.25,0,46.71,0,130.79,73.83,106.85,0,58.97,47.04,51.23,48.29,49.12,44.22,48.19,0,0,0
"2000",10,38.17,47.52,45.73,48.33,64.98,62.74,75.53,0,0,70.6,59.31,0,41.88,0,121.25,53.36,127.76,0,60.81,60.83,59.68,66.65,67.79,61.34,64.16,0,0,0
"2000",11,38.17,50.58,47.22,49.9,54.79,63.32,75.53,0,0,70.6,58.96,0,41.88,0,121.33,53.99,118.09,0,60.81,56.89,54.04,60.82,61.85,54.78,58.87,0,0,0
"2000",12,38.17,51,47.22,49.9,55.68,61.99,75.53,0,0,67.06,44.44,0,41.15,0,124.15,53.66,118.09,0,60.81,50.07,49.01,49.31,50.16,46.08,47.25,0,0,0
"2000",2,38.17,48.92,46.63,50.23,71.74,60.4,69.83,0,0,70,49.61,0,45.43,0,129.23,70.08,114.45,0,58.97,50.76,54.59,47.97,48.78,46.81,50.87,0,0,0
"2000",3,38.17,48.17,46.63,50.9,73.52,61.38,70.42,0,0,70.95,50.15,0,45.43,0,132.17,63.16,120.56,0,58.97,54.1,56.94,49.91,50.76,51.75,59.64,0,0,0
"2000",4,38.17,48.52,46.63,50.9,65.08,64.7,71.63,0,0,68.42,44.56,0,45.61,0,132.95,62.96,126.78,0,60.81,47.36,52.62,43.15,43.89,41.99,54.07,0,0,0
"2000",5,38.17,49.5,46.94,52.11,65.39,63.8,71.63,0,0,72.58,50.92,0,44.99,0,127.28,61.82,120.13,0,60.81,51.62,54.94,44.86,45.62,44.17,56.99,0,0,0
"2000",6,38.17,49.4,46.53,50,56.97,63.8,71.63,0,0,73.52,54.57,0,44.99,0,122.73,53.65,120.13,0,60.81,53.62,55.67,48.16,48.98,48.21,61.14,0,0,0
"2000",7,38.17,46.77,43.89,47.1,62.21,62.24,71.63,0,0,75.73,52.23,0,43.75,0,122.38,51.84,128.64,0,60.81,53.28,59.27,51.43,52.31,50.06,53.36,0,0,0
"2000",8,38.17,44.98,43.68,46.56,55.99,62.24,71.63,0,0,75.73,54.03,0,43.12,0,121.86,51.79,129.97,0,60.81,57.15,60.72,58.57,59.57,58.85,52.3,0,0,0
"2000",9,38.17,46.42,43.68,48.11,61.91,61.73,74.93,0,0,75.73,59.6,0,42.13,0,120.64,52.31,129.97,0,60.81,64.26,65.37,65.08,66.2,63.04,60.07,0,0,0
"2001",1,38.17,51.26,45.44,48.33,53.54,60.14,75.23,0,0,67.83,45.1,0,40.97,0,121.17,52.18,117.22,0,60.81,51.26,51.23,44.79,45.56,44.63,43.18,0,0,0
"2001",10,40.13,55.98,43.55,46.1,62.95,59.57,84.77,0,0,67.41,39.2,0,39.53,0,129.81,59.24,123.24,0,60.44,39.71,38.76,39.71,40.38,40.13,45.21,0,0,0
"2001",11,40.13,54.26,43.96,44.78,61.92,57.75,84.77,0,0,72.43,34.81,0,37.99,0,127.34,57.97,123.24,0,60.44,34.51,35.06,34.59,35.2,34.39,37.79,0,0,0
"2001",12,40.13,52.63,43.96,44.43,63.74,56.58,83.33,0,0,76.81,35.41,0,38.54,0,119.83,57.66,117.87,0,59.46,34.4,36.19,33.94,34.51,31.53,39.73,0,0,0
"2001",2,38.17,51.82,45.53,46.56,61.45,59.75,74.62,0,0,67.83,48.22,0,40.97,0,111.86,58.36,117.22,0,60.81,54.9,53.08,47.18,47.99,43.23,47.66,0,0,0
"2001",3,38.17,51.85,44.39,44.79,72.24,59.12,74.62,0,0,68.33,45.9,0,40.04,0,110.76,61.73,120.86,0,60.81,52.19,51.67,44.36,45.13,42.12,48.39,0,0,0
"2001",4,38.17,52.74,43.02,44.13,80.78,60.78,75.99,0,0,68.33,47.82,0,38.87,0,115.11,60.84,119.93,0,60.44,52.1,53.27,46.36,47.15,46.78,49.8,0,0,0
"2001",5,38.17,52.44,41.83,47.4,68.1,60.78,75.99,0,0,68.33,50.81,0,39.03,0,143.02,60.77,119.93,0,60.44,54.1,54.1,47.28,48.09,48.55,53.13,0,0,0
"2001",6,38.17,50.99,41.23,47.05,65.15,60.78,80.68,0,0,68.33,50.53,0,38.24,0,142.95,58.74,122.83,0,60.44,51.91,50.78,47.58,48.39,47.12,48.55,0,0,0
"2001",7,38.17,52.23,46.03,48.69,63.14,60.78,82.05,0,0,68.33,46.75,0,36.92,0,134.61,58.14,122.83,0,60.44,45.79,46.08,44.44,45.2,44.86,46.66,0,0,0
"2001",8,38.17,53.06,45.62,49.5,60.01,59.87,84.77,0,0,68.33,48.22,0,37.14,0,133.59,58.14,126.33,0,60.44,45.23,47.07,45.53,46.3,45.09,50.44,0,0,0
"2001",9,37.02,53.65,44.24,48.36,64.24,63.89,84.77,0,0,68.59,45.96,0,38.47,0,136.25,60.37,123.24,0,60.44,45.74,48.55,48.09,48.92,46.07,52.67,0,0,0
"2002",1,40.13,53.61,45.05,43.86,65.98,55.51,84.73,0,0,79.06,36.63,0,38.54,0,114.95,56.32,113.39,0,59.46,35.77,35.39,35.36,35.96,32.77,39.22,0,0,0
"2002",10,39.81,72.82,50.31,56.08,57.55,57.87,76.45,0,0,69.78,52.1,0,49.06,0,133.29,55.24,108.66,0,59.46,50.73,48.01,50.05,50.91,51.16,56.68,0,0,0
"2002",11,39.81,69.7,49.74,55.71,53.94,62.71,75.59,0,0,66.19,45.93,0,49.06,0,131.08,57.37,112.45,0,59.46,47.6,47.04,45.29,46.06,45.35,52.72,0,0,0
"2002",12,39.81,69.7,49.93,58.44,52.39,64.13,75.59,0,0,68.37,51.24,0,49.06,0,133.71,57.6,107.46,0,59.46,55.62,49.58,49.5,50.34,48.67,58.52,0,0,0
"2002",2,40.13,53.01,44.65,45.26,74.1,54.59,85.27,0,0,76.13,37.72,0,39.88,0,114.05,53.86,112.94,0,59.46,38.8,38.1,34.76,35.35,34.12,41.96,0,0,0
"2002",3,40.13,51.75,43.49,46.34,78.29,54.59,84.6,0,0,77.07,45.51,0,39.88,0,111.58,53.09,112.94,0,59.46,46.52,44.59,38.79,39.46,39.08,47.65,0,0,0
"2002",4,40.13,50.3,43.49,46.34,84.56,55.41,84.26,0,0,78.31,48.64,0,40.62,0,113.11,54.52,118.76,0,59.46,49.09,48.22,42.05,42.78,43.54,52.53,0,0,0
"2002",5,40.13,50.75,44.28,49.27,81.25,55.41,82.93,0,0,78.27,48.99,0,42.89,0,112.53,53.92,120.98,0,59.46,47.1,48.01,42.9,43.63,43.89,55.52,0,0,0
"2002",6,40.13,53.83,46.33,49.03,71.76,55.73,82.36,0,0,78.27,47.27,0,43.06,0,113.08,54.65,116.97,0,59.46,45.44,47.5,40.85,41.55,42.99,53.08,0,0,0
"2002",7,40.13,59.13,47.98,51.01,62.75,55.29,82.36,0,0,71.33,48.84,0,44.72,0,114.66,59.25,121.03,0,59.46,46.67,47.34,42.48,43.21,43.38,55.27,0,0,0
"2002",8,39.4,64.82,50.72,55.84,53.75,56.96,76.45,0,0,71.69,50.15,0,46.96,0,125.28,59.06,117.64,0,59.46,48.42,47.79,45.16,45.94,44.24,58.19,0,0,0
"2002",9,39.6,73.15,51.51,57.1,61.64,56.96,76.45,0,0,70.99,52.95,0,48.94,0,130.55,58.33,115.5,0,59.46,52.1,49.82,50.77,51.64,48.26,61.22,0,0,0
"2003",1,39.81,67.09,49.34,57.33,65.44,68.99,75.59,0,0,66.62,56.23,0,49.06,0,127.86,53.82,103.49,0,59.46,60.23,54.83,52.99,53.9,52.46,65.14,0,0,0
"2003",10,55.26,60.8,58,73.52,70.13,80.07,71.75,0,0,59.69,54.21,0,43.68,0,144.69,64.41,113.99,0,62.18,56.47,55.71,52.17,53.06,50.91,58.88,0,0,0
"2003",11,55.26,63.87,62.97,74.24,59.24,80.07,71.18,0,0,66.25,54.72,0,40.31,0,155.25,66.15,111.4,0,62.18,59.86,57.55,55.33,56.28,52.91,58,0,0,0
"2003",12,55.26,65.17,63.36,81.05,65.87,80.57,71.8,0,0,67.7,55.71,0,40.31,0,161.47,66.74,110.96,0,62.18,62.83,58.78,57.83,58.81,55.14,57.47,0,0,0
"2003",2,39.81,64.03,49,58.04,67.07,70.96,77.96,0,0,66.62,60.03,0,48.56,0,123.39,52.66,103.49,0,59.46,67.75,63.03,60.55,61.59,60.4,70.83,0,0,0
"2003",3,39.81,61.39,49.54,58.27,77.08,76.09,77.96,0,0,66.62,54.61,0,48.74,0,124.83,50.77,112.44,0,59.46,63.57,60.13,54.47,55.4,58.08,64.36,0,0,0
"2003",4,39.81,59.63,49.54,59.21,81.51,75.16,76.61,0,0,65.76,47.18,0,48.74,0,121.72,50.7,112.44,0,59.26,45.72,48.1,43.72,44.46,45.93,55.83,0,0,0
"2003",5,39.81,60.17,50.04,60.62,73.29,74.68,76.61,0,0,63.39,48.52,0,48.74,0,121.72,51.49,112.44,0,59.26,45.29,48.59,43.56,44.3,44.6,55.91,0,0,0
"2003",6,39.81,58.09,50.07,60.03,76.57,74.28,73.95,0,0,61.27,50.9,0,47.27,0,129.18,56.37,112.19,0,59.26,46.39,50.95,43.9,44.66,45.13,59.21,0,0,0
"2003",7,39.81,58.09,49.81,58.48,72.35,74.1,73.1,0,0,59.54,53.15,0,47.27,0,133.92,56.78,110.51,0,62.18,49.66,52.86,45.92,46.69,45.49,63.24,0,0,0
"2003",8,39.81,61.79,49.81,57.14,70.42,73.02,70.41,0,0,56.29,54.92,0,47.27,0,129.31,58.25,117.44,0,62.18,56.92,56.39,51.78,52.66,50.8,60.18,0,0,0
"2003",9,41.44,60.48,50.6,63.88,75.32,74.23,70.41,0,0,58.31,50.6,0,42.65,0,140.83,62.08,110.94,0,62.18,53.15,53.16,48.42,49.26,49.03,57.47,0,0,0
"2004",1,55.26,64.17,64.55,85.73,76.62,80.57,73.29,0,0,69.17,57.23,0,39.7,0,161.52,70.69,110.96,0,64.27,70.34,66.91,61.06,62.1,61.82,60.36,0,0,0
"2004",10,53.38,63.86,59.64,78.37,76.04,88.37,89.59,0,0,74.7,76.69,0,39.77,0,153.01,85.46,123.55,0,66.09,92.95,84.02,94.43,96.06,89.45,72.34,0,0,0
"2004",11,52.99,65.18,60.62,68.4,78.21,91.8,89.01,0,0,71.02,71.14,0,39.77,0,158.07,80.27,123.55,0,66.09,90.53,81.03,88.88,90.4,86.74,67.61,0,0,0
"2004",12,54.29,64.99,61.21,69.33,68.86,92.86,91.1,0,0,68.97,68.7,0,39.77,0,158.07,67.02,124.91,0,66.09,81.83,72.28,77.2,78.52,77.36,57.98,0,0,0
"2004",2,55.26,65.17,68.48,89.19,75.28,78.58,79.36,0,0,65.92,56.55,0,38.77,0,153.75,68.04,110.96,0,64.27,65.82,60.3,57.76,58.76,59.44,60.26,0,0,0
"2004",3,55.26,66.1,69.46,92.73,77.25,79.12,83.22,0,0,70.58,60.9,0,38.77,0,142.02,64.62,120.31,0,64.27,68.75,64.76,58.16,59.15,59.26,59.36,0,0,0
"2004",4,53.01,66.72,71.03,102.09,85.64,80.84,83.22,0,0,71.17,62.02,0,37.28,0,142.02,68.13,126.09,0,65.34,68.97,66.95,63.1,64.18,61.14,61.68,0,0,0
"2004",5,51.64,66.41,66.52,99.63,80.82,81.37,83.22,0,0,70.73,68.4,0,37.16,0,142.02,69.16,126.09,0,65.34,74.96,72.57,70.48,71.69,67.24,67.21,0,0,0
"2004",6,54.96,64.53,62.59,94.94,80.82,80.58,86.35,0,0,71.06,66.26,0,37.78,0,140.07,68.02,115.95,0,65.34,71.09,69.3,66.56,67.7,64.77,64.91,0,0,0
"2004",7,54.96,61.87,60.62,94.23,66.61,82.16,88.46,0,0,71.71,68.76,0,38.39,0,145.5,69.58,130.77,0,65.34,74.18,70.22,74.14,75.41,71.31,65.16,0,0,0
"2004",8,58.69,59.23,61.02,85.32,70.37,84.8,88.46,0,0,71.96,75.92,0,39.46,0,147.47,79.78,130.77,0,65.34,83.42,79.23,80.63,82,79.12,68.09,0,0,0
"2004",9,58.69,63.93,60.62,82.62,71.44,86.78,90.15,0,0,74.7,71.18,0,39.46,0,149.11,82.34,125.8,0,65.34,83.14,76.68,85.26,86.72,83,65.65,0,0,0
"2005",1,54.29,66.93,59.46,61.81,71.3,97.01,94.54,0,112.73,67.74,76,87.73,44.92,70.61,173.71,71.91,130.57,94.79,66.2,80.61,74.08,78.79,80.13,77.33,64.27,72.36,0,54.67
"2005",10,54.29,67.72,61.22,62.38,78,91.65,77.39,0,106.08,69.23,107.54,90.09,53.77,78.91,145.55,76.26,101.09,92.39,72.45,113.63,102.31,115.12,117.09,112.22,107.2,92.5,0,88.09
"2005",11,54.29,67.07,59.91,62.21,66.73,91.77,76.89,0,104.99,71.2,102.47,90.09,53.77,73.44,142.02,73.22,92.29,92.44,72.45,103.65,88.83,98.51,100.2,95.52,100.91,95.51,0,87.51
"2005",12,54.29,66.51,60.35,63.53,68.07,90.52,76.89,0,91.6,72.88,105.9,90.09,53.77,77.36,151.41,68.86,94.07,94.47,72.45,102.9,92.87,107.02,108.85,98.64,99.73,102.69,0,93.37
"2005",2,54.29,65.65,59.18,61.81,82.09,96.04,94.54,0,111.77,69.24,79.82,87.73,44.92,66.21,167.98,70.72,136.51,97.14,69.02,85.34,80.73,84.09,85.54,82.53,70.73,72.87,0,56.18
"2005",3,54.29,65.72,61.03,64.94,87.42,96.04,95.48,0,111.66,74.79,91.72,87.73,44.92,77.23,157.04,71.87,143.73,98.46,69.02,95.99,89.12,102.32,104.08,98.31,81.2,73.61,0,54.83
"2005",4,54.29,64.48,60.21,68.85,88.83,88.99,94.78,0,115.83,75.78,94.02,87.73,45.19,85.48,156.86,73.45,148.32,99.53,69.02,94.7,93.59,110.1,111.99,100.41,91.19,75.5,0,55.27
"2005",5,54.29,64.02,60.06,68.96,82.02,88.99,94.78,0,115.97,74.4,90.51,87.73,45.19,84.16,160.03,74.51,127.01,99.53,72.45,85.13,84.94,97.73,99.42,92.51,89.82,75.89,0,57.43
"2005",6,54.29,64.5,61.16,69.31,74.98,89.65,88.44,0,115.3,73.74,101.5,89.03,45.19,108.07,151.95,72.33,112.04,100.74,72.45,86.82,88.53,106.29,108.11,106.31,92.07,76.99,0,57.72
"2005",7,54.29,63.61,60.81,67.76,76.63,90.58,83.23,0,106.15,71.01,104.76,90.09,47.36,93.05,149.29,72.82,115.05,94.52,72.45,92.58,96.47,108.05,109.9,108.94,93.62,82.81,0,59.14
"2005",8,54.29,64.46,60.98,65.73,84.18,91.51,81.64,0,106.55,71.01,112.79,90.09,51.53,95.66,142.33,74.93,114.94,94.56,72.45,107.41,112.23,116.94,118.94,111.01,99.89,90.48,0,59.43
"2005",9,54.29,67.22,61.91,64.38,87.4,91.91,81.64,0,106.47,69.23,113.59,90.09,53.77,93.32,146.71,76.99,109.24,94.21,72.45,117.36,119.3,120.39,122.45,116.66,110.29,92.01,0,61.45
"2006",1,58.81,66.78,58.84,62.31,70.12,90.17,78.92,0,89.02,67.63,115.96,88.74,53.77,73.65,137.17,70.63,94.06,95.58,72.45,113.77,101.58,117.09,119.11,107.24,106.32,108.59,0,92.83
"2006",10,65.31,79.73,81.37,62.84,95.01,96.8,91.22,0,86.09,71.44,112.37,84.78,49.64,81.3,154.56,70.27,102.09,100.15,78.18,107.87,96.26,111.04,114.45,108.83,100.29,123.04,0,111.4
"2006",11,65.31,81.05,94.06,64.3,84,99.41,91.76,0,86.22,70.73,112.59,84.78,49.78,77,160.31,70.46,104.09,101.28,78.18,109.39,96.26,109.69,113.84,107.13,94.83,122.71,0,91.72
"2006",12,65.31,79.61,92.59,65.73,76.7,99.99,92.47,0,93.96,71.93,116.17,84.78,49.78,85.8,158.33,72.84,104.18,101.71,78.18,115.6,104.18,115.32,119.72,107.12,95.49,123.59,0,94.38
"2006",2,58.81,68.21,60.68,62.53,87.48,87.24,80.14,0,84.24,72.28,114.54,88.74,53.77,61.7,164.5,71.74,99.44,98.14,72.45,109.37,96.48,114.01,115.96,102.15,112.46,107.33,0,100.33
"2006",3,65.31,68.99,61.88,61.69,90.54,85.12,83.1,0,81.58,74.9,115.42,88.74,54.66,66.25,147.9,68.56,113.65,98.14,72.45,111.89,105.48,115.07,117.04,111.6,112.77,110.09,0,102.01
"2006",4,65.31,71.4,62.01,61.69,93.91,84.45,83.57,0,81.8,78.21,127.89,88.74,54.66,70.35,166.4,70.13,112.5,99.46,72.45,121.13,122.62,124.24,131.05,128.19,118.79,115.32,0,113.75
"2006",5,65.31,72.86,63,58.76,97.35,85.12,85.72,0,82.33,78.21,129.66,88.74,54.66,56.63,173.38,79.52,105.67,101.72,76.79,125.59,133.34,127.38,132.26,129.41,117.41,121.96,0,122.96
"2006",6,65.31,72.18,66.17,58.94,92.03,85.51,87,0,82.04,79.27,129.55,87.43,53.23,48.81,168.96,80.41,98.38,101.61,76.79,128.43,126.91,128.45,133.29,133.1,113,120.01,0,123.12
"2006",7,65.31,73.87,68.23,59.44,86.94,85.91,88.06,0,85.54,79.27,137.27,84.78,53.23,48.81,168.96,76.63,109.8,101.46,78.18,133.72,130.07,130.25,135.38,133.35,117.95,120.01,0,124.15
"2006",8,65.31,71.38,71.51,59.44,83.7,88.96,88.73,0,85.53,79.36,136.7,84.78,50.46,92.83,163.13,75.66,109.36,100.22,78.18,129.15,123.71,133.23,138.39,133.4,113.14,120.75,0,123.81
"2006",9,65.31,73.38,75.75,60.6,98.38,90.11,91.22,0,85.4,79.6,119.18,84.78,50.46,87.19,152.51,74.62,106.36,100.11,78.18,112.23,103.65,119.87,124.54,115.91,100.19,121.43,0,115.47
"2007",1,66.79,79.8,94.62,69.22,94.5,98.42,92.81,0,93.62,71.1,102.3,84.78,49.78,83.21,152.35,70.96,101.94,101.32,78.18,107.08,96.91,103.74,107.76,101.96,94.62,123.54,0,99.78
"2007",10,75.26,145.87,131.09,104.69,108.67,91.22,89.68,0,101.66,70.86,152.56,84.8,52.83,107.6,161.11,76.38,102.49,100.72,80.61,152.98,134.36,143.84,149.41,145.8,152.98,115.71,0,117.11
"2007",11,75.26,141.37,138.36,112.55,91.81,94.14,90.13,0,106.04,70.41,171.13,101,52.83,107.6,161.11,77.86,106.56,100.72,80.61,172.1,150.98,167.92,174.44,164.05,173.91,119.36,0,117.11
"2007",12,75.26,169.08,140.29,122.85,83.25,98.7,89.16,0,104.87,70.53,169.51,130.95,52.83,107.6,161.11,79.23,107.07,100.72,80.61,174.44,149.24,161.25,167.5,162.07,166.07,122.98,0,128.86
"2007",2,66.79,82.45,96.94,75.94,106.97,97.44,93.33,0,95.57,73.61,110.18,84.78,49.78,90.75,139.39,69.97,101.11,101.25,78.18,116.78,108.09,107.07,111.01,108.78,105.04,114.56,0,102.33
"2007",3,66.79,84.92,98.52,76.61,106.41,90.5,92.13,0,96.17,75.04,116.45,84.78,49.78,90.28,130.42,71.3,107.44,100.72,78.18,129.57,117.96,111.67,116.01,112.62,105.94,115.7,0,100.76
"2007",4,66.79,86.87,98.96,78.27,107.87,85.98,91.23,0,100.52,73.72,126.4,84.78,49.78,98.89,125.41,70.02,102.91,100.72,78.18,137.22,128.11,120.46,125.11,123.02,118.52,117.27,0,104.44
"2007",5,66.79,84.65,100.28,82.09,107.45,86.26,90.14,0,100.21,72.92,127.71,84.78,49.78,103.24,125.41,70.43,101.97,100.72,80.6,143.72,133.58,122.27,127.01,125.31,118.33,116.38,0,110.08
"2007",6,66.79,90.49,102,83.91,101.92,90.26,89.09,0,99.89,72.92,130.06,84.78,49.78,107.6,123.51,67.67,95.25,100.72,80.6,137.84,128.37,124.66,129.49,126.45,123.52,117.32,0,112.57
"2007",7,66.79,96.52,102.75,87.97,94.41,84.03,87.32,0,100.7,72.91,137.95,84.8,51.18,107.6,154.97,73.25,107.18,100.72,80.61,142.13,132.47,129.74,134.75,131.44,133.69,120.36,0,112.57
"2007",8,66.79,104.85,110.62,87.03,94.8,84.36,87.4,0,101.5,73.25,133.4,84.8,52.83,107.6,154.97,75.36,103.51,100.72,80.61,135.95,121.28,125.49,130.36,127.27,129.8,117.66,0,118.28
"2007",9,66.79,130.65,122.72,99.01,102.26,85.87,86.47,0,101.79,72.64,144.46,84.8,52.83,107.6,161.11,74.68,103.63,100.72,80.61,143.58,126.52,135.87,141.73,139.11,135.46,121.66,0,115.06
"2008",1,75.26,190.55,144.72,127.88,88.48,97.46,88.77,0,106.26,71.07,173.1,130.95,52.83,101.59,161.11,80.71,110.75,101.73,82.82,174.54,149.24,158.1,164.22,162.09,165.3,129.15,0,140.74
"2008",10,84.77,98.62,134.22,98.69,101.04,90.62,106.68,0,90.12,68.77,133.85,136.02,96.71,80.46,170.46,86.18,123.4,90.63,86.67,106.18,116.67,134.14,139.34,128.78,138.9,196.09,0,161.66
"2008",11,104.25,96.24,129.06,91.57,97.5,85.44,99.41,0,87.21,67.12,98.59,134.93,96.53,65.12,166.5,75.33,123.65,80.72,86.67,61.64,71.74,111.78,116.11,105.47,83.46,163.1,0,123.46
"2008",12,103.97,95.5,126.89,82.58,90.47,80.72,96.99,0,92.35,71.17,80.37,111.55,91.78,57.56,162,69.11,129.6,83.8,86.67,59.87,58.79,87.87,91.28,88.95,78.68,151.81,0,110.47
"2008",2,75.26,222.41,148.29,139.51,94.19,102.5,89.62,0,106.94,72.3,178.24,142.69,90.29,96.74,176.03,81.25,112.41,106.24,82.82,176.02,160.57,165.42,171.83,170.52,164.89,129.5,0,143.66
"2008",3,75.26,196.85,154.54,133.99,102.77,104.08,92.2,0,113.76,73.13,191.61,142.69,95.94,106.72,177.81,85.54,116.5,106.24,82.82,182.21,167.12,186.66,193.9,193.65,174.02,144.45,0,145.98
"2008",4,79.88,185.36,156.99,126.71,105.19,103.55,95.27,0,111.54,70.34,204.63,142.08,95.94,85.38,162.05,88.46,126.43,111.16,82.82,191.25,179.51,206.32,214.33,212.13,186.36,150.71,0,152.29
"2008",5,84.77,172.38,157.63,129.75,106,99.85,104.43,0,106.36,70.34,235.61,140.49,95.94,87.03,162.66,91.84,119.72,111.16,82.82,212.37,198.05,237.59,246.79,243.23,209.12,153.94,0,162.38
"2008",6,84.77,151.9,158.34,147.46,100.99,100.56,108.5,0,101.62,71.41,252.3,138.36,95.94,85.04,167.22,98.74,120.9,111.16,82.82,232.84,210.62,245.48,254.99,255.24,223.17,186.75,0,168.15
"2008",7,84.77,128.87,161.07,152.61,96.6,103.8,112.42,0,98,71.41,259.91,138.82,99.24,85.04,172.54,101.8,126.98,111.16,86.67,235.21,207.84,249.06,258.71,254.5,254.14,194.84,0,179.69
"2008",8,84.77,131.68,155.66,132.84,98.26,94.81,112.74,0,80.63,71.41,223.02,136.02,108.42,85.04,181.27,97.77,125.37,108.46,86.67,206.19,181.56,204.94,212.88,202.68,234.09,194.84,0,188.48
"2008",9,84.77,118.98,153.64,124.84,98.41,95.68,110.63,0,92.41,71.41,189.77,136.02,97.27,87.89,170.43,92.13,119.39,96.21,86.67,177.66,152.65,180.9,187.9,182.38,205.49,206.19,0,169.47
"2009",1,111.91,99.34,118.18,89.64,94.24,76.71,95.33,0,96.01,71.17,87.24,80.99,90.2,55.46,158,74,123.39,80.95,86.67,78.68,74.04,89.55,93.02,89.5,88.82,135.88,0,101.7
"2009",10,125.8,79.26,123.07,97.85,106.12,93.01,89.47,0,94.62,80.89,144.32,82.75,83.79,66.74,165.06,88.53,133.52,87.54,86.67,129.77,114.98,119.21,123.83,122.12,155.1,121.64,0,122.87
"2009",11,125.8,84.29,126.31,105.49,92.89,91.19,87.35,0,94.13,81.66,153.17,82.75,85.47,67.42,168.33,91.52,126.34,87.92,86.67,141.06,120.79,126.48,131.38,128.85,164.28,115.07,0,123.62
"2009",12,107.97,82.95,128.54,106.31,83.61,90.51,87.67,0,99.2,87.96,148.71,99.33,86.13,61.62,163.34,94.22,125.54,87.64,86.67,144.06,119.29,123.93,128.73,124.66,163.79,111.54,0,131.87
"2009",2,125.64,94.19,119.08,87.4,88.9,71.28,92.31,0,91.94,71.56,85.33,80.99,88.72,51.5,137.73,75.87,124.54,74.92,86.67,85.76,83.8,78.69,81.75,75.29,89.81,100.26,0,90.97
"2009",3,125.05,93.13,120.43,81.87,95.57,71.31,90.75,0,89.69,75.31,90.09,80.99,88.47,53.59,131.58,72.77,120.92,79.35,86.67,85.7,81.06,79.01,82.07,78.5,86.7,91.05,0,98.71
"2009",4,125.79,92.14,120.82,93.3,105.04,69.59,89.92,0,87.78,82.22,98.68,78.62,88.1,53.18,130.29,73.55,129.01,81.05,86.67,90.99,88.1,88,91.41,89.08,101.31,91.25,0,104.09
"2009",5,125.85,97.65,123.93,103.23,104.75,75.22,91.24,0,88.91,84.71,114.22,78.02,86.18,55.44,139.51,81.98,130.22,83.84,86.67,100.86,99,95.4,99.08,98.23,121.02,90.19,0,105.28
"2009",6,125.8,96.99,126.07,113.73,106.17,79.7,89.98,0,91.99,84.71,136.7,80.38,86.18,79.6,149.95,87.02,127.71,84.22,86.67,121.6,113.41,113.83,118.23,117.02,140.43,90.01,0,109.41
"2009",7,125.8,86.77,121.18,107.39,102.71,80.82,87.21,0,93.68,80.56,128.17,80.38,86.29,92.03,153.33,91.46,137.38,83.91,86.67,116.63,107.11,107.78,111.96,108.99,140.93,106.67,0,113.62
"2009",8,125.8,81.94,119.38,112.12,100.59,81.32,85.81,0,97.2,80.89,140.84,80.38,86.29,92.03,155.38,93.23,131.09,84.17,86.67,130.61,121.15,117.13,121.67,121.18,153.13,121.58,0,121.46
"2009",9,125.8,76.13,117.41,100.38,100.97,87.33,87.42,0,94.85,80.62,133.79,80.38,83.91,75.96,159.71,90.31,134.71,86.17,86.67,124.31,111.63,111.04,115.34,114.33,149.1,121.54,0,123.73
"2010",1,107.59,81.97,125.86,99.63,93.17,90.38,88.54,0,97.46,85.46,151.4,112.01,87.8,69.01,169.96,94.93,125.22,89.79,86.73,148.26,128.3,127.88,132.83,129.16,168.62,110.25,0,158.01
"2010",10,99.37,118.88,163.27,117.95,100.25,96.06,92.4,0,104.7,96.35,158.25,110.81,90.03,73.81,159.94,132.21,126.84,95.86,84.84,154.31,132.53,140.4,145.84,142.37,166.99,132.45,0,154.95
"2010",11,99.37,121.93,155.62,118.51,93.34,101.56,93.17,0,107.22,96.35,164.8,110.81,89.95,78.13,167.14,129.49,124.76,96.08,84.84,161.65,137.84,145.73,151.38,147.98,174.02,130.78,0,155.69
"2010",12,100.41,135.43,158.73,122.36,95.11,109.05,95.15,0,112.9,99.23,175.36,110.81,89.73,72.95,170.06,132.74,123.99,95.18,84.84,174.04,151.2,154.15,160.13,157.33,179.59,134.2,0,155.82
"2010",2,99.94,81.17,124.17,93.05,94.63,92.25,91.4,0,98.37,85.46,145.31,109.29,88.94,66.91,166.11,94.55,122.71,89.33,86.73,139.9,126.33,122.43,127.17,126.17,161.01,109.4,0,166.34
"2010",3,97.92,80.18,125.02,93.67,109.07,93.55,95.09,0,100.4,91.49,152.74,106.15,87.8,64.02,162.18,108.72,133.56,89.91,84.84,148.98,133.79,130.24,135.28,134.64,163.21,110.31,0,168.52
"2010",4,98.79,80.9,123.92,94.36,114.51,94.93,95.34,0,102.11,92.63,164.8,106.64,91.69,71.84,152.59,120,116.53,89.86,84.84,153.59,138.97,141.14,146.61,145.36,171.08,110.71,0,169.39
"2010",5,97.95,79.12,124.23,93.9,109.84,96.15,93.76,0,104.12,95.29,151.56,112.95,94.01,66.42,148.09,123.98,123.45,91.46,84.84,143.93,126.74,131.23,136.31,134.77,161.26,125.66,0,169.96
"2010",6,101.74,76.43,124.81,94.37,106.91,93.25,91.69,0,100.92,96.28,145.91,112.95,93.47,56.81,155.99,128.88,118.91,90.25,84.84,135.42,123.29,129,134,131.4,154.79,127.12,0,161.42
"2010",7,99.98,83.42,126.61,95.57,102.69,90.06,91.87,0,102.53,96.28,142.93,108.69,93.83,54.41,158.62,132.5,132.05,91.64,84.84,129.23,121.5,127.02,131.94,129.9,156.43,128.28,0,152.81
"2010",8,99.37,107.19,140.57,104.48,104.92,91.01,90.78,0,106.92,96.28,146.35,109.75,94.37,50.77,164.95,130.68,129.87,92.62,84.84,137.16,122.22,129.74,134.77,133.65,157.81,129.46,0,154.39
"2010",9,99.37,119.15,143.85,108.21,105.86,96.06,93.32,0,106.94,96.28,148.29,111.84,90.25,81.33,157.91,131.62,123.3,95.01,84.84,139.75,121.86,130.73,135.8,133.52,156.76,129.52,0,154.98
"2011",1,97.69,141.61,162.54,129.38,99.66,120.69,100.73,0,111.99,99.23,182.38,116.54,89.95,79.67,172.43,130.4,129.28,95.98,84.84,177,157.71,163.56,169.89,165.82,188.04,126.62,0,155.82
"2011",10,104.76,121.09,169.19,114.33,99.45,95.16,115.03,0,123.69,108.21,205.17,110.79,105.98,93.52,189.44,154.65,153.17,96.02,92.57,179.61,181.14,183.44,190.54,186.12,231.13,211.38,0,195.24
"2011",11,108,115.44,167.67,112.75,102.78,95.16,114.65,0,123.18,100.39,213.95,110.79,107.75,86.67,186.06,154.85,144.86,97.27,92.57,178.56,167.98,190.53,197.91,196.19,242.09,204.4,0,200.77
"2011",12,103.55,110.43,150.02,108.99,99.07,93.38,113.83,0,124.27,96.35,209.56,110.79,111.11,81.27,185.48,153.32,144.38,96.45,92.57,183.45,168.6,182.83,189.92,189.41,235.09,177.38,0,207.41
"2011",2,97.69,148.79,173.67,129.38,98.44,113.17,100.73,0,114.38,99.23,197.81,116.54,89.95,82.8,164.48,135.16,128.58,96.41,84.84,182.05,165.72,178.97,185.9,180.14,213.9,140.78,0,172.46
"2011",3,99.14,145.5,175.87,125.21,100.94,102.55,104.07,0,116.87,110.48,214.12,116.54,91,76.6,177.74,135.6,145.49,96.04,84.84,199.62,179.71,196.39,204,199.96,226.47,167.91,0,181.27
"2011",4,95.75,148.83,183.25,125.9,104.43,99.99,103.07,0,124.47,108.21,228.85,116.54,91.44,73.97,163.02,139.2,139.91,99.43,84.84,213.55,193.24,206.56,214.57,211.6,239.94,187.75,0,193.56
"2011",5,101.67,146.81,173.69,125.77,103.54,99.3,104.46,0,121.34,110.82,213.59,116.54,93.97,66.39,167.24,144.5,141.77,101.49,84.84,200.85,184.02,190.22,197.59,194.15,227.55,201.24,0,189.12
"2011",6,101.61,139.02,180.6,125.77,96.91,94.84,107.41,0,124.75,110.82,212.01,113.82,94.69,86.31,168.11,152.65,137.72,101.65,84.84,190.93,177.97,188.99,196.31,193.04,230.95,201.51,0,191.65
"2011",7,101.58,134.5,170.92,127.4,89.31,93.05,114.29,0,121.1,108.21,217.1,113.82,95.79,60.62,170.19,150.82,158,102.41,84.84,198.06,186.59,192.38,199.84,196.97,235.09,204.44,0,193.53
"2011",8,101.61,133.74,177.4,127.05,85.95,90.73,114.66,0,136.21,108.21,207.45,113.82,97.31,92.8,177.34,154.28,158.78,102.1,84.84,192.32,181,185.9,193.11,188.48,229.16,205.57,0,195.24
"2011",9,100.28,128.81,172.7,122.56,92.94,96.11,114.65,0,131.83,108.21,209.21,113.82,103.16,101.41,179.18,157.87,155.89,100.28,84.84,192.66,184.46,183.91,191.03,188.17,229.89,212,0,193.67
"2012",1,103.92,110.93,158.28,112.99,89.88,91.7,113.83,0,123.57,96.35,217.03,106.92,118.99,84.03,188.38,147.44,146.08,95.51,92.57,194.22,182.47,188.53,195.84,196.79,253.33,190.92,122.52,220.36
"2012",10,94.68,137.57,160.05,151.17,86.5,95.16,108.68,0,124.22,87.86,214.56,104.35,114.47,100.45,140.89,124.06,144.25,99.08,92.57,193.15,182.04,193.7,201.2,195.68,227.96,174.48,108.37,202.91
"2012",11,97.82,137.87,167.77,143.93,86.02,94.28,110.23,0,118.23,84.88,211.3,104.35,114.47,102.74,135.78,121.83,141.26,100.59,92.57,190.01,176.09,186.31,193.53,189.98,215.36,176.95,108.37,196.3
"2012",12,97.82,133.11,162.79,145.45,92.1,94.97,108.3,0,119.01,85.51,209.48,104.35,114.47,105.4,139.41,118.7,136.7,101.14,92.57,191.57,175.22,185.64,192.83,191.76,214.54,164.11,108.37,195.86
"2012",2,102.34,115.61,161.9,119.08,93.81,91,114.31,0,122.32,95.11,229.58,106.92,119.31,84.62,185.22,144.31,143.44,97.74,92.57,209.78,194.48,197.09,204.73,203.9,256.7,188.98,122.52,217.99
"2012",3,102.13,115.95,160.99,124.29,100.5,90.68,112.95,0,125.02,99.68,241.68,106.92,119.31,87.25,143.86,137.27,141.77,97.74,92.57,218.38,203.33,202.63,210.48,208.77,262.38,190.44,121.32,221.75
"2012",4,102.13,113.09,161.36,131.76,99.52,92.08,112.33,0,128.55,98.96,231.22,104.35,119.74,89.15,144.24,131.43,143.64,96.68,92.57,210.43,198.61,198.3,205.98,203.78,256.03,196.05,124.31,218.52
"2012",5,95.36,111.79,150.5,129.99,97.88,92.19,111.94,0,114.24,98.68,211.42,104.35,119.44,89.65,146.03,132.14,144.2,94.49,92.57,182.4,178.7,183.6,190.71,188.01,236.44,199.8,120.52,217.38
"2012",6,95.36,112.59,146.41,130.93,95.69,89.07,104.78,0,116.81,90.35,186,104.35,119.6,107.56,139.57,133.37,144.98,94.99,92.57,151.64,152.95,164.11,170.47,168.18,209.35,177.22,108.37,193.96
"2012",7,95.75,133.16,146.41,143.1,87.07,88.88,106.52,0,121.65,89.12,195.47,104.35,119.6,122.21,140.51,131.01,144.98,95.36,92.57,169.48,166.6,174.88,181.65,179.07,217.92,148.84,108.37,198.25
"2012",8,95.75,134.64,161.45,157.63,83.33,90.82,105.82,0,125.06,88.52,214.16,104.35,113.41,122.21,142.02,128.43,145.68,96.12,92.57,191.01,187.14,192.71,200.17,198.22,235.98,149.03,108.37,212.14
"2012",9,94.68,136.61,158.56,155.18,87.19,93.5,109.87,0,124.47,88.52,219.12,104.35,114.47,102.72,145.05,126.23,146.6,97.26,92.57,197.23,184.83,197.29,204.94,200.11,240.02,150.62,108.37,210.73
"2013",1,102.98,131.56,161.55,141.41,93.98,97.01,106.37,0,110.67,86.8,212.61,103.53,114.47,107.72,135.7,117.36,121.12,102.89,92.57,194.96,181.54,190.61,198,194.74,222.11,161.11,108.37,203.92
"2013",10,91.66,117.43,127.75,135.65,93.36,102.88,102.77,0,113.52,94.3,209.08,116.8,99.99,108.83,117.72,111.93,124.92,101.44,94.6,186.69,168.74,183.15,190.25,189.96,216.17,151.34,114.48,195.93
"2013",11,97.28,114.04,127.21,135.44,97.54,101.67,105.32,0,109.81,94.65,208.22,118.34,99.5,105.48,117.74,110,120.53,101.68,94.6,191.75,169.25,182.48,189.55,189.11,212.21,164.81,114.7,193.89
"2013",12,97.3,112.33,126.05,137.5,97.04,100.74,105.32,0,88.31,94.65,212.15,124.23,99.24,106.2,117.19,108.63,115.47,101.91,94.6,198.48,175.34,188.53,195.84,193.72,215.46,161.71,113.72,189.71
"2013",2,102.98,130.27,158.98,142.84,91.24,94.38,105.36,0,108.12,86.8,218.83,103.53,114.47,104.17,139.67,111.42,115.74,101.64,94.6,203.25,196.23,199.06,206.78,203.53,228.41,151.76,108.37,208.26
"2013",3,102.24,128.14,155.41,136.94,95.66,97.57,103.93,0,115.99,88.63,207.91,107.37,110.51,108.83,140.31,109.91,112.19,99.5,94.6,187.89,182.61,183.78,190.91,189.58,223.26,150.41,108.37,204.13
"2013",4,103.9,126.07,148.85,133.28,97.3,99.08,103.93,0,139.17,89.38,200.29,116.78,105.55,108.83,137.38,108.5,108.97,97.54,94.6,174.12,167.48,172.92,179.62,179.03,216.1,153.58,108.37,203.63
"2013",5,103.9,125.32,146.63,142.53,102.35,99.55,103.1,0,110.51,89.23,197.8,117.82,105.55,108.83,137.98,106.8,106.96,97.97,94.6,173.9,166.45,171.67,178.32,178.95,214.74,153.58,110.61,200.97
"2013",6,102.13,122.91,140.7,144.78,96.76,98.52,101.05,0,109.95,88.91,197.46,114.7,105.07,108.83,143.1,108.59,118.72,95.8,94.6,175.62,173.5,173.74,180.47,182.88,218.11,151.18,110,202.96
"2013",7,102.87,117.95,129.99,140.06,97.33,99.71,101.67,0,110.45,92.03,203.91,112.13,105.07,108.83,127.55,102.91,117.63,95.56,94.6,181.46,179.6,180.32,187.31,188.81,212.14,153.74,110.39,200.11
"2013",8,101.51,117.71,130,136.91,95.39,101.28,101.42,0,109.83,92.64,211.05,115.21,105.07,108.83,125.6,103.16,118.67,98.12,94.6,188.16,173.38,185.6,192.79,190.35,212.65,147.36,112.29,201.41
"2013",9,99.72,117.39,128.58,139.35,92.27,101.96,102.77,0,108.59,92.85,213.21,115.21,105.07,108.83,115.05,103.23,118.62,99.04,94.6,191.5,172.78,184.32,191.46,189.45,214.03,146.93,113.81,194.61
"2014",1,97.3,112.91,128.19,134.54,96.65,99.5,108.02,0,87.6,95.02,204.86,132.48,98.65,108.27,112.69,106.42,114.73,103.33,94.6,192.16,173.36,181.01,188.02,186.38,214.84,153.84,113.29,189.5
"2014",10,103.86,116.43,118.31,114.51,103.3,112.27,123.19,0,103.06,107.34,171,116.28,100.62,96.66,113.42,108.85,111.55,106.57,98,150.92,148.45,151.12,156.98,154.49,176.14,150.89,114.51,169.74
"2014",11,103.86,116.4,115.83,115.02,102.05,110.7,122.07,0,97.44,102.21,151.83,110.82,100.13,95.26,104.93,107.34,105.17,103.72,98,136.01,132.98,143.48,149.04,145.02,159.76,139.8,112.92,163.22
"2014",12,105.38,118.53,114.6,112.83,100.22,109.07,119.28,0,101.08,102.21,118.64,108.12,100.13,100.38,101.09,105.74,103.63,102.37,98,106.25,105.21,116.61,121.13,118.42,123.73,125.17,112.53,151.33
"2014",2,97.3,116.96,130.52,138.56,101.05,99.32,108.19,0,105.01,95.02,206.77,134.46,96.31,109.92,113.21,108.18,117.41,102.61,98,189.32,176.45,182.71,189.79,188.74,214.61,145.3,114.26,182.65
"2014",3,97.3,121.56,136.43,143.08,103.45,101.27,118.86,0,109.33,100.59,205.56,134.46,97.52,114.23,117.72,102.53,115.94,102.29,98,188.38,176.19,178.55,185.47,187.41,211.73,150.39,114.27,180.93
"2014",4,97.3,120.79,135.89,146.38,110.17,101.7,125.59,0,111.08,107.7,206.08,132.03,98.63,114.23,114.76,103.61,115.98,104.11,98,190.88,177.87,179.41,186.36,188.26,209.09,153.4,116.17,177.57
"2014",5,99.16,120.22,132.98,146.03,110.12,101.84,127.6,0,109.36,108.75,208.03,125.29,98.63,114.23,117.38,102.23,117.08,105.4,98,193.25,178.35,178.39,185.3,187.1,212.21,153.85,116.17,177.07
"2014",6,100.93,113.69,131.45,142.26,109.55,102.7,128.87,0,100.96,109.26,212.58,123.81,99.02,114.23,121.12,110.85,119.89,106.57,98,195.92,182.12,179.76,186.73,185.53,216.71,154.59,116.45,179.38
"2014",7,100.93,111.09,130.04,132.69,107.92,106.9,128.92,0,101.87,108.73,209.02,119.09,98.62,114.23,121.77,111.74,120.93,107.23,98,195.62,181.1,176.77,183.62,182.33,210.68,149.31,116.43,174.45
"2014",8,100.93,110.92,119.68,128.13,104.51,110.06,128.61,0,108.14,107.99,200.77,120.49,99.47,114.23,117.9,111.57,118.04,106.89,98,184.13,165.18,173.52,180.25,178.48,206.11,147.96,116.16,176.06
"2014",9,102.71,116.28,114.18,116.44,103.3,111.95,124.94,0,105.9,109.33,190.34,120.49,100.09,106.66,111.47,109.01,112.11,105.44,98,176.96,164.2,167.38,173.86,171.72,202.5,145.84,115.78,180.25
"2015",1,101.71,111.69,106.93,109.16,102.59,108.86,114.28,0,91.74,104.63,90.15,106.48,100.25,100.38,100.96,105.34,103.42,102.65,98,85.26,82.19,97.25,97.75,95.89,93.62,109.79,106.37,102.36
"2015",10,100.33,96.04,96.92,96.7,95.48,97.3,97.42,0,105.68,96.35,90.26,96.78,99.74,96.89,107.59,98.29,98.1,99.92,100.92,92.34,92.71,92.25,91.17,91.52,83.17,78.33,96.52,87.42
"2015",11,100.33,94.54,97.01,94.43,97.52,95.96,95.52,0,109.4,91.38,81.96,98.79,99.74,95.85,101.53,97.51,97.48,97.44,100.53,91.7,85.3,88.01,88.17,87.65,77.78,93.83,96.32,82.79
"2015",12,96.16,93.04,92.78,93.35,95.22,95.26,93.85,0,103.02,93.23,68.78,96.82,99.74,102.05,97.56,94.97,98.19,96.66,100.65,86.03,79.52,72.76,73.85,72.87,62.12,107.7,95.33,73.05
"2015",2,100.09,107.98,106.04,101.99,104.05,103.02,108.13,0,89.09,104.61,109.69,105.29,100.25,100.38,96.36,103.1,105.08,102.68,98,107.87,101.36,113.27,113.39,109.31,118.36,109.79,105.98,109.95
"2015",3,100.46,107.16,102.1,101.1,103.5,104.31,105.63,0,96.59,103.65,107.72,106.92,100.25,99.95,96.15,100.44,103.11,101.86,98,108.97,106.08,106.6,108.85,109.26,114.48,103.21,104.91,110.07
"2015",4,100.46,104.53,101.55,102.88,103.56,102.61,101.52,0,98.76,104.96,113.69,101.78,99.72,99.56,94.04,100.32,103.79,102.65,101.01,113.24,110.62,109.55,111.26,111.4,118.61,105.9,105.89,117.21
"2015",5,99.75,97.03,99.72,99.63,101.13,102.58,97.81,0,96.21,102.86,124.13,102.21,100.11,99.48,100.17,99.8,100.4,102.46,100.83,118.92,122.94,119.52,119.59,120.82,131.34,107.34,100.13,126.58
"2015",6,99.75,98.61,103.2,100.61,99.47,98.53,96.92,0,94.21,103.39,119.84,102.21,100.11,99.48,97.02,99.91,98.04,101.83,100.33,115.05,122.78,119.52,115.02,116.8,125.16,107.34,99.33,117.2
"2015",7,100.33,99.75,97.84,103.21,99.85,96.41,94.6,0,96.56,100.18,109.54,95.83,100.11,99.48,103.03,101.67,98.14,97.6,100.4,102.56,110.15,100.1,102.45,103.55,107.98,101.51,98.15,100.44
"2015",8,100.33,95.26,96.79,100.48,99.28,97.99,96.26,0,105.6,98.36,94.08,94.19,100.11,103.23,99.01,99.11,96.2,97.22,100.43,89.19,93.71,89.78,87.95,90.01,85.7,87.93,96.35,85.53
"2015",9,100.33,94.36,99.11,96.47,98.34,97.17,98.06,0,113.13,96.42,90.15,92.71,99.86,103.23,106.59,99.54,98.04,97.01,100.91,88.85,92.65,91.4,90.54,90.93,81.69,87.35,94.72,87.42
"2016",1,96.16,93.18,93.7,91.99,96.36,90.9,93.92,0,102.94,96.65,52.91,95.81,99.37,97.35,103.53,99.76,100.63,94.38,101.27,70.24,71.2,59.45,58.4,56.22,50.97,100.17,93.92,55.7
"2016",10,90.3,87.7,96.92,100.78,96.73,90.8,133.8,0,127.49,100.98,96.45,116.67,108.37,93.63,117.69,117.09,107.85,119.65,103.92,90.39,90.67,94.27,93.5,93.58,97.45,124.71,93.41,63.52
"2016",11,90.3,86.91,96.33,101.7,101.65,87.99,132.54,0,116.33,102.1,86.47,116.95,108.37,87.84,113.53,118.31,106.25,114.67,103.05,88.12,85.28,88.25,87.38,86.69,94.49,130.59,93.16,71.75
"2016",12,89.8,86.91,94.3,101.89,99.82,87.8,127.54,0,107.73,105.18,102.58,116.14,106.57,101.41,105.64,117.96,103.43,113.94,101.63,97.41,96.98,98.28,99.03,96.85,111.66,119.3,93.54,87.53
"2016",2,96.23,90.97,92.66,91.37,93.16,92.32,93.93,0,105.16,96.2,56.86,96.32,99.37,89.87,103.32,102.37,102.87,93.96,101.82,64.67,62.88,63.65,63.23,59.77,52.74,95.6,93.2,47.82
"2016",3,93.61,90.15,90.15,88.14,96.82,89.21,98.63,0,108.25,92.93,69.41,96.32,99.37,94.67,106.76,108.43,104.28,98.5,102.18,74.61,74.93,71.76,73.56,70.54,60.61,86.5,93.46,52.21
"2016",4,93.61,90.64,92.33,92.3,96.34,88.14,104.77,0,117.31,95.65,76.8,96.32,99.74,95.81,104.07,111.77,106.61,103.59,102.74,77.82,77.68,74.76,76.54,74.44,65.77,88.55,94.11,53.05
"2016",5,90.42,89.83,97.04,97.07,96.17,87.06,112.35,0,118.35,98.85,87.18,96.58,99.74,95.32,102.14,114.04,107.59,113.37,102.91,83.92,84.49,84.82,85.18,84.45,76.48,99.13,91.14,59.32
"2016",6,90.34,89.27,102.37,100.24,95.61,88.81,116.18,0,117.18,101,91.2,96.61,108.37,95.79,110.41,114.01,108.12,115.45,103.53,86.41,85.3,90.5,90.05,89.29,82.33,107.82,90.79,61.61
"2016",7,91.15,87.97,96.85,101.54,95.77,89.5,115.06,0,115.82,100.11,83.76,97.61,108.37,95.79,112.1,114.46,109.44,117.47,103.85,79.43,74.59,83.62,84.09,83.27,82.69,108.23,90.63,59.4
"2016",8,91.15,88.75,97.28,98.73,97.54,89.85,122.07,0,130.47,98.82,85.95,105.15,108.37,118.09,116.51,120.46,112.78,120.15,104.43,76.58,77.77,83.77,82.68,81.94,82.81,116.29,91.86,56.58
"2016",9,90.3,88.04,97.53,101.39,98.68,90.18,130.43,0,116.82,101.1,85.35,109.52,108.37,103.54,116.58,110.57,108.65,121.6,104.31,80.91,83.6,85.92,84.87,83.56,87.67,120.79,91.86,63.18
"2017",1,89.8,88.88,95.78,102.88,99.45,86.86,124.16,0,111.67,105.47,105.8,117.92,104.51,92.98,110.95,115.84,104.07,113.25,101.79,104.85,100.72,100.05,100.6,99.87,113.23,120.16,92.5,82.71
"2017",10,89.05,91.33,94.68,98.5,96.32,87.49,122.21,0,104.54,99.82,109.38,111.35,101.46,93.73,116.48,135.87,113.83,134.73,101.22,108.81,101.67,107.26,105.49,105.78,115.9,132.12,93.73,92.09
"2017",11,95.76,90.18,95.36,97.79,106.88,86.2,122.59,0,106.32,99.82,119.79,110.48,103.78,88.06,120.98,133.64,113.9,137.12,101.23,121.26,110.29,115.02,114.34,112.15,126.61,134.72,91.7,93.73
"2017",12,96.45,89.38,96.33,96.88,108.1,85.72,122.66,100,113.3,100.42,121.35,98.26,103.78,97.6,117.22,130.37,112.05,139.06,101.22,122.28,110.55,118.04,116.53,115.18,125.79,132.2,91.7,92.21
"2017",2,89.8,90.25,97.98,101,95.28,84.79,123.14,0,112.82,106.02,107.14,114.25,104.51,92.39,112.73,119.59,110.39,117.17,102.15,106.24,102.02,102.08,102.3,102.11,110.34,119.87,93.64,87.48
"2017",3,90.64,88.43,97.38,98.45,95.87,85.73,125.72,0,118.32,106.61,100.84,109.94,104.51,96.27,107.15,121.41,110.45,121.1,102.17,95.98,93.47,95.4,95.63,96.04,102.74,122.66,86.31,85.19
"2017",4,90.64,85.63,94.68,95.08,98.8,81.58,130.19,0,121.39,105.7,103.01,109.42,102.26,93.7,113.68,123.54,113.45,123.01,102.7,98.38,97.83,98.91,98.71,98.83,106.78,125.1,98.5,86.65
"2017",5,89.4,85.61,94.09,95.23,97.62,81.91,133.27,0,103.36,104.48,99.9,112.15,100.54,107.4,111.76,127.73,112.08,130.45,101.35,91.8,93.33,93.37,94.09,93.99,104.79,134.52,97.03,83.62
"2017",6,89.4,88.47,92.77,93.09,98.67,82.16,131.41,0,109.71,102.87,91.54,111.55,100.54,107.4,113.39,130.62,116.54,130.31,101.59,84.84,86.63,86.67,88.09,88.33,100.68,132.52,98.79,81.22
"2017",7,89.4,99.52,94.17,97.94,97.75,81.71,129.06,0,105.85,100.92,93.69,112.06,100.54,107.4,110.25,131.24,116.59,134.93,101.31,86.93,89.09,92.88,92.3,93.34,102.64,134.52,99.5,79.71
"2017",8,89.05,91.98,94.69,95.86,99.73,85.49,120.46,0,106.59,99.05,98.91,111.08,100.54,100.26,112.05,136.08,117.14,134.89,101.79,95.52,97.64,99.24,97.44,97.35,105.53,139.54,94.28,81.22
"2017",9,89.05,92.43,94.9,95.51,97.11,86.14,118.81,0,100.56,99.64,105.69,111.08,100.54,102.74,115.68,137.09,115.7,134.89,101.63,104.34,101.83,111.31,105.13,105,113.15,138.71,94.39,85.61
"2018",1,96.45,90.89,98.98,96.21,109.99,88.6,123.18,101.33,107.06,100.42,130.39,102.75,106.27,91.38,117.15,129.56,107.71,139.94,101.56,124.38,115.7,126.77,125.03,124.69,131.54,131.91,91.69,92.05
"2018",10,97.21,95.26,105.62,87.1,103.44,94.59,118.02,108.18,79.28,104.06,156.37,102.59,117.32,109.33,113.3,120.31,106.2,134.12,101.26,141.09,129.29,147.01,146.92,148.11,171.49,153.3,91.19,139.11
"2018",11,97.21,95.4,106.25,85.56,104.94,96.74,115.04,105.75,87.48,102.24,129.13,96.85,117.32,105.48,119.69,118.95,105.55,134.23,101.16,107.97,101,129.47,128.09,125.72,152.51,120.47,89.69,131.27
"2018",12,96.49,95.04,105.85,84.07,103.24,96.46,113.52,100,92.99,101.36,112.9,97.35,117.32,123.76,115.95,118.83,105.99,134.05,101.32,98.74,87.46,111.03,109.83,106.56,126.27,113.23,89.98,121.28
"2018",2,96.45,93.33,102.13,99.14,111.17,90.7,123.54,103.64,107.47,101.69,123.53,103.02,106.27,94.66,116.22,126.22,114.52,139.66,102.1,115.71,111.91,122.56,123.64,119.27,126.96,134.78,90.97,93.25
"2018",3,96.45,94.69,109.07,104.56,108.4,88.35,123.2,107.19,111.42,101.69,123.57,104.42,106.27,97.67,118.51,130.54,119.55,140.78,102.51,118.56,112.05,121.98,122.01,119.72,126.57,139.09,91.16,95.34
"2018",4,96.45,95.69,109.15,106.41,119.09,88.13,123.35,106.92,113.14,102.44,134.47,105.91,105.75,97.67,113.64,130.14,117.76,140.92,102.23,125.46,118.34,132.1,131.53,128.83,135.32,144.92,91.98,103.92
"2018",5,94.83,97.25,108.75,105.43,114.08,90.34,123.11,108.5,105.75,104.91,146.57,108.45,106.5,97.67,113.67,124.5,115.48,140.13,101.82,139.44,128.74,140.4,138.9,138.07,151.31,149.19,92.62,121.08
"2018",6,94.83,95.45,108.26,100.06,111.35,90.4,121.11,120.14,97.18,108.4,144.99,108.45,106.85,97.67,111.11,123.29,114.67,137.78,101.76,132.71,123.02,135.71,134.27,133.64,153.82,156.38,92.93,122.7
"2018",7,96.55,95.47,108.95,85.24,103.93,91.39,114.25,129.69,84.18,107.02,144.02,107.1,106.85,97.67,102.67,121.26,113.26,136.36,101.5,135.52,122.41,136.47,134.92,132.2,157.01,150.51,92.78,125.81
"2018",8,97.21,97.17,106.85,86.15,105.95,92.1,113.82,126.84,83.71,107.55,142.78,107.38,114.34,110.7,107.49,121.62,110.88,135.83,101.56,134.78,124.4,137.08,134.79,135.05,154.04,152.27,93.55,125.77
"2018",9,97.21,94.84,106.34,84.86,104.78,93.55,117.85,108.84,76.98,102.76,152.11,107.22,114.34,109.33,110.27,123.34,106.96,134.33,101.44,141.87,132.07,142.83,141.56,143.11,157.84,147.09,91.19,131.77
"2019",1,96.99,94.9,106.65,83.64,99.96,96.46,112.23,109.97,92.37,99.27,116.39,96.77,116.04,123.19,120.23,119.51,107.2,134.22,101.97,98.52,89.24,114.43,110.92,109.97,129.4,113.3,89.66,104.63
"2019",10,97.25,93.17,104.41,88.14,98.89,99.36,138.63,100.94,85.28,112.95,116.98,105.06,119.36,107.18,114.72,106.21,94.81,128.08,102.09,106.5,102.84,119.39,116.36,117.13,105.04,131.21,87.11,130.12
"2019",11,96.87,94.03,104.22,86.33,102.21,108.04,138.78,104.04,85.89,114.05,122.1,105.06,119.98,104.81,114.51,106.22,94.13,128.51,101.98,111.52,107.65,117.85,115.65,116.02,87.04,131.13,87.26,114.02
"2019",12,96.49,95.47,106.31,85.84,99.31,100.54,136.14,105.1,88.89,114.05,127.85,106.35,119.36,109.48,114.28,107.46,93.62,128.69,101.92,118.14,107.59,122.14,120.07,120.74,95.23,130.35,87.56,110.49
"2019",2,96.99,94.75,103.43,81.41,99.9,97.66,112.36,113.94,88.53,99.27,127.22,106.19,116.04,117.08,118.4,117.05,105.2,134.28,101.67,106.72,97.16,122.91,120.25,120.16,142.66,112.94,87.62,118.77
"2019",3,96.99,93.24,100.8,80.52,103.03,98.3,126.87,118.68,92.49,100.41,131.84,104.68,116.04,113.1,120.92,118.01,107.31,133.59,101.54,113.52,109.91,124.23,123.3,123.75,147.42,113.08,88.89,122.18
"2019",4,96.99,91.16,100.94,79.86,105.35,99.83,132.76,126.21,86.05,100.41,139.73,104.68,116.04,113.1,114.91,115.43,106.93,132.27,101.45,120.14,120.61,128.61,127.31,127.25,148.97,116.89,89.2,131.26
"2019",5,96.99,90.25,107.04,77.76,113.17,99.9,133.9,129.5,82.85,99.79,136.65,104.68,116.04,113.1,112.49,112.77,102.43,128.78,101.76,113.82,112.42,127.84,125.92,126.45,142.7,121.56,89.29,129.79
"2019",6,98.79,92.55,109.44,84.24,108.8,101.22,131.14,129.5,87.14,99.79,121.68,104.68,117.45,113.1,115.17,110.45,102.32,128.7,102.12,98.28,99.41,117.4,115.24,114.63,132.02,124.89,89.54,118.79
"2019",7,98.79,91.11,107.49,83.86,103.85,99.02,125.8,125.4,86,99.79,124.64,102.61,117.84,113.1,115.41,110.2,102.21,128.69,102.09,105.29,107.31,123.5,121.12,120.31,147.37,132.85,89.86,127.83
"2019",8,98.79,87.84,103.02,83.62,106.71,99.61,123.27,114.14,92.61,105.7,116.47,104.54,116.28,113.1,114.83,108.86,97.42,125.65,102.45,95.96,100.49,116.84,115.21,114.82,121.32,133.01,87.6,117.22
"2019",9,99.09,88.14,104.06,85.19,105.22,97.69,133.95,99.78,91.36,112.95,120.41,104.54,118.41,110.48,114.73,109.69,96.22,125.87,102.25,102.57,104.88,121.7,120.06,119,137.08,132.93,87.06,117.98
"2020",1,96.84,97.3,106.87,85.68,98.28,97.8,133.04,111.43,92.13,114.05,126.69,107.48,120.21,109.48,114.55,109.41,90.94,129.44,101.89,114.21,104.29,116.39,116.37,117,114.08,127.42,88.27,111.69
"2020",10,101.67,105.26,124.1,102.68,98.55,92.38,142.52,79.75,87.4,103.32,80.11,99.54,118,109.48,124.92,105.25,88.63,130.97,102.67,79.58,67.64,66.57,64.29,66.97,90.31,115.52,80.27,107.96
"2020",11,101.67,104.56,125.19,106.72,99.58,97.89,135.87,81,89.34,96.42,85.52,99.54,120.02,109.48,127.62,107.5,92.29,133.79,102.83,77.77,68.7,72.49,70.52,72.61,96.76,135.12,80.96,109.86
"2020",12,101,103.5,128.92,108.38,104.18,96.04,134.97,81,90.51,96.42,98.16,102.55,118.81,109.48,127.79,107.15,92.72,136.19,102.95,91.09,79.1,84.81,82.88,84.25,104.86,139.29,83.07,116.78
"2020",2,96.84,95.79,104.81,83.26,95.35,98.06,126.43,109.17,82.69,114.05,106.82,109.52,118.15,109.48,111.73,109.16,90.05,128.07,101.76,98.59,94.41,98.9,97.36,100.17,102.51,126.26,87.2,104.87
"2020",3,98.26,94.73,98.71,82.22,95.92,98.47,130.61,95.33,84.15,114.73,66.39,109.52,116.35,109.48,111.81,109.23,91.73,123.08,102.23,58.4,53.1,61.75,60.72,68.95,69.22,119.19,85.41,73.02
"2020",4,98.26,94.89,95.53,80.15,98.52,96.23,125.66,94.67,80.97,113.62,40.16,105.95,116.19,109.48,112.14,102.44,90.17,122.63,102.15,36.12,29.34,36.19,32.83,46.1,51.27,93.54,83.09,64.37
"2020",5,98.26,94.06,97.94,79.99,105.19,97.55,123.64,92.7,85.74,114.95,60.01,103.16,116.64,109.48,115.06,100.95,87.1,123.95,102.28,52.23,46.52,44.87,44.62,53.68,58.21,91.74,83.46,65.95
"2020",6,98.62,92.31,99.59,83.25,105.94,91.1,126.77,90.7,96.79,111.71,80.37,99.1,116.16,109.48,115.23,102.7,86.32,124.89,102.22,73.8,64.58,64.15,63.61,71.1,80.7,93.37,84.15,93.5
"2020",7,98.62,93.24,102.91,86.11,99.76,89.03,123.27,85.04,94.13,111.71,85.29,101.08,116.94,109.48,115.85,105.13,85.62,125.6,102.36,81.43,67.61,69.56,67.85,76.73,87.21,95.39,82.3,113.45
"2020",8,98.62,94.31,103.94,89.41,99.88,89.12,122.87,74.28,89.43,110.41,86.67,99.01,115.21,109.48,116.26,106.9,85.88,126.23,102.52,81.67,70.88,69.95,66.87,74.74,93.11,113.12,80.53,117.7
"2020",9,101.67,98.06,115.64,97.29,103.07,91.33,133.14,72.71,82.93,110.41,81.76,99.54,115.62,109.48,118.65,104.18,86.13,128.07,102.59,81.39,68.91,63.42,60.73,67.12,87.35,115.52,80.39,109.97
"2021",1,101,109.15,138.38,113.97,108.84,98.3,138.05,84.16,90.2,98.32,107.97,103.02,118.62,109.48,126.17,106.1,92.82,136.33,102.98,105.26,88.92,91.35,89.6,91.12,114.18,145.98,82.85,123.07
"2021",10,113.52,149.16,166.87,124,108.76,113.43,149.68,136.89,84.6,94.91,160.73,124.06,118.1,91.01,127.67,132.33,109.88,128.45,101.18,158.73,144.52,137.6,143.67,144.92,171.31,281.96,112.09,157.99
"2021",2,104.05,110.09,148.57,114.61,103.09,103.37,142.07,88.42,88.44,98.32,119.92,102.55,116.53,109.5,123.38,106.64,91.64,134.72,102.65,116.23,100.16,102.93,100.59,103.27,127.3,156.6,84.35,132.95
"2021",3,104.11,106.76,151.21,117.09,104.96,100.62,150.92,97.62,85.67,98.32,126.91,102.55,114.58,102.8,121.72,108.41,92.5,133.14,102.01,122.15,107.92,106.17,103.13,106.18,134.35,162.04,89.59,145.53
"2021",4,109.94,108.1,156.65,128.69,106.6,106.09,158.56,105.88,86.48,98.32,123.92,117.6,117.6,102.8,125.06,110.72,94.88,132.5,101.93,117.4,108.22,106.39,103.05,104.73,130.45,180.94,96.29,146.68
"2021",5,111.65,114.76,161.94,132.98,110.53,108.75,158.01,103.2,89.37,99.71,130.66,117.6,117.3,102.8,126.95,113.49,98.01,132.74,101.92,123.87,112.32,113.01,110.76,111.96,131.95,194.71,103.95,141.81
"2021",6,111.65,119.8,157.37,131.2,107.06,108.69,155.57,99.18,86.34,99.71,141.02,117.6,117.46,102.8,126.83,118.06,104.24,133.15,101.76,132.76,119.01,119.68,117.25,119.33,143,220.69,106.77,145.03
"2021",7,111.65,126.58,161.45,129.33,107.25,109.96,151.36,99.18,88.46,97.14,143.64,119.79,115.93,117.68,126.18,128.53,111.1,132.53,101.71,141.58,125.41,121.71,119.3,121.03,145.9,258.55,108.99,145.38
"2021",8,111.65,142.1,163.75,126.83,108.24,111.58,150.86,106.53,87.58,97.14,136.88,118.15,115.77,100.8,125.99,131.92,112.13,129.53,101.8,133.94,119.09,116.95,114.34,115.2,143.52,275.5,113.5,149.72
"2021",9,113.52,149.16,164.46,124,109.41,112.04,148.75,124.58,95.44,97.09,143.05,120.63,118.61,99.43,127.73,131.92,112.27,129.6,101.72,141.71,123.88,127.49,123.33,124.62,160.96,275.65,111.8,149.57
