"기간","농림수산품","농림수산품","농산물","채소및과실","과실","수산물","신선수산물","신선어류","냉동건조수산물","냉동수산물"
"1971.01",12.28,12.28,25.53,23.18,0,10.6,10.65,10.65,13,12.38
"1971.02",12.14,12.14,25.53,23.18,0,10.37,10.07,10.07,12.9,12.29
"1971.03",12.34,12.34,25.53,23.18,0,10.71,10.86,10.86,13.06,12.45
"1971.04",12.83,12.83,25.53,23.18,0,11.55,12.98,12.98,13.38,12.75
"1971.05",12.52,12.52,25.53,23.18,0,11.02,11.67,11.67,13.17,12.55
"1971.06",13.01,13.01,25.53,23.18,0,11.86,13.76,13.76,13.49,12.86
"1971.07",12,12,25.68,23.18,0,10.06,9.34,9.34,12.77,12.16
"1971.08",11.96,11.96,25.68,23.18,0,10,9.16,9.16,12.76,12.15
"1971.09",12,12,25.68,23.18,0,10.07,9.33,9.33,12.79,12.18
"1971.10",12.19,12.19,25.68,23.18,0,10.39,10.13,10.13,12.92,12.31
"1971.11",12.08,12.08,25.68,23.18,0,10.2,9.65,9.65,12.83,12.23
"1971.12",11.97,11.97,25.61,23.18,0,10.04,9.34,9.34,12.72,12.12
"1972.01",12.43,12.43,25.09,20.49,0,11.05,11.55,11.55,13.29,12.66
"1972.02",12.66,12.66,25.09,20.49,0,11.44,12.52,12.52,13.45,12.82
"1972.03",12.58,12.58,25.09,20.49,0,11.3,12.17,12.17,13.4,12.76
"1972.04",12.91,12.91,25.16,20.49,0,11.83,13.48,13.48,13.61,12.97
"1972.05",12.94,12.94,25.87,20.49,0,11.6,12.9,12.9,13.52,12.88
"1972.06",13.6,13.6,24.98,20.49,0,13.09,16.51,16.51,14.16,13.49
"1972.07",12,12,24.98,20.49,0,10.35,9.76,9.76,13.05,12.43
"1972.08",12,12,24.98,20.49,0,10.35,9.76,9.76,13.05,12.43
"1972.09",12.74,12.74,24.98,20.49,0,11.63,12.29,12.29,13.91,13.26
"1972.10",12.71,12.71,24.98,20.49,0,11.57,11.32,11.32,14.36,13.68
"1972.11",12.75,12.75,24.98,20.49,0,11.63,11.04,11.04,14.62,13.93
"1972.12",12.76,12.76,24.83,20.42,0,11.71,11.28,11.28,14.64,13.95
"1973.01",13.82,13.82,27.11,19.37,0,12.6,12.08,12.08,15.76,15.02
"1973.02",14.44,14.44,27.11,19.37,0,13.67,11.92,11.92,17.17,16.35
"1973.03",14.91,14.91,27.11,19.37,0,14.47,12.96,12.96,18.12,17.26
"1973.04",14.56,14.56,27.11,19.37,0,13.87,13.33,13.33,17.42,16.6
"1973.05",14.25,14.25,27.11,19.37,0,13.34,12.21,12.21,17.42,16.6
"1973.06",14.4,14.4,27.11,19.37,0,13.59,12.17,12.17,17.66,16.82
"1973.07",14.3,14.3,27.26,19.37,0,13.36,11.58,11.58,16.24,15.47
"1973.08",15.04,15.04,27.26,19.37,0,14.63,14.29,14.29,17.18,16.37
"1973.09",14.64,14.64,27.26,19.37,0,13.95,12.83,12.83,17.67,16.84
"1973.10",14.85,14.85,27.26,19.37,0,14.3,11.96,11.96,19.21,18.3
"1973.11",15.35,15.35,27.4,19.37,0,15.1,12.75,12.75,19.98,19.04
"1973.12",15.89,15.89,27.2,19.27,0,16.12,13.77,13.77,21.08,20.09
"1974.01",17.12,17.12,31.36,22.95,0,16.52,15.37,15.37,21.18,20.18
"1974.02",17.15,17.15,31.36,22.95,0,16.57,17.21,17.21,18.83,17.94
"1974.03",16.7,16.7,31.36,22.95,0,15.79,15.21,15.21,19.43,18.51
"1974.04",16.96,16.96,31.36,22.95,0,16.24,16.04,16.04,19.89,18.95
"1974.05",16.35,16.35,31.36,22.95,0,15.2,14.96,14.96,18.95,18.06
"1974.06",15.47,15.47,31.36,22.95,0,13.69,13.55,13.55,16.57,15.78
"1974.07",15.4,15.4,31.22,22.95,0,13.62,14.17,14.17,16.08,15.32
"1974.08",15.99,15.99,31.22,22.95,0,14.64,14.17,14.17,16.19,15.43
"1974.09",16.17,16.17,31.22,22.95,0,14.95,14.09,14.09,16.9,16.1
"1974.10",15.67,15.67,31.36,22.95,0,14.03,14.09,14.09,17.3,16.48
"1974.11",15.2,15.2,31.36,22.95,0,13.23,14.09,14.09,16.11,15.34
"1974.12",15.26,15.26,31.33,22.95,0,13.34,12.25,12.25,16.6,15.81
"1975.01",16.1,16.1,35.45,21.1,0,13.44,12.39,12.39,16.52,15.57
"1975.02",15.06,15.06,35.54,21.1,0,12.18,12.39,12.39,14.59,13.53
"1975.03",15.04,15.04,35.87,21.1,0,12.1,12.39,12.39,14.59,13.53
"1975.04",15.44,15.44,36.02,21.1,0,12.55,12.27,12.27,15.26,14.24
"1975.05",15.42,15.42,36.37,21.1,0,12.47,12.09,12.09,15.16,14.24
"1975.06",16.41,16.41,36.72,21.1,0,13.6,12.09,12.09,16.99,16.12
"1975.07",17.4,17.4,37.19,21.1,0,14.71,14.63,14.63,18.03,17.17
"1975.08",17.96,17.96,37.69,21.1,0,15.3,14.63,14.63,18.81,17.97
"1975.09",18.98,18.98,38.23,22.22,0,16.43,19.03,19.03,19.49,18.69
"1975.10",19.08,19.08,39.11,22.22,0,16.41,19.03,19.03,19.7,18.91
"1975.11",21.19,21.19,38.72,22.22,0,18.98,19.03,19.03,23.2,22.59
"1975.12",22.4,22.4,38.82,22.22,0,20.42,19.03,19.03,25.3,24.79
"1976.01",22.56,22.56,39.26,23.12,0,20.54,19.03,19.03,25.47,24.8
"1976.02",22.65,22.65,40.72,24.92,0,20.4,18.49,18.49,25.34,24.66
"1976.03",23.1,23.1,41.96,26.57,0,20.74,18.41,18.41,25.85,25.2
"1976.04",23.48,23.48,42.31,27.39,0,21.14,15.15,15.15,26.98,26.39
"1976.05",24.4,24.4,42.42,27.39,0,22.22,15.15,15.15,28.8,28.3
"1976.06",24.2,24.2,42.36,27.39,0,21.99,15.27,15.27,28.49,27.98
"1976.07",24.85,24.85,41.81,27.39,0,22.85,15.72,15.72,29.59,29.03
"1976.08",25.26,25.26,42.12,28.25,0,23.29,15.95,15.95,30.18,29.66
"1976.09",26.42,26.42,41.97,28.25,0,24.71,17.57,17.57,31.7,31.25
"1976.10",27.07,27.07,41.9,28.25,0,25.49,18.36,18.36,32.51,32.1
"1976.11",27.1,27.1,41.66,28.25,0,25.56,18.36,18.36,32.79,32.4
"1976.12",27.15,27.15,40.62,28.25,0,25.79,19.14,19.14,33.12,32.75
"1977.01",28.26,28.26,41.67,28.25,0,26.95,19.56,19.56,34.75,34.46
"1977.02",28.94,28.94,41.67,28.25,0,27.77,20.17,20.17,35.86,35.62
"1977.03",27.34,27.34,42.72,28.25,0,25.68,21.14,21.14,32.55,32.15
"1977.04",25.76,25.76,43.3,28.25,0,23.69,21.09,21.09,29.39,28.83
"1977.05",25.55,25.55,43.3,28.25,0,23.45,21.09,21.09,29.04,28.46
"1977.06",25.79,25.79,43.32,28.25,0,23.73,21.31,21.31,29.27,28.7
"1977.07",25.96,25.96,47.97,32.01,0,23.17,19.19,19.19,29.03,28.45
"1977.08",26.45,26.45,47.81,32.01,0,23.79,19.19,19.19,29.75,29.21
"1977.09",27.42,27.42,48.76,33.98,0,24.78,21.12,21.12,30.41,29.9
"1977.10",26.99,26.99,48.76,33.98,0,24.27,19.55,19.55,30.04,29.52
"1977.11",27.37,27.37,48.76,33.98,0,24.72,19.67,19.67,30.69,30.19
"1977.12",27.17,27.17,48.76,33.98,0,24.49,19.67,19.67,30.34,29.83
"1978.01",27.32,27.32,48.76,33.98,0,24.67,22.05,22.05,30.31,29.79
"1978.02",27.96,27.96,48.1,32.61,0,25.54,24.72,24.72,31.2,30.73
"1978.03",28.09,28.09,48.1,32.61,0,25.69,24.72,24.72,31.42,30.96
"1978.04",27.58,27.58,47.69,31.77,0,25.16,24.41,24.41,30.69,30.19
"1978.05",27.7,27.7,47.69,31.77,0,25.29,21.85,21.85,31.22,30.76
"1978.06",28.13,28.13,47.69,31.77,0,25.81,20.57,20.57,32.15,31.73
"1978.07",28.1,28.1,47.69,31.77,0,25.77,21.22,21.22,32.01,31.58
"1978.08",29.06,29.06,47.69,31.77,0,26.92,21.22,21.22,32.74,32.35
"1978.09",29.3,29.3,47.69,31.77,0,27.2,23.04,23.04,32.92,32.54
"1978.10",29.37,29.37,47.69,31.77,0,27.29,23.04,23.04,32.92,32.54
"1978.11",29.78,29.78,47.69,31.77,0,27.78,23.04,23.04,33.62,33.28
"1978.12",29.78,29.78,47.69,31.77,0,27.78,23.04,23.04,33.62,33.28
"1979.01",29.8,29.8,47.69,31.77,0,27.81,23.04,23.04,33.62,33.28
"1979.02",30.2,30.2,47.69,31.77,0,28.28,24.35,24.35,34.14,33.82
"1979.03",30.79,30.79,47.69,31.77,0,28.98,32.29,32.29,34.14,33.82
"1979.04",30.21,30.21,47.69,31.77,0,28.29,24.76,24.76,34.14,33.82
"1979.05",30.03,30.03,46.39,29.09,0,28.29,24.76,24.76,34.14,33.82
"1979.06",29.6,29.6,46.39,29.09,0,27.77,22.2,22.2,34.01,33.69
"1979.07",29.86,29.86,46.39,29.09,0,28.09,22.2,22.2,34.01,33.69
"1979.08",31.26,31.26,51.65,35.29,0,28.9,31.09,31.09,34.01,33.69
"1979.09",31.99,31.99,51.65,35.29,0,29.78,31.09,31.09,35.15,34.89
"1979.10",31.99,31.99,51.65,35.29,0,29.78,31.09,31.09,35.15,34.89
"1979.11",31.85,31.85,50.59,35.29,0,29.78,31.09,31.09,35.15,34.89
"1979.12",32.27,32.27,50.59,35.29,0,30.28,26.79,26.79,36.46,36.26
"1980.01",32.6,32.6,46.47,27.47,54.86,31.3,27.84,27.84,37.59,37.59
"1980.02",33.66,33.66,48.65,31.31,54.86,32.22,30.9,30.9,38.43,38.43
"1980.03",33.24,33.24,46.81,28.07,54.86,32.01,30.9,30.9,38.13,38.13
"1980.04",32.73,32.73,51.06,34.97,54.86,30.76,22.98,22.98,37.54,37.54
"1980.05",32.18,32.18,50.38,33.79,54.86,30.21,20.82,20.82,37.72,37.72
"1980.06",32.36,32.36,55.25,42.35,54.86,29.67,19.69,19.69,37.14,37.14
"1980.07",32.47,32.47,55.71,43.16,54.86,29.73,19.55,19.55,37.25,37.25
"1980.08",32.39,32.39,53.46,38.63,54.86,29.99,18.66,18.66,37.73,37.73
"1980.09",32.16,32.16,53.12,38.03,54.86,29.77,18.66,18.66,37.43,37.43
"1980.10",32.86,32.86,51.19,34.64,54.86,30.89,23.47,23.47,38.29,38.29
"1980.11",34.18,34.18,53.66,38.99,59.31,32.06,23.47,23.47,39.92,39.92
"1980.12",35.44,35.44,56.09,42.4,59.31,33.17,25.07,25.07,41.23,41.23
"1981.01",35.18,35.18,53.83,38.43,59.31,33.21,26.97,26.97,41.17,41.17
"1981.02",36,36,53.16,37.24,59.31,34.28,26.97,26.97,42.65,42.65
"1981.03",36.51,36.51,57.19,44.33,59.31,34.27,24.77,24.77,42.95,42.95
"1981.04",36.31,36.31,58.02,45.8,59.31,33.9,24.77,24.77,42.44,42.44
"1981.05",35.91,35.91,57.69,45.22,59.31,33.48,18.56,18.56,42.76,42.76
"1981.06",35.77,35.77,58.7,46.99,59.31,33.16,18.56,18.56,42.31,42.31
"1981.07",35.86,35.86,59.13,47.76,59.31,33.2,18.56,18.56,42.37,42.37
"1981.08",35.34,35.34,53.4,37.66,59.31,33.47,18.56,18.56,42.74,42.74
"1981.09",35.01,35.01,54.42,39.45,43.02,32.93,20.63,20.63,42.03,42.03
"1981.10",35.35,35.35,54.08,38.85,43.02,33.38,25,25,42.03,42.03
"1981.11",35.97,35.97,54.08,38.85,43.02,34.11,26.36,26.36,42.85,42.85
"1981.12",35.31,35.31,54.08,38.85,43.02,33.33,20.79,20.79,42.57,42.57
"1982.01",35.71,35.71,57.87,38.85,43.02,33.22,20.79,20.79,42.41,42.41
"1982.02",35.45,35.45,57.87,38.85,43.02,32.91,18.4,18.4,42.33,42.33
"1982.03",35.6,35.6,57.87,38.85,43.02,33.09,18.4,18.4,42.58,42.58
"1982.04",35.15,35.15,57.87,38.85,43.02,32.55,16.45,16.45,42.12,42.12
"1982.05",34.62,34.62,57.87,38.85,43.02,31.93,16.45,16.45,41.25,41.25
"1982.06",34.46,34.46,57.87,38.85,43.02,31.74,16.45,16.45,40.99,40.99
"1982.07",34.53,34.53,57.87,38.85,43.02,31.82,16.45,16.45,41.1,41.1
"1982.08",34.96,34.96,57.87,38.85,43.02,32.33,16.45,16.45,41.63,41.63
"1982.09",34.92,34.92,57.36,37.94,39.74,32.36,16.45,16.45,41.65,41.65
"1982.10",35.53,35.53,57.87,38.85,43.02,33.01,16.45,16.45,42.54,42.54
"1982.11",32.72,32.72,57.87,38.85,43.02,29.68,16.45,16.45,37.93,37.93
"1982.12",32.6,32.6,57.87,38.85,43.02,29.55,16.45,16.45,37.74,37.74
"1983.01",32.99,32.99,60.87,38.85,43.02,29.55,16.45,16.45,37.74,37.74
"1983.02",31.92,31.92,60.87,38.85,43.02,28.28,16.45,16.45,35.99,35.99
"1983.03",31.98,31.98,60.87,38.85,43.02,28.36,16.45,16.45,35.99,35.99
"1983.04",32.47,32.47,60.65,38.85,43.02,28.97,16.45,16.45,36.84,36.84
"1983.05",31.76,31.76,60.47,38.85,43.02,28.15,16.45,16.45,35.7,35.7
"1983.06",31.62,31.62,60.47,38.85,43.02,28,16.45,16.45,35.48,35.48
"1983.07",31.6,31.6,60.47,38.85,43.02,27.97,16.45,16.45,35.52,35.52
"1983.08",31.66,31.66,60.47,38.85,43.02,28.04,16.45,16.45,35.63,35.63
"1983.09",31.46,31.46,60.39,38.85,43.02,27.81,16.45,16.45,35.38,35.38
"1983.10",31.36,31.36,60.39,38.85,43.02,27.7,16.45,16.45,35.22,35.22
"1983.11",31.4,31.4,60.39,38.85,43.02,27.75,17.27,17.27,35.18,35.18
"1983.12",31.25,31.25,59.85,37.89,43.02,27.65,17.08,17.08,35.06,35.06
"1984.01",30.94,30.94,59.3,36.94,43.02,27.38,17.08,17.08,34.68,34.68
"1984.02",32.31,32.31,60.79,36.94,43.02,28.75,22.46,22.46,35.82,35.82
"1984.03",32.54,32.54,60.4,36.25,43.02,29.09,22.75,22.75,36.24,36.24
"1984.04",33.5,33.5,60.7,36.25,43.02,30.18,24.32,24.32,37.52,37.52
"1984.05",33.42,33.42,58.91,36.25,43.02,30.36,25.61,25.61,37.59,37.59
"1984.06",33.27,33.27,58.54,35.5,43.02,30.23,26.69,26.69,37.26,37.26
"1984.07",33.16,33.16,59.23,37.02,43.02,30,23.9,23.9,37.34,37.34
"1984.08",33.84,33.84,58.03,34.92,43.02,30.99,23.1,23.1,38.83,38.83
"1984.09",34.62,34.62,60.58,39.41,43.02,31.51,28.88,28.88,38.59,38.59
"1984.10",34.92,34.92,58.96,36.48,43.02,32.12,37.6,37.6,38.17,38.17
"1984.11",34.7,34.7,58.96,36.48,43.02,31.86,34.99,34.99,38.2,38.2
"1984.12",34.54,34.54,60.4,39.08,43.02,31.44,30.33,30.33,38.29,38.29
"1985.01",34.72,34.72,60.3,38.96,43,31.66,28.66,28.66,38.38,38.38
"1985.02",34.27,34.27,58.16,38.1,43,31.49,28.66,28.66,38.04,38.04
"1985.03",33.35,33.35,57.13,36.7,43,30.55,26.31,26.31,37.43,37.43
"1985.04",33.57,33.57,57.03,37.64,43,30.83,26.82,26.82,37.71,37.71
"1985.05",33.4,33.4,57.03,37.64,43,30.63,25.84,25.84,37.79,37.79
"1985.06",33.28,33.28,57.03,37.64,43,30.49,25.49,25.49,37.71,37.71
"1985.07",33.31,33.31,57.19,37.86,43,30.49,25.08,25.08,37.91,37.91
"1985.08",33.62,33.62,56.9,37.64,43,30.92,25.08,25.08,38.14,38.14
"1985.09",33.14,33.14,57.07,37.87,41.72,30.3,24.03,24.03,38.15,38.15
"1985.10",32.75,32.75,56.33,35.92,41.72,29.97,23.51,23.51,37.76,37.76
"1985.11",32.61,32.61,56.33,35.92,41.72,29.79,23.95,23.95,37.21,37.21
"1985.12",32.13,32.13,56.33,35.92,41.72,29.21,23.95,23.95,36.1,36.1
"1986.01",34.72,34.72,60.3,38.96,43,31.66,28.66,28.66,38.38,38.38
"1986.02",32.39,32.39,56.33,35.92,41.72,29.52,21.34,21.34,37.98,37.98
"1986.03",32.6,32.6,55.84,35.92,41.72,29.86,20.8,20.8,38.9,38.9
"1986.04",32.85,32.85,55.84,35.92,41.72,30.17,20.8,20.8,39.48,39.48
"1986.05",33.11,33.11,55.84,35.92,41.72,30.48,23.44,23.44,38.38,38.38
"1986.06",32.19,32.19,57.98,38.83,41.72,29,23.56,23.56,35.48,35.48
"1986.07",32.57,32.57,57.91,38.74,41.72,29.47,23.56,23.56,36.26,36.26
"1986.08",33.92,33.92,57.97,38.74,41.72,31.1,24.56,24.56,37.16,37.16
"1986.09",34.47,34.47,59.5,40.8,44.96,31.5,24.56,24.56,37.93,37.93
"1986.10",37.39,37.39,71.37,56.9,47.56,32.99,32.27,32.27,36.96,36.96
"1986.11",39.27,39.27,74.53,61.18,47.56,34.71,34.78,34.78,39.01,39.01
"1986.12",40.69,40.69,74.62,61.18,47.56,36.42,37.14,37.14,41.1,41.1
"1987.01",39.51,39.51,74.62,61.18,47.56,35,32.61,32.61,40.63,40.63
"1987.02",39.97,39.97,74.62,61.18,47.56,35.55,35.99,35.99,40.01,40.01
"1987.03",39.88,39.88,74.62,61.18,47.56,35.44,35.27,35.27,40.16,40.16
"1987.04",40.67,40.67,73.49,59.65,47.56,36.6,35.09,35.09,42.45,42.45
"1987.05",42.38,42.38,76.55,63.47,47.56,38.14,40.21,40.21,43.42,43.42
"1987.06",42.82,42.82,76.55,63.47,47.56,38.67,44.18,44.18,42.47,42.47
"1987.07",43.64,43.64,74.49,60.67,47.56,40.02,41.55,41.55,46.35,46.35
"1987.08",45.58,45.58,83.82,73.68,47.56,40.76,42.72,42.72,47.17,47.17
"1987.09",41.22,41.22,69.64,54.45,47.56,37.92,33.5,33.5,46.32,46.32
"1987.10",43.01,43.01,76.19,62.73,63.86,38.97,33.5,33.5,48.32,48.32
"1987.11",45.67,45.67,76.19,62.73,63.86,42.19,41.72,41.72,50.4,50.4
"1987.12",45.88,45.88,76.19,62.73,63.86,42.45,41.72,41.72,50.89,50.89
"1988.01",45.68,45.68,76.25,62.73,63.86,42.19,41.72,41.72,50.4,50.4
"1988.02",45.52,45.52,76.25,62.73,63.86,42,41.72,41.72,50.03,50.03
"1988.03",48.32,48.32,76.67,62.66,66.46,45.32,45.95,45.95,54.29,54.29
"1988.04",48.77,48.77,74.97,63.12,66.46,46.16,46.59,46.59,55.56,55.56
"1988.05",48.51,48.51,74.15,61.97,66.46,45.99,46.05,46.05,55.31,55.31
"1988.06",46.37,46.37,74.96,63.59,66.46,43.24,43.18,43.18,51.49,51.49
"1988.07",45.63,45.63,75.19,63.12,66.46,42.31,43.98,43.98,48.92,48.92
"1988.08",47.04,47.04,73.19,60.38,66.46,44.37,43.65,43.65,53.01,53.01
"1988.09",47.22,47.22,72.85,60.81,66.46,44.65,49.56,49.56,50.61,50.61
"1988.10",48.04,48.04,77.12,66.59,66.46,44.9,53.43,53.43,49.19,49.19
"1988.11",51.27,51.27,76.42,65.8,66.46,48.93,63.57,63.57,51.87,51.87
"1988.12",53.63,53.63,77.09,66.71,66.46,51.68,65.34,65.34,56.24,56.24
"1989.01",55.67,55.67,77.33,67.02,62.54,54.11,68.23,68.23,59.44,59.44
"1989.02",55.95,55.95,77.33,67.02,62.54,54.45,66.44,66.44,60.96,60.96
"1989.03",55.27,55.27,77.33,67.02,62.54,53.63,66.52,66.52,59.36,59.36
"1989.04",56.21,56.21,78.93,67.02,62.54,54.48,66.52,66.52,61,61
"1989.05",54.29,54.29,69.88,63.82,62.54,53.72,63.98,63.98,60.8,60.8
"1989.06",55.17,55.17,71.11,65.48,62.54,54.58,62.8,62.8,63.01,63.01
"1989.07",55.58,55.58,75.47,61.65,62.54,54.32,64.42,64.42,61.73,61.73
"1989.08",53.31,53.31,75.22,62.56,62.54,51.61,69.62,69.62,56.13,56.13
"1989.09",50.72,50.72,71.43,57.85,65.18,49.13,64.73,64.73,54.89,54.89
"1989.10",52.76,52.76,79.31,68.69,65.18,50.24,65.44,65.44,56.66,56.66
"1989.11",51.61,51.61,79.31,68.69,65.18,48.85,60.06,60.06,56.66,56.66
"1989.12",55.35,55.35,79.33,68.69,65.18,53.38,66.95,66.95,61.9,61.9
"1990.01",58.31,58.31,80.98,70.77,65.18,57,79.24,79.24,61.65,61.65
"1990.02",59.08,59.08,80.98,70.77,65.18,58,73.6,73.6,64.78,64.78
"1990.03",56.19,56.19,80.98,70.77,65.18,54.27,66.66,66.66,61.25,61.25
"1990.04",53.27,53.27,86.03,68.42,65.18,49.37,65.49,65.49,54.31,54.31
"1990.05",52.15,52.15,83.6,71.78,65.18,48.47,66.32,66.32,52.74,52.74
"1990.06",52.24,52.24,81.05,71.78,65.18,49.16,66.32,66.32,53.77,53.77
"1990.07",52.7,52.7,81.32,71.78,65.18,49.7,64.05,64.05,55.22,55.22
"1990.08",53.56,53.56,79.69,69.79,65.18,51.17,65.36,65.36,57.03,57.03
"1990.09",52.82,52.82,81.14,69.37,70.4,49.89,65.42,65.42,55.11,55.11
"1990.10",53.9,53.9,81.14,69.37,70.4,51.28,69.96,69.96,55.86,55.86
"1990.11",54.35,54.35,81.14,69.37,70.4,51.86,70.79,70.79,56.48,56.48
"1990.12",54.39,54.39,78.26,65.83,70.4,52.55,71.61,71.61,57.27,57.27
"1991.01",55.17,55.17,78.52,66.15,70.4,53.5,71.61,71.61,58.68,58.68
"1991.02",54.86,54.86,78.52,66.15,70.4,53.11,73.81,73.81,57.45,57.45
"1991.03",53.87,53.87,78.52,66.15,70.4,51.82,73.81,73.81,55.55,55.55
"1991.04",54.02,54.02,78.41,65.83,70.4,52.05,73.81,73.81,55.89,55.89
"1991.05",53.6,53.6,76.09,64.33,70.4,52.03,73.81,73.81,55.85,55.85
"1991.06",53.63,53.63,75.26,64.33,70.4,52.25,75.6,75.6,55.67,55.67
"1991.07",55.68,55.68,76.88,66.08,70.4,54.53,75.6,75.6,59.05,59.05
"1991.08",57.39,57.39,76.88,66.08,70.4,56.73,84.8,84.8,59.64,59.64
"1991.09",61.44,61.44,95.98,89.48,77.56,57.67,84.8,84.8,61.04,61.04
"1991.10",63.85,63.85,96.26,89.83,77.56,60.71,84.8,84.8,65.55,65.55
"1991.11",64.51,64.51,96.26,89.83,77.56,61.57,84.8,84.8,66.83,66.83
"1991.12",67.84,67.84,96.26,89.83,77.56,65.85,84.8,84.8,73.19,73.19
"1992.01",64.3,64.3,95.12,88.43,77.56,61.55,74.02,74.02,69.95,69.95
"1992.02",63.8,63.8,95.12,88.43,77.56,60.9,74.02,74.02,68.98,68.98
"1992.03",63.72,63.72,95.12,88.43,77.56,60.81,74.02,74.02,68.84,68.84
"1992.04",61.61,61.61,93.47,86.4,77.56,58.46,68.31,68.31,67,67
"1992.05",61.83,61.83,95.32,88.68,77.56,58.32,66.66,66.66,67.28,67.28
"1992.06",60.41,60.41,95.26,88.61,77.56,56.5,67.69,67.69,64.27,64.27
"1992.07",61.54,61.54,95.26,88.61,77.56,57.95,67.69,67.69,66.44,66.44
"1992.08",62.37,62.37,95.98,89.48,77.56,58.86,72.78,72.78,66.31,66.31
"1992.09",64.13,64.13,100.26,94.73,78.89,60.18,72.78,72.78,68.26,68.26
"1992.10",63.89,63.89,93.27,86.16,78.89,61.44,72.78,72.78,70.13,70.13
"1992.11",64.88,64.88,89.98,82.13,78.89,63.45,72.78,72.78,73.12,73.12
"1992.12",70.75,70.75,89.61,81.68,78.89,71.11,78.55,78.55,82.82,82.82
"1993.01",69.53,69.53,89.61,81.68,78.89,69.53,78.21,78.21,80.58,80.58
"1993.02",70.85,70.85,88.36,80.14,78.89,71.51,84.32,84.32,81.75,81.75
"1993.03",71.78,71.78,88.27,80.04,78.89,72.73,84.32,84.32,83.56,83.56
"1993.04",72.88,72.88,88.44,80.25,78.89,74.11,78.62,78.62,87.26,87.26
"1993.05",73.26,73.26,87.99,79.69,78.89,74.7,77.38,77.38,88.5,88.5
"1993.06",73.41,73.41,89.07,81.02,78.89,74.66,74.84,74.84,89.18,89.18
"1993.07",73.38,73.38,89.07,81.02,78.89,74.61,74.84,74.84,89.1,89.1
"1993.08",71.71,71.71,89.07,81.02,78.89,72.46,72.64,72.64,86.55,86.55
"1993.09",70.44,70.44,89.07,81.02,78.89,70.82,72.5,72.5,84.16,84.16
"1993.10",72.94,72.94,99.89,94.27,104.25,71.61,73.26,73.26,85.12,85.12
"1993.11",73,73,103.23,98.37,112.08,70.94,71.4,71.4,84.66,84.66
"1993.12",75.83,75.83,103.8,99.07,113.42,74.47,71.4,71.4,89.89,89.89
"1994.01",72.23,72.23,103.8,99.07,113.42,69.82,71.4,71.4,82.99,82.99
"1994.02",74.51,74.51,103.8,99.07,113.42,72.77,71.4,71.4,87.37,87.37
"1994.03",78.33,78.33,101.09,95.74,113.42,78.3,77.04,77.04,93.96,93.96
"1994.04",82.67,82.67,101.09,95.74,113.42,83.89,77.04,77.04,102.26,102.26
"1994.05",82.67,82.67,101.09,95.74,113.42,83.89,77.04,77.04,102.26,102.26
"1994.06",79.11,79.11,101.09,95.74,113.42,79.31,75.05,75.05,96.03,96.03
"1994.07",82.35,82.35,101.09,95.74,113.42,83.48,73.05,73.05,102.81,102.81
"1994.08",84.95,84.95,101.09,95.74,113.42,86.83,75.25,75.25,107.15,107.15
"1994.09",84.97,84.97,113.24,110.64,113.42,84.14,76.15,76.15,102.89,102.89
"1994.10",90.33,90.33,122.46,121.94,113.96,88.97,81.03,81.03,108.65,108.65
"1994.11",89.84,89.84,122.46,121.94,113.96,88.34,82.81,82.81,107.19,107.19
"1994.12",89.65,89.65,122.46,121.94,113.96,88.1,83.84,83.84,106.53,106.53
"1995.01",97.98,97.98,108.19,106.84,91.22,102.85,166.82,166.82,103.35,103.35
"1995.02",96.01,96.01,106.44,103.66,86.06,100.64,165.6,165.6,99.84,99.84
"1995.03",101.86,101.86,118.24,118.14,109.54,104.86,181.05,181.05,101.67,101.67
"1995.04",100.75,100.75,121.88,118.14,109.54,101.95,187.74,187.74,93.3,93.3
"1995.05",97.46,97.46,122.48,118.14,109.54,96.99,188.09,188.09,85.65,85.65
"1995.06",95.47,95.47,122.44,118.14,109.54,94.13,194.31,194.31,81.11,81.11
"1995.07",100.76,100.76,121.92,118.14,109.54,101.96,203.51,203.51,91.79,91.79
"1995.08",99.79,99.79,119.36,118.14,109.54,101.48,200.94,200.94,93.06,93.06
"1995.09",92.76,92.76,103.46,99.17,109.54,97.01,208.26,208.26,85.97,85.97
"1995.10",101.03,101.03,106.92,105.24,105.54,107.72,221.42,221.42,100.4,100.4
"1995.11",93.48,93.48,106.48,105.24,105.54,96.96,216.78,216.78,84.46,84.46
"1995.12",93.33,93.33,108.07,107.45,109.12,96.18,210.53,210.53,84.61,84.61
"1996.01",91.4,91.4,106.87,107.45,109.12,93.82,193.75,193.75,84.46,84.46
"1996.02",91.49,91.49,106.27,107.45,109.12,94.16,190.49,190.49,85.97,85.97
"1996.03",96.38,96.38,106.55,107.45,109.12,101.13,190.97,190.97,97.13,97.13
"1996.04",95.94,95.94,105.83,107.45,109.12,100.76,190.37,190.37,96.01,96.01
"1996.05",95.69,95.69,106.31,107.45,109.12,100.22,190.31,190.31,96.01,96.01
"1996.06",93.79,93.79,105.55,107.45,109.12,97.74,190.31,190.31,95.45,95.45
"1996.07",93.73,93.73,105.19,107.45,109.12,97.78,186.52,186.52,98.32,98.32
"1996.08",98.24,98.24,106.27,107.45,109.12,103.92,190.45,190.45,108.45,108.45
"1996.09",97.53,97.53,103.69,104.46,104.28,103.82,190.45,190.45,109.32,109.32
"1996.10",97.65,97.65,103.85,106.21,107.12,103.93,196.28,196.28,108.13,108.13
"1996.11",99.07,99.07,104.07,106.78,106.91,105.91,196.46,196.46,111.32,111.32
"1996.12",92.23,92.23,103.26,106.52,106.49,96.31,182.33,182.33,99.2,99.2
"1997.01",94.68,94.68,102.86,106.52,106.49,100,178.48,178.48,96.65,96.65
"1997.02",90.83,90.83,99.2,103.6,106.49,95.74,175,175,91.66,91.66
"1997.03",88.16,88.16,98.8,102.16,106.49,92.02,162.58,162.58,87.92,87.92
"1997.04",84.8,84.8,97.12,99.19,106.49,87.78,155.65,155.65,83.14,83.14
"1997.05",83.17,83.17,96.74,98.49,106.49,85.55,157.64,157.64,82.82,82.82
"1997.06",89.52,89.52,98.97,98.49,106.49,93.93,157.64,157.64,95.81,95.81
"1997.07",89.85,89.85,99.13,98.49,106.49,94.35,151.55,151.55,97.64,97.64
"1997.08",85.86,85.86,98.25,98.49,106.49,88.9,153.04,153.04,88.64,88.64
"1997.09",85.63,85.63,96.77,97.4,95.53,89.1,163.2,163.2,86.64,86.64
"1997.10",83.45,83.45,89.95,87.59,96.48,88.39,161.57,161.57,86.21,86.21
"1997.11",82.76,82.76,88.91,86.75,95.11,87.77,157.13,157.13,86.53,86.53
"1997.12",78.85,78.85,85.64,84.35,91.22,83.28,141.76,141.76,82.93,82.93
"1998.01",76.67,76.67,85.32,84.35,91.22,80.25,143.3,143.3,77.7,77.7
"1998.02",74.34,74.34,84.6,84.35,91.22,77.14,130,130,75.83,75.83
"1998.03",72.86,72.86,83.72,84.35,91.22,75.31,126.67,126.67,72.41,72.41
"1998.04",70.19,70.19,83.16,84.35,91.22,71.65,122.84,122.84,70.32,70.32
"1998.05",69.33,69.33,79.99,80.54,91.22,71.54,126.22,126.22,69,69
"1998.06",67.8,67.8,79.07,80.54,91.22,69.66,124.87,124.87,66.29,66.29
"1998.07",67.11,67.11,77.16,80.54,91.22,69.36,123.52,123.52,66.13,66.13
"1998.08",66.91,66.91,76.76,80.54,91.22,69.21,123.52,123.52,65.9,65.9
"1998.09",61.4,61.4,70.63,70.51,70.36,63.44,128.12,128.12,55.53,55.53
"1998.10",64.49,64.49,71.32,68.31,70.99,67.66,141.98,141.98,59.04,59.04
"1998.11",65.65,65.65,73.23,71.25,76.89,68.65,138.31,138.31,61.51,61.51
"1998.12",67.01,67.01,73.63,71.25,76.89,70.48,149.05,149.05,61.91,61.91
"1999.01",70.06,70.06,75.58,72.68,76.89,74.18,151.68,151.68,67.25,67.25
"1999.02",72.05,72.05,74.86,72.68,76.89,77.31,142.59,142.59,74.42,74.42
"1999.03",70.59,70.59,73.74,72.68,76.89,75.6,140.73,140.73,72.11,72.11
"1999.04",70.16,70.16,74.14,72.68,76.89,74.85,145.63,145.63,69.75,69.75
"1999.05",72.08,72.08,74.74,72.68,76.89,77.41,150.45,150.45,72.72,72.72
"1999.06",75.58,75.58,75.42,72.68,76.89,82.21,148.83,148.83,80.83,80.83
"1999.07",74.22,74.22,75.42,72.68,76.89,80.25,144.91,144.91,78.6,78.6
"1999.08",75.59,75.59,76.7,72.68,76.89,81.78,143.55,143.55,81.38,81.38
"1999.09",78.83,78.83,83.44,80.67,81.42,84.05,147.88,147.88,84.01,84.01
"1999.10",81.62,81.62,83.09,78.87,83.84,88.2,167.06,167.06,86.17,86.17
"1999.11",83.7,83.7,100.4,105.1,107.65,85.01,159.49,159.49,82.82,82.82
"1999.12",81.97,81.97,93.14,93.67,89.11,85.11,156.16,156.16,83.77,83.77
"2000.01",86.79,86.79,89.12,89.12,89.12,89.85,161.75,161.75,81.04,81.04
"2000.02",83.04,83.04,89.12,89.12,89.12,85.47,154.66,154.66,76.96,76.96
"2000.03",77.49,77.49,89.12,89.12,89.12,79,153.66,153.66,69.41,69.41
"2000.04",77.34,77.34,89.12,89.12,89.12,78.83,153.71,153.71,69.2,69.2
"2000.05",75.79,75.79,89.12,89.12,89.12,77.02,147.86,147.86,67.98,67.98
"2000.06",68.95,68.95,89.12,89.12,89.12,69.04,144.51,144.51,59,59
"2000.07",67.52,67.52,89.12,89.12,89.12,67.37,144.25,144.25,57.06,57.06
"2000.08",67.43,67.43,89.12,89.12,89.12,67.27,143.89,143.89,57,57
"2000.09",70.41,70.41,89.91,89.91,89.91,70.64,165.28,165.28,57.57,57.57
"2000.10",71.67,71.67,97.46,97.46,97.46,71.15,162.02,162.02,58.7,58.7
"2000.11",70.32,70.32,87.3,87.3,87.3,70.87,155.73,155.73,59.38,59.38
"2000.12",69.84,69.84,85.21,85.21,85.21,70.57,155.81,155.81,59.02,59.02
"2001.01",68,68,85.21,85.21,85.21,68.43,149.83,149.83,57.42,57.42
"2001.02",71.62,71.62,85.21,85.21,85.21,72.65,139.76,139.76,64.08,64.08
"2001.03",73.04,73.04,85.21,85.21,85.21,74.31,129.41,129.41,67.73,67.73
"2001.04",72.54,72.54,85.21,85.21,85.21,73.73,131.15,131.15,66.75,66.75
"2001.05",74.82,74.82,85.21,85.21,85.21,76.38,151.21,151.21,66.68,66.68
"2001.06",73.21,73.21,85.21,85.21,85.21,74.51,150.95,150.95,64.49,64.49
"2001.07",72.04,72.04,85.21,85.21,85.21,73.14,144.83,144.83,63.85,63.85
"2001.08",71.95,71.95,85.21,85.21,85.21,73.03,144.08,144.08,63.84,63.84
"2001.09",73.97,73.97,78.18,78.18,78.18,76.29,153.27,153.27,66.24,66.24
"2001.10",73.74,73.74,78.18,78.18,78.18,76.02,158.81,158.81,65.03,65.03
"2001.11",72.6,72.6,78.18,78.18,78.18,74.7,157.48,157.48,63.66,63.66
"2001.12",69.93,69.93,65.15,65.15,65.15,73.25,148.83,148.83,63.33,63.33
"2002.01",68.2,68.2,65.15,65.15,65.15,71.23,142.86,142.86,61.88,61.88
"2002.02",66.14,66.14,65.15,65.15,65.15,68.82,141.51,141.51,59.23,59.23
"2002.03",64.31,64.31,65.15,65.15,65.15,66.69,130.87,130.87,58.41,58.41
"2002.04",65.61,65.61,65.15,65.15,65.15,68.2,131.56,131.56,60.09,60.09
"2002.05",65.09,65.09,65.15,65.15,65.15,67.6,131.13,131.13,59.45,59.45
"2002.06",65.83,65.83,66.3,66.3,66.3,68.32,131.54,131.54,60.24,60.24
"2002.07",69.74,69.74,68.24,68.24,68.24,72.63,132.7,132.7,65.19,65.19
"2002.08",70.45,70.45,67.82,67.82,67.82,73.51,140.49,140.49,64.98,64.98
"2002.09",70.5,70.5,69.41,69.41,69.41,73.37,144.35,144.35,64.2,64.2
"2002.10",68.98,68.98,75.14,75.14,75.14,70.86,146.37,146.37,60.87,60.87
"2002.11",70.02,70.02,76.03,76.03,76.03,71.95,140.26,140.26,63.17,63.17
"2002.12",70.35,70.35,75.9,75.9,75.9,72.36,141.76,141.76,63.41,63.41
"2003.01",66.84,66.84,77.11,77.11,77.11,68.11,135.57,135.57,59.34,59.34
"2003.02",65.53,65.53,76.78,76.78,76.78,66.63,132.3,132.3,58.1,58.1
"2003.03",64.21,64.21,77.09,77.09,77.09,65.05,133.35,133.35,56.06,56.06
"2003.04",63.84,63.84,76.6,76.6,76.6,64.68,131.07,131.07,55.98,55.98
"2003.05",64.57,64.57,77.65,77.65,77.65,65.4,131.07,131.07,56.84,56.84
"2003.06",68.94,68.94,77.23,77.23,77.23,70.54,136.53,136.53,62.09,62.09
"2003.07",69.66,69.66,77.14,77.14,77.14,71.4,140.03,140.03,62.54,62.54
"2003.08",70.4,70.4,77.1,77.1,77.1,72.27,136.64,136.64,64.13,64.13
"2003.09",78.41,78.41,114.18,114.18,114.18,76.87,145.09,145.09,68.25,68.25
"2003.10",80.53,80.53,116.84,116.84,116.84,79,145.25,145.25,70.77,70.77
"2003.11",82.56,82.56,116.98,116.98,116.98,81.35,151.04,151.04,72.64,72.64
"2003.12",86.56,86.56,145.23,145.23,145.23,82.42,154.95,154.95,73.27,73.27
"2004.01",89.88,89.88,146.31,146.31,146.31,86.15,156.18,156.18,77.53,77.53
"2004.02",87.46,87.46,146.18,146.18,146.18,83.34,153.09,153.09,74.67,74.67
"2004.03",83.37,83.37,144.52,144.52,144.52,78.78,142.24,142.24,70.99,70.99
"2004.04",86.55,86.55,145.58,145.58,145.58,82.35,142.04,142.04,75.27,75.27
"2004.05",86.81,86.81,141.89,141.89,141.89,83.13,140.91,140.91,76.39,76.39
"2004.06",86.02,86.02,144,144,144,81.94,139.71,139.71,75.16,75.16
"2004.07",87.7,87.7,144.12,144.12,144.12,83.89,143.71,143.71,76.84,76.84
"2004.08",95.67,95.67,143.34,143.34,143.34,93.29,145.06,145.06,87.82,87.82
"2004.09",91.92,91.92,80.23,80.23,80.23,96.96,155.13,155.13,90.58,90.58
"2004.10",95.01,95.01,85.62,85.62,85.62,99.88,155.89,155.89,93.94,93.94
"2004.11",91.48,91.48,87.84,87.84,87.84,95.49,157.79,157.79,88.4,88.4
"2004.12",81.19,81.19,88.34,88.34,88.34,83.42,157.05,157.05,74.13,74.13
"2005.01",81.74,81.74,70.62,70.62,70.62,89.05,173.73,173.73,78.89,78.89
"2005.02",79.1,79.1,66.21,66.21,66.21,87,168,168,77.29,77.29
"2005.03",82.07,82.07,77.23,77.23,77.23,86.91,157.06,157.06,78.5,78.5
"2005.04",85.48,85.48,85.49,85.49,85.49,88.52,156.88,156.88,80.33,80.33
"2005.05",86.12,86.12,84.16,84.16,84.16,89.96,160.05,160.05,81.56,81.56
"2005.06",90.53,90.53,108.07,108.07,108.07,86.84,151.96,151.96,79.03,79.03
"2005.07",86.62,86.62,93.05,93.05,93.05,87.17,149.3,149.3,79.72,79.72
"2005.08",88.34,88.34,95.67,95.67,95.67,88.6,142.35,142.35,82.17,82.17
"2005.09",89.51,89.51,93.32,93.32,93.32,91.2,146.73,146.73,84.55,84.55
"2005.10",84.92,84.92,78.91,78.91,78.91,90.31,145.56,145.56,83.7,83.7
"2005.11",80.96,80.96,73.45,73.45,73.45,86.8,142.04,142.04,80.19,80.19
"2005.12",79.59,79.59,77.36,77.36,77.36,83.3,151.44,151.44,75.14,75.14
"2006.01",78.77,78.77,73.65,73.65,73.65,83.6,137.18,137.18,77.18,77.18
"2006.02",78.33,78.33,61.71,61.71,61.71,87.69,164.52,164.52,78.47,78.47
"2006.03",76.37,76.37,66.26,66.26,66.26,83.08,147.92,147.92,75.31,75.31
"2006.04",80.28,80.28,70.35,70.35,70.35,87.05,166.41,166.41,77.54,77.54
"2006.05",83.88,83.88,56.63,56.63,56.63,97.62,173.39,173.39,88.54,88.54
"2006.06",82.05,82.05,48.81,48.81,48.81,98.08,168.98,168.98,89.58,89.58
"2006.07",79.33,79.33,48.81,48.81,48.81,94.2,168.98,168.98,85.23,85.23
"2006.08",90.39,90.39,92.84,92.84,92.84,92.64,163.15,163.15,84.19,84.19
"2006.09",87.2,87.2,87.19,87.19,87.19,90.32,152.53,152.53,82.86,82.86
"2006.10",82.66,82.66,81.3,81.3,81.3,86.15,154.57,154.57,77.95,77.95
"2006.11",82.03,82.03,77.01,77.01,77.01,86.94,160.32,160.32,78.14,78.14
"2006.12",86.05,86.05,85.81,85.81,85.81,89.21,158.34,158.34,80.92,80.92
"2007.01",83.52,83.52,83.22,83.22,83.22,86.62,152.37,152.37,78.74,78.74
"2007.02",83.96,83.96,90.76,90.76,90.76,84.27,139.41,139.41,77.66,77.66
"2007.03",84.17,84.17,90.29,90.29,90.29,84.76,130.43,130.43,79.29,79.29
"2007.04",85.47,85.47,98.9,98.9,98.9,83.22,125.42,125.42,78.16,78.16
"2007.05",87.18,87.18,103.25,103.25,103.25,83.95,125.42,125.42,78.99,78.99
"2007.06",86.51,86.51,107.61,107.61,107.61,81.28,123.53,123.53,76.22,76.22
"2007.07",92.93,92.93,107.61,107.61,107.61,90.45,154.99,154.99,82.72,82.72
"2007.08",94.44,94.44,107.61,107.61,107.61,92.61,154.99,154.99,85.14,85.14
"2007.09",94.46,94.46,107.61,107.61,107.61,92.64,161.14,161.14,84.43,84.43
"2007.10",95.62,95.62,107.61,107.61,107.61,94.3,161.14,161.14,86.29,86.29
"2007.11",96.65,96.65,107.61,107.61,107.61,95.78,161.14,161.14,87.95,87.95
"2007.12",97.6,97.6,107.61,107.61,107.61,97.13,161.14,161.14,89.46,89.46
"2008.01",97.01,97.01,101.59,101.59,101.59,98.66,161.14,161.14,91.17,91.17
"2008.02",96.96,96.96,96.74,96.74,96.74,100.5,176.05,176.05,91.45,91.45
"2008.03",102.89,102.89,106.73,106.73,106.73,105.05,177.82,177.82,96.33,96.33
"2008.04",97.97,97.97,85.38,85.38,85.38,106.42,162.08,162.08,99.76,99.76
"2008.05",100.96,100.96,87.04,87.04,87.04,110.05,162.68,162.68,103.75,103.75
"2008.06",105.74,105.74,85.04,85.04,85.04,117.68,167.24,167.24,111.76,111.76
"2008.07",108.34,108.34,85.04,85.04,85.04,121.39,172.56,172.56,115.27,115.27
"2008.08",106.08,106.08,85.04,85.04,85.04,118.16,181.3,181.3,110.6,110.6
"2008.09",102.12,102.12,87.89,87.89,87.89,111.38,170.46,170.46,104.31,104.31
"2008.10",95.9,95.9,80.47,80.47,80.47,105.41,170.49,170.49,97.62,97.62
"2008.11",83.53,83.53,65.13,65.13,65.13,93.77,166.52,166.52,85.05,85.05
"2008.12",76.57,76.57,57.57,57.57,57.57,86.8,162.02,162.02,77.78,77.78
"2009.01",79.23,79.23,55.46,55.46,55.46,91.43,158.02,158.02,83.45,83.45
"2009.02",78.05,78.05,51.5,51.5,51.5,91.3,137.75,137.75,85.74,85.74
"2009.03",75.83,75.83,53.6,53.6,53.6,87.3,131.6,131.6,82,82
"2009.04",75.99,75.99,53.18,53.18,53.18,87.69,130.31,130.31,82.59,82.59
"2009.05",82.93,82.93,55.45,55.45,55.45,96.73,139.52,139.52,91.62,91.62
"2009.06",94.03,94.03,79.61,79.61,79.61,103.07,149.96,149.96,97.46,97.46
"2009.07",100.62,100.62,92.04,92.04,92.04,107.6,153.36,153.36,102.13,102.13
"2009.08",102.02,102.02,92.04,92.04,92.04,109.6,155.4,155.4,104.12,104.12
"2009.09",95.81,95.81,75.97,75.97,75.97,107.06,159.74,159.74,100.76,100.76
"2009.10",92.25,92.25,66.74,66.74,66.74,105.6,165.09,165.09,98.48,98.48
"2009.11",94.7,94.7,67.42,67.42,67.42,108.85,168.35,168.35,101.72,101.72
"2009.12",94.67,94.67,61.63,61.63,61.63,111.08,163.35,163.35,104.82,104.82
"2010.01",89.87,89.87,69.01,69.01,69.01,102.47,169.99,169.99,94.93,94.93
"2010.02",88.89,88.89,66.92,66.92,66.92,101.76,166.13,166.13,94.56,94.56
"2010.03",97.37,97.37,64.02,64.02,64.02,114.24,162.2,162.2,108.74,108.74
"2010.04",105.88,105.88,71.85,71.85,71.85,123.56,152.61,152.61,120.02,120.02
"2010.05",107.01,107.01,66.43,66.43,66.43,126.73,148.12,148.12,123.99,123.99
"2010.06",108.7,108.7,56.81,56.81,56.81,131.94,156,156,128.9,128.9
"2010.07",110.76,110.76,54.41,54.41,54.41,135.48,158.64,158.64,132.51,132.51
"2010.08",109.21,109.21,50.77,50.77,50.77,134.44,164.97,164.97,130.7,130.7
"2010.09",116.02,116.02,81.34,81.34,81.34,134.61,157.93,157.93,131.64,131.64
"2010.10",114.91,114.91,73.82,73.82,73.82,135.34,159.96,159.96,132.23,132.23
"2010.11",114.56,114.56,78.13,78.13,78.13,133.57,167.17,167.17,129.51,129.51
"2010.12",115.78,115.78,72.96,72.96,72.96,136.79,170.07,170.07,132.76,132.76
"2011.01",115.73,115.73,79.67,79.67,79.67,134.8,172.43,172.43,130.42,130.42
"2011.02",119.19,119.19,82.81,82.81,82.81,138.61,164.49,164.49,135.17,135.17
"2011.03",118.94,118.94,76.61,76.61,76.61,140.05,177.76,177.76,135.62,135.62
"2011.04",120.01,120.01,73.98,73.98,73.98,142.27,163.03,163.03,139.22,139.22
"2011.05",122.26,122.26,66.39,66.39,66.39,147.53,167.25,167.25,144.51,144.51
"2011.06",132.1,132.1,86.31,86.31,86.31,155.19,168.11,168.11,152.67,152.67
"2011.07",125.52,125.52,60.63,60.63,60.63,153.64,170.21,170.21,150.83,150.83
"2011.08",135.1,135.1,92.8,92.8,92.8,157.42,177.35,177.35,154.3,154.3
"2011.09",139.49,139.49,101.41,101.41,101.41,160.91,179.19,179.19,157.89,157.89
"2011.10",136.19,136.19,93.53,93.53,93.53,158.69,189.46,189.46,154.66,154.66
"2011.11",134.69,134.69,86.67,86.67,86.67,158.63,186.07,186.07,154.87,154.87
"2011.12",132.47,132.47,81.27,81.27,81.27,157.15,185.5,185.5,153.33,153.33
"2012.01",130.07,130.07,84.04,84.04,84.04,152.36,188.39,188.39,147.46,147.46
"2012.02",128.12,128.12,84.62,84.62,84.62,149.24,185.24,185.24,144.34,144.34
"2012.03",121.25,121.25,87.26,87.26,87.26,137.96,143.87,143.87,137.28,137.28
"2012.04",118.38,118.38,89.15,89.15,89.15,132.89,144.26,144.26,131.44,131.44
"2012.05",119.12,119.12,89.65,89.65,89.65,133.74,146.04,146.04,132.16,132.16
"2012.06",124.88,124.88,107.56,107.56,107.56,134.01,139.59,139.59,133.38,133.38
"2012.07",128.12,128.12,122.21,122.21,122.21,132.07,140.51,140.51,131.02,131.02
"2012.08",126.71,126.71,122.21,122.21,122.21,129.99,142.03,142.03,128.44,128.44
"2012.09",119.57,119.57,102.72,102.72,102.72,128.43,145.06,145.06,126.23,126.23
"2012.10",117.23,117.23,100.46,100.46,100.46,126.03,140.9,140.9,124.08,124.08
"2012.11",116.17,116.17,102.74,102.74,102.74,123.44,135.8,135.8,121.84,121.84
"2012.12",115.44,115.44,105.4,105.4,105.4,121.14,139.42,139.42,118.7,118.7
"2013.01",115.27,115.27,107.71,107.71,107.71,119.45,135.71,135.71,117.37,117.37
"2013.02",111.21,111.21,104.17,104.17,104.17,115.08,139.67,139.67,111.43,111.43
"2013.03",112.27,112.27,108.83,108.83,108.83,113.92,140.32,140.32,109.92,109.92
"2013.04",111.24,111.24,108.83,108.83,108.83,112.27,137.38,137.38,108.5,108.5
"2013.05",110.42,110.42,108.83,108.83,108.83,110.94,137.98,137.98,106.8,106.8
"2013.06",111.84,111.84,108.83,108.83,108.83,113.24,143.11,143.11,108.59,108.59
"2013.07",107.39,107.39,108.83,108.83,108.83,106.07,127.55,127.55,102.92,102.92
"2013.08",107.33,107.33,108.83,108.83,108.83,105.97,125.6,125.6,103.17,103.17
"2013.09",106.36,106.36,108.83,108.83,108.83,104.4,115.06,115.06,103.24,103.24
"2013.10",111.14,111.14,108.83,108.83,108.83,112.1,117.73,117.73,111.94,111.94
"2013.11",108.86,108.86,105.48,105.48,105.48,110.49,117.74,117.74,110.01,110.01
"2013.12",108.37,108.37,106.21,106.21,106.21,109.26,117.2,117.2,108.64,108.64
"2014.01",106.93,106.93,108.27,108.27,108.27,106.81,112.71,112.71,106.42,106.42
"2014.02",108.56,108.56,109.92,109.92,109.92,108.44,113.21,113.21,108.18,108.18
"2014.03",105.96,105.96,114.23,114.23,114.23,103.86,117.73,117.73,102.54,102.54
"2014.04",106.47,106.47,114.23,114.23,114.23,104.51,114.76,114.76,103.61,103.61
"2014.05",105.73,105.73,114.23,114.23,114.23,103.56,117.39,117.39,102.25,102.25
"2014.06",112,112,114.23,114.23,114.23,111.65,121.13,121.13,110.85,110.85
"2014.07",112.67,112.67,114.23,114.23,114.23,112.51,121.77,121.77,111.75,111.75
"2014.08",112.24,112.24,114.23,114.23,114.23,111.95,117.91,117.91,111.57,111.57
"2014.09",108.27,108.27,106.66,106.66,106.66,109.01,111.48,111.48,109.02,109.02
"2014.10",106.1,106.1,96.66,96.66,96.66,109.06,113.42,113.42,108.86,108.86
"2014.11",104.06,104.06,95.26,95.26,95.26,106.83,104.92,104.92,107.35,107.35
"2014.12",103.77,103.77,100.39,100.39,100.39,105,101.09,101.09,105.74,105.74
"2015.01",103.51,103.51,100.39,100.39,100.39,104.64,100.97,100.97,105.34,105.34
"2015.02",101.58,101.58,100.39,100.39,100.39,102.02,96.36,96.36,103.09,103.09
"2015.03",99.8,99.8,99.95,99.95,99.95,99.75,96.14,96.14,100.44,100.44
"2015.04",99.38,99.38,99.56,99.56,99.56,99.32,94.04,94.04,100.32,100.32
"2015.05",99.75,99.75,99.48,99.48,99.48,99.85,100.17,100.17,99.79,99.79
"2015.06",99.46,99.46,99.48,99.48,99.48,99.45,97.02,97.02,99.91,99.91
"2015.07",101.25,101.25,99.48,99.48,99.48,101.9,103.03,103.03,101.68,101.68
"2015.08",100.19,100.19,103.24,103.24,103.24,99.09,99.01,99.01,99.11,99.11
"2015.09",101.35,101.35,103.24,103.24,103.24,100.67,106.58,106.58,99.54,99.54
"2015.10",99.01,99.01,96.89,96.89,96.89,99.78,107.58,107.58,98.29,98.29
"2015.11",97.54,97.54,95.85,95.85,95.85,98.16,101.53,101.53,97.51,97.51
"2015.12",97.16,97.16,102.05,102.05,102.05,95.39,97.56,97.56,94.97,94.97
"2016.01",99.7,99.7,97.35,97.35,97.35,100.35,103.53,103.53,99.77,99.77
"2016.02",99.49,99.49,89.87,89.87,89.87,102.56,103.32,103.32,102.37,102.37
"2016.03",104.97,104.97,94.66,94.66,94.66,108.26,106.76,106.76,108.43,108.43
"2016.04",107.13,107.13,95.81,95.81,95.81,110.76,104.08,104.08,111.77,111.77
"2016.05",108.27,108.27,95.32,95.32,95.32,112.44,102.14,102.14,114.04,114.04
"2016.06",109.24,109.24,95.8,95.8,95.8,113.57,110.41,110.41,114.01,114.01
"2016.07",109.71,109.71,95.8,95.8,95.8,114.2,112.09,112.09,114.47,114.47
"2016.08",119.64,119.64,118.09,118.09,118.09,119.98,116.51,116.51,120.47,120.47
"2016.09",109.61,109.61,103.54,103.54,103.54,111.47,116.58,116.58,110.57,110.57
"2016.10",111.45,111.45,93.63,93.63,93.63,117.24,117.68,117.68,117.09,117.09
"2016.11",110.35,110.35,87.84,87.84,87.84,117.71,113.54,113.54,118.32,118.32
"2016.12",112.69,112.69,101.41,101.41,101.41,116.3,105.64,105.64,117.95,117.95
"2017.01",109.98,109.98,92.98,92.98,92.98,115.49,110.97,110.97,115.83,115.83
"2017.02",112.4,112.4,92.39,92.39,92.39,118.9,112.73,112.73,119.58,119.58
"2017.03",113.76,113.76,96.28,96.28,96.28,119.43,107.16,107.16,121.41,121.41
"2017.04",115.31,115.31,93.7,93.7,93.7,122.35,113.68,113.68,123.55,123.55
"2017.05",121.07,121.07,107.4,107.4,107.4,125.46,111.77,111.77,127.72,127.72
"2017.06",123.09,123.09,107.4,107.4,107.4,128.15,113.4,113.4,130.62,130.62
"2017.07",123.06,123.06,107.4,107.4,107.4,128.11,110.25,110.25,131.25,131.25
"2017.08",124.51,124.51,100.26,100.26,100.26,132.42,112.06,112.06,136.07,136.07
"2017.09",126.24,126.24,102.74,102.74,102.74,133.9,115.68,115.68,137.09,137.09
"2017.10",123.35,123.35,93.73,93.73,93.73,133.04,116.48,116.48,135.87,135.87
"2017.11",121.14,121.14,88.06,88.06,88.06,132,120.98,120.98,133.64,133.64
"2017.12",120.99,120.99,97.6,97.6,97.6,128.62,117.23,117.23,130.36,130.36
"2018.01",118.82,118.82,91.38,91.38,91.38,127.93,117.16,117.16,129.55,129.55
"2018.02",117.52,117.52,94.66,94.66,94.66,124.98,116.23,116.23,126.21,126.21
"2018.03",121.27,121.27,97.67,97.67,97.67,128.98,118.52,118.52,130.53,130.53
"2018.04",120.42,120.42,97.67,97.67,97.67,127.84,113.65,113.65,130.13,130.13
"2018.05",116.94,116.94,97.67,97.67,97.67,123.12,113.68,113.68,124.49,124.49
"2018.06",115.87,115.87,97.67,97.67,97.67,121.67,111.12,111.12,123.28,123.28
"2018.07",113.59,113.59,97.67,97.67,97.67,118.57,102.68,102.68,121.25,121.25
"2018.08",117.86,117.86,110.7,110.7,110.7,119.68,107.5,107.5,121.61,121.61
"2018.09",118.91,118.91,109.33,109.33,109.33,121.58,110.28,110.28,123.33,123.33
"2018.10",117.4,117.4,109.33,109.33,109.33,119.54,113.31,113.31,120.3,120.3
"2018.11",116.32,116.32,105.48,105.48,105.48,119.48,119.7,119.7,118.94,118.94
"2018.12",120.64,120.64,123.76,123.76,123.76,118.75,115.96,115.96,118.82,118.82
"2019.01",121.5,121.5,123.19,123.19,123.19,120.1,120.24,120.24,119.5,119.5
"2019.02",118.15,118.15,117.08,117.08,117.08,117.75,118.41,118.41,117.04,117.04
"2019.03",118.06,118.06,113.1,113.1,113.1,119.01,120.93,120.93,118,118
"2019.04",115.66,115.66,113.1,113.1,113.1,115.78,114.92,114.92,115.42,115.42
"2019.05",113.7,113.7,113.1,113.1,113.1,113.16,112.5,112.5,112.76,112.76
"2019.06",112.65,112.65,113.1,113.1,113.1,111.76,115.18,115.18,110.44,110.44
"2019.07",112.55,112.55,113.1,113.1,113.1,111.59,115.41,115.41,110.19,110.19
"2019.08",111.64,111.64,113.1,113.1,113.1,110.39,114.84,114.84,108.85,108.85
"2019.09",111.45,111.45,110.48,110.48,110.48,111.06,114.74,114.74,109.68,109.68
"2019.10",108.47,108.47,107.18,107.18,107.18,108.21,114.73,114.73,106.2,106.2
"2019.11",107.84,107.84,104.81,104.81,104.81,108.17,114.52,114.52,106.21,106.21
"2019.12",109.77,109.77,109.48,109.48,109.48,109.14,114.29,114.29,107.45,107.45
"2020.01",110.98,110.98,109.48,109.48,109.48,110.73,114.56,114.56,109.39,109.39
"2020.02",110.37,110.37,109.48,109.48,109.48,109.94,111.74,111.74,109.15,109.15
"2020.03",110.43,110.43,109.48,109.48,109.48,110.01,111.82,111.82,109.22,109.22
"2020.04",106.43,106.43,109.48,109.48,109.48,104.72,112.15,112.15,102.43,102.43
"2020.05",106.02,106.02,109.48,109.48,109.48,104.16,115.07,115.07,100.94,100.94
"2020.06",107.08,107.08,109.48,109.48,109.48,105.58,115.24,115.24,102.69,102.69
"2020.07",108.63,108.63,109.48,109.48,109.48,107.63,115.86,115.86,105.12,105.12
"2020.08",109.76,109.76,109.48,109.48,109.48,109.12,116.27,116.27,106.89,106.89
"2020.09",108.52,108.52,109.48,109.48,109.48,107.48,118.66,118.66,104.17,104.17
"2020.10",110.15,110.15,109.48,109.48,109.48,109.65,124.93,124.93,105.24,105.24
"2020.11",111.93,111.93,109.48,109.48,109.48,112,127.63,127.63,107.49,107.49
"2020.12",111.75,111.75,109.48,109.48,109.48,111.76,127.8,127.8,107.14,107.14
"2021.01",110.87,110.87,109.48,109.48,109.48,110.58,126.18,126.18,106.09,106.09
"2021.02",110.71,110.71,109.5,109.5,109.5,110.36,123.39,123.39,106.63,106.63
"2021.03",109.75,109.75,102.8,102.8,102.8,111.36,121.73,121.73,108.4,108.4
"2021.04",111.65,111.65,102.8,102.8,102.8,113.89,125.07,125.07,110.71,110.71
"2021.05",113.58,113.58,102.8,102.8,102.8,116.47,126.96,126.96,113.48,113.48
"2021.06",116.2,116.2,102.8,102.8,102.8,119.97,126.84,126.84,118.05,118.05
"2021.07",125.95,125.95,117.68,117.68,117.68,127.91,126.19,126.19,128.51,128.51
"2021.08",123.58,123.58,100.8,100.8,100.8,130.49,126,126,131.91,131.91
"2021.09",123.53,123.53,99.43,99.43,99.43,130.88,127.74,127.74,131.91,131.91
"2021.10",121.61,121.61,91.01,91.01,91.01,131.18,127.68,127.68,132.32,132.32
