"±â°£","½Ò","¹Ð","¿Á¼ö¼ö","Äá","°úÀÏ","¼è°í±â","µÅÁö°í±â","´ß°í±â","½Å¼±¼ö»ê¹°","³Ãµ¿¼ö»ê¹°","¿øÀ¯","Ä¡Áî","¾îÀ°"
"1971.01",0,48.04,21.21,30.64,0,0,0,0,0,0,3.2,0,0
"1971.02",0,48.04,21.97,30.64,0,0,0,0,0,0,3.2,0,0
"1971.03",0,48.04,23.87,30.91,0,0,0,0,0,0,3.2,0,0
"1971.04",0,48.04,23.87,30.91,0,0,0,0,0,0,3.2,0,0
"1971.05",0,48.04,27.65,30.91,0,0,0,0,0,0,3.2,0,0
"1971.06",0,48.04,22.16,30.91,0,0,0,0,0,0,3.2,0,0
"1971.07",0,48.04,22.29,30.91,0,0,0,0,0,0,3.25,0,0
"1971.08",0,48.04,20.08,30.91,0,0,0,0,0,0,3.25,0,0
"1971.09",0,48.04,21.59,30.91,0,0,0,0,0,0,3.25,0,0
"1971.10",0,48.04,21.59,30.57,0,0,0,0,0,0,3.25,0,0
"1971.11",0,48.04,21.59,30.57,0,0,0,0,0,0,3.25,0,0
"1971.12",0,48.04,21.59,30.57,0,0,0,0,0,0,3.25,0,0
"1972.01",0,46.88,30.24,30.57,0,0,0,0,0,0,4.4,0,0
"1972.02",0,46.88,30.74,30.57,0,0,0,0,0,0,4.4,0,0
"1972.03",0,45.93,26.51,29.16,0,0,0,0,0,0,4.4,0,0
"1972.04",0,45.93,26.51,29.16,0,0,0,0,0,0,4.6,0,0
"1972.05",0,45.93,26.51,29.16,0,0,0,0,0,0,4.6,0,0
"1972.06",0,45.93,28.72,29.16,0,0,0,0,0,0,4.6,0,0
"1972.07",0,45.93,28.29,29.16,0,0,0,0,0,0,4.59,0,0
"1972.08",0,45.93,28.16,29.16,0,0,0,0,0,0,4.59,0,0
"1972.09",0,46.49,25.38,33.2,0,0,0,0,0,0,4.59,0,0
"1972.10",0,46.98,23.54,33.2,0,0,0,0,0,0,4.59,0,0
"1972.11",0,49.37,23.61,33.2,0,0,0,0,0,0,4.59,0,0
"1972.12",0,48.7,24.43,32.53,0,0,0,0,0,0,4.59,0,0
"1973.01",0,48.7,25,32.53,0,0,0,0,0,0,4.9,0,0
"1973.02",0,48.6,32.01,32.53,0,0,0,0,0,0,4.9,0,0
"1973.03",0,49.66,39.27,52.61,0,0,0,0,0,0,4.9,0,0
"1973.04",0,50.24,39.27,52.61,0,0,0,0,0,0,5.08,0,0
"1973.05",0,52.83,39.14,52.61,0,0,0,0,0,0,5.08,0,0
"1973.06",0,62.6,45.89,57.04,0,0,0,0,0,0,5.25,0,0
"1973.07",0,72.67,45.14,57.04,0,0,0,0,0,0,5.47,0,0
"1973.08",0,74.02,51.64,57.04,0,0,0,0,0,0,5.73,0,0
"1973.09",0,74.59,57.45,57.04,0,0,0,0,0,0,5.93,0,0
"1973.10",0,92.33,56.63,57.04,0,0,0,0,0,0,7.18,0,0
"1973.11",0,91.84,60.98,69.44,0,0,0,0,0,0,8.68,0,0
"1973.12",0,98.37,63.31,69.44,0,0,0,0,0,0,8.61,0,0
"1974.01",0,95.39,64.96,69.44,0,0,0,0,0,0,17.08,0,0
"1974.02",0,98.08,60.92,69.44,0,0,0,0,0,0,20.08,0,0
"1974.03",0,93.77,61.17,69.44,0,0,0,0,0,0,20.08,0,0
"1974.04",0,92.62,60.98,69.44,0,0,0,0,0,0,20.46,0,0
"1974.05",0,94.72,60.98,69.44,0,0,0,0,0,0,20.46,0,0
"1974.06",0,99.99,63.06,69.44,0,0,0,0,0,0,20.52,0,0
"1974.07",0,100.57,59.79,58.13,0,0,0,0,0,0,20.54,0,0
"1974.08",0,94.72,51.32,58.13,0,0,0,0,0,0,20.59,0,0
"1974.09",0,93.86,60.98,58.13,0,0,0,0,0,0,20.51,0,0
"1974.10",0,94.72,76.2,72.46,0,0,0,0,0,0,21.11,0,0
"1974.11",0,97.51,64.58,72.46,0,0,0,0,0,0,21.09,0,0
"1974.12",0,94.62,73.29,72.46,0,0,0,0,0,0,21.09,0,0
"1975.01",0,94.03,72.88,72.45,0,0,0,0,0,0,21.13,0,0
"1975.02",0,94.39,71.64,72.45,0,0,0,0,0,0,21.13,0,0
"1975.03",0,80.17,65.63,72.45,0,0,0,0,0,0,21.13,0,0
"1975.04",0,62.5,65.51,72.45,0,0,0,0,0,0,21.16,0,0
"1975.05",0,59.9,65.51,72.45,0,0,0,0,0,0,21.16,0,0
"1975.06",0,53.77,59.61,48.92,0,0,0,0,0,0,21.16,0,0
"1975.07",0,58,56.64,48.92,0,0,0,0,0,0,21.16,0,0
"1975.08",0,63.2,56.64,37.16,0,0,0,0,0,0,21.16,0,0
"1975.09",0,71.31,60.04,48.92,0,0,0,0,0,0,21.16,0,0
"1975.10",0,71.31,58.74,48.92,0,0,0,0,0,0,21.16,0,0
"1975.11",0,71.31,55.65,48.92,0,0,0,0,0,0,22.59,0,0
"1975.12",0,64.55,55.65,48.92,0,0,0,0,0,0,22.59,0,0
"1976.01",0,64.48,51.73,48.92,0,0,0,0,0,0,22.59,0,0
"1976.02",0,60.88,51.73,48.92,0,0,0,0,0,0,22.59,0,0
"1976.03",0,60.88,52.41,47.98,0,0,0,0,0,0,22.59,0,0
"1976.04",0,61.73,52.41,46.03,0,0,0,0,0,0,22.59,0,0
"1976.05",0,60.75,53.03,46.86,0,0,0,0,0,0,22.59,0,0
"1976.06",0,60.75,53.35,36.69,0,0,0,0,0,0,22.59,0,0
"1976.07",0,61.1,57.38,56.66,0,0,0,0,0,0,22.59,0,0
"1976.08",0,61.1,55.21,60.77,0,0,0,0,0,0,22.59,0,0
"1976.09",0,61.1,55.14,66.64,0,0,0,0,0,0,22.59,0,0
"1976.10",0,60.18,52.04,65.01,0,0,0,0,0,0,22.59,0,0
"1976.11",0,58.28,50.68,60.47,0,0,0,0,0,0,22.59,0,0
"1976.12",0,57.43,49.56,61.12,0,0,0,0,0,0,22.59,0,0
"1977.01",0,57.15,49.44,61.77,0,0,0,0,0,0,22.82,0,0
"1977.02",0,57.43,50.18,65.12,0,0,0,0,0,0,23.3,0,0
"1977.03",0,57.43,50.18,74.1,0,0,0,0,0,0,23.3,0,0
"1977.04",0,57.43,50.18,87.54,0,0,0,0,0,0,23.3,0,0
"1977.05",0,56.24,48.44,92.24,0,0,0,0,0,0,23.3,0,0
"1977.06",0,56.24,47.15,92.24,0,0,0,0,0,0,23.3,0,0
"1977.07",0,49.98,47.15,80.56,0,0,0,0,0,0,25.04,0,0
"1977.08",0,49.98,47.15,80.56,0,0,0,0,0,0,25.04,0,0
"1977.09",0,49.98,38.39,51.03,0,0,0,0,0,0,25.04,0,0
"1977.10",0,43.14,38.39,49.73,0,0,0,0,0,0,25.04,0,0
"1977.11",0,43.14,41.68,49.73,0,0,0,0,0,0,25.04,0,0
"1977.12",0,45.61,48.64,55.31,0,0,0,0,0,0,25.04,0,0
"1978.01",0,48.08,48.64,55.31,0,0,0,0,0,0,25.04,0,0
"1978.02",0,50.89,48.64,53.49,0,0,0,0,0,0,25.04,0,0
"1978.03",0,51.17,48.64,53.49,0,0,0,0,0,0,25.04,0,0
"1978.04",0,55.33,48.64,53.49,0,0,0,0,0,0,25.04,0,0
"1978.05",0,55.33,54.46,53.49,0,0,0,0,0,0,25.04,0,0
"1978.06",0,55.33,54.46,53.49,0,0,0,0,0,0,25.01,0,0
"1978.07",0,55.82,52.04,64.88,0,0,0,0,0,0,25.01,0,0
"1978.08",0,54.33,45.84,57.43,0,0,0,0,0,0,25.01,0,0
"1978.09",0,54.33,45.84,59.48,0,0,0,0,0,0,25.01,0,0
"1978.10",0,56.87,46.4,63.71,0,0,0,0,0,0,25.01,0,0
"1978.11",0,58,50.8,62.3,0,0,0,0,0,0,25.01,0,0
"1978.12",0,58,49.44,63.3,0,0,0,0,0,0,25.01,0,0
"1979.01",0,58.49,52.6,63.3,0,0,0,0,0,0,26.22,0,0
"1979.02",0,58.49,52.6,66.05,0,0,0,0,0,0,26.36,0,0
"1979.03",0,58.49,52.6,70.29,0,0,0,0,0,0,26.36,0,0
"1979.04",0,58.49,52.6,70.29,0,0,0,0,0,0,30.16,0,0
"1979.05",0,59.76,55.89,70.29,0,0,0,0,0,0,30.16,0,0
"1979.06",0,64.55,55.89,70.29,0,0,0,0,0,0,30.83,0,0
"1979.07",0,76.23,70.35,73.69,0,0,0,0,0,0,37.54,0,0
"1979.08",0,73.35,62.22,73.69,0,0,0,0,0,0,37.54,0,0
"1979.09",0,69.05,62.22,73.69,0,0,0,0,0,0,37.54,0,0
"1979.10",0,69.05,62.22,73.69,0,0,0,0,0,0,39.28,0,0
"1979.11",0,69.05,65.57,67.88,0,0,0,0,0,0,49.41,0,0
"1979.12",0,71.16,65.57,67.88,0,0,0,0,0,0,50.27,0,0
"1980.01",0,72.47,63.27,63.58,0,0,0,0,0,29.09,53.81,0,0
"1980.02",0,72.47,63.27,63.58,0,0,0,0,0,29.09,54.6,0,0
"1980.03",0,70.12,63.8,65.68,0,0,0,0,0,29.09,54.6,0,0
"1980.04",0,70.12,58.41,62.67,0,0,0,0,0,28.98,59.68,0,0
"1980.05",0,68,58.9,62.67,0,0,0,0,0,30,60.9,0,0
"1980.06",0,68,61.88,61.97,0,0,0,0,0,28.03,60.9,0,0
"1980.07",0,72.54,66.39,66.03,0,0,0,0,0,36.68,61.51,0,0
"1980.08",0,72.69,74.59,72.74,0,0,0,0,0,36.68,63.78,0,0
"1980.09",0,76.43,74.33,76.1,0,0,0,0,0,36.68,63.78,0,0
"1980.10",0,78.33,72.84,79.45,0,0,0,0,0,36.68,63.78,0,0
"1980.11",0,82.36,81.45,82.46,0,0,0,0,0,36.68,67.73,0,0
"1980.12",0,75.7,81.39,82.46,0,0,0,0,0,36.68,67.73,0,0
"1981.01",0,75.7,81.39,82.46,0,0,0,0,0,36.68,70.3,0,0
"1981.02",0,75.7,81.39,82.46,0,0,0,0,0,36.68,70.3,0,0
"1981.03",0,75.7,74.56,82.46,0,0,0,0,0,36.68,70.3,0,0
"1981.04",0,75.7,76.02,75.46,0,0,0,0,0,34.05,70.3,0,0
"1981.05",0,75.7,72.33,74.98,0,0,0,0,0,34.05,70.3,0,0
"1981.06",0,70.2,68.27,74.98,0,0,0,0,0,34.05,69.81,0,0
"1981.07",0,62.8,69.23,72.74,0,0,0,0,0,34.05,68.16,0,0
"1981.08",0,66.02,68.44,72.74,0,0,0,0,0,33.35,68.16,0,0
"1981.09",0,66.02,61.89,72.74,0,0,0,0,0,33.68,68.16,0,0
"1981.10",0,66.02,60.92,66.8,0,0,0,0,0,32.67,68.16,0,0
"1981.11",0,65.57,57.13,63.93,0,0,0,0,0,32.67,68.16,0,0
"1981.12",0,61.91,56.68,63.93,0,0,0,0,0,32.67,68.16,0,0
"1982.01",0,64.62,56.68,66.8,0,0,0,0,0,32.67,67.63,0,0
"1982.02",0,63.75,56.68,66.8,0,0,0,0,0,32.67,67.26,0,0
"1982.03",0,62.72,56.68,66.8,0,0,0,0,0,32.67,66.76,0,0
"1982.04",0,64.99,57.62,62.6,0,0,0,0,0,32.67,66.76,0,0
"1982.05",0,64.99,57.62,62.6,0,0,0,0,0,32.67,66.76,0,0
"1982.06",0,63.39,57.06,60.92,0,0,0,0,0,32.67,66.76,0,0
"1982.07",0,63.39,55.29,58.96,0,0,0,0,0,32.67,65.47,0,0
"1982.08",0,59.79,54.05,56.65,0,0,0,0,0,32.67,65.3,0,0
"1982.09",0,63.17,51.62,56.65,0,0,0,0,0,32.67,65.3,0,0
"1982.10",0,63.17,51.62,52.95,0,0,0,0,0,32.67,65.3,0,0
"1982.11",0,63.17,51.87,54.27,0,0,0,0,0,32.67,65.12,0,0
"1982.12",0,64.48,50.61,54.27,0,0,0,0,0,32.67,65.12,0,0
"1983.01",0,64.48,51.44,54.27,0,0,0,0,0,32.67,65.12,0,0
"1983.02",0,64.48,54.68,56.52,0,0,0,0,0,32.67,65.05,0,0
"1983.03",0,65.29,55.43,56.52,0,0,0,0,0,32.67,62.3,0,0
"1983.04",0,66.1,67.43,59.1,0,0,0,0,0,34.64,56.02,0,0
"1983.05",0,66.1,67.95,60.43,0,0,0,0,0,34.64,56.06,0,0
"1983.06",0,63.09,66.64,60.43,0,0,0,0,0,34.64,56.06,0,0
"1983.07",0,61.77,69.97,60.43,0,0,0,0,0,34.64,56.14,0,0
"1983.08",0,61.77,72.64,62.67,0,0,0,0,0,34.64,56.2,0,0
"1983.09",0,62.8,76.48,74.98,0,0,0,0,0,34.64,56.2,0,0
"1983.10",0,62.8,76.48,77.21,0,0,0,0,0,34.64,56.14,0,0
"1983.11",0,61.99,76.48,74.28,0,0,0,0,0,34.64,56.14,0,0
"1983.12",0,59.94,74.33,74.14,0,0,0,0,0,34.64,56.14,0,0
"1984.01",0,60.23,72.41,79.04,0,0,0,0,0,34.64,56.14,0,0
"1984.02",0,58.77,70.48,70.92,0,0,0,0,0,36.15,56.06,0,0
"1984.03",0,61.12,72.53,71.9,0,0,0,0,0,35.47,56.06,0,0
"1984.04",0,61.12,75.35,70.85,0,0,0,0,0,35.17,56.06,0,0
"1984.05",0,62.21,73.35,70.85,0,0,0,0,0,35.17,56.2,0,0
"1984.06",0,62.8,71.48,74.91,0,0,0,0,0,35.17,56.2,0,0
"1984.07",0,59.28,71.25,74.91,0,0,0,0,0,35.17,56.31,0,0
"1984.08",0,59.28,70.29,68.82,0,0,0,0,0,35.17,56.31,0,0
"1984.09",0,59.21,70.29,64,0,0,0,0,0,35.17,56.31,0,0
"1984.10",0,59.64,65.1,60.43,0,0,0,0,0,35.17,56.31,0,0
"1984.11",0,59.79,61.96,57.21,0,0,0,0,0,35.17,56.31,0,0
"1984.12",0,58.69,61.76,56.3,0,0,0,0,0,35.17,56.31,0,0
"1985.01",0,61.55,61.01,55.09,0,0,0,0,0,35.04,56.34,0,0
"1985.02",0,58.71,61.65,56.66,0,0,0,0,0,34.72,56.23,0,0
"1985.03",0,59.62,61.65,56.66,0,0,0,0,0,34.72,56.11,0,0
"1985.04",0,59.5,62.41,59.65,0,0,0,0,0,34.72,56.11,0,0
"1985.05",0,58.37,62.41,56.44,0,0,0,0,0,34.84,56.11,0,0
"1985.06",0,57.06,62.41,55.51,0,0,0,0,0,34.84,56.11,0,0
"1985.07",0,55.07,61.95,55.51,0,0,0,0,0,34.84,56.05,0,0
"1985.08",0,53.94,59.38,53.18,0,0,0,0,0,34.84,55.82,0,0
"1985.09",0,52.46,50.48,52.09,0,0,0,0,0,34.84,55.82,0,0
"1985.10",0,54.17,50.53,49.81,0,0,0,0,0,34.84,55.82,0,0
"1985.11",0,56.72,50.99,50.03,0,0,0,0,0,35.67,55.77,0,0
"1985.12",0,57.69,54.14,51.28,0,0,0,0,0,35.74,55.77,0,0
"1986.01",0,57.92,55.02,52.32,0,0,0,0,0,35.22,55.05,0,0
"1986.02",0,54.44,53.56,52.04,0,0,0,0,0,35.22,48.16,0,0
"1986.03",0,54.44,50.41,51.28,0,0,0,0,0,36.55,35.17,0,0
"1986.04",0,57.86,49.94,51.06,0,0,0,0,0,38.58,28.56,0,0
"1986.05",0,50.87,49.94,51.06,0,0,0,0,0,39.73,27.84,0,0
"1986.06",0,45.98,48.55,50.46,0,0,0,0,0,39.73,26.25,0,0
"1986.07",0,41.49,41.16,49.27,0,0,0,0,0,39.73,21.96,0,0
"1986.08",0,42.06,38.13,49.27,0,0,0,0,0,39.91,18.6,0,0
"1986.09",0,42.17,34.64,47.21,0,0,0,0,0,39.91,24.13,0,0
"1986.10",0,42.51,34.4,46.78,0,0,0,0,0,39.91,26.31,0,0
"1986.11",0,44.67,37.55,46.78,0,0,0,0,0,39.91,26.38,0,0
"1986.12",0,44.45,39.29,46.66,0,0,0,0,0,39.91,26.82,0,0
"1987.01",0,44.55,38.01,46.5,0,0,0,0,0,39.91,29.01,0,0
"1987.02",0,44.74,37.14,46.39,0,0,0,0,0,39.91,35.11,0,0
"1987.03",0,45.36,37.14,46.39,0,0,0,0,0,39.91,35.11,0,0
"1987.04",0,45.36,40.57,46.39,0,0,0,0,0,39.91,34.83,0,0
"1987.05",0,48.48,45.65,48.35,0,0,0,0,0,39.91,34.83,0,0
"1987.06",0,45.93,45.65,51.5,0,0,0,0,0,39.91,35.06,0,0
"1987.07",0,45.75,41.27,51.5,0,0,0,0,0,40.43,35.21,0,0
"1987.08",0,42.91,40.47,51.28,0,0,0,0,0,40.82,35.17,0,0
"1987.09",0,45.64,44.48,51.77,0,0,0,0,0,48.72,35.28,0,0
"1987.10",0,47.69,44.48,51.77,0,0,0,0,0,48.72,35.44,0,0
"1987.11",0,47.69,46.52,52.04,0,0,0,0,0,48.72,35.32,0,0
"1987.12",0,48.42,46.17,52.04,0,0,0,0,0,48.72,34.21,0,0
"1988.01",0,48.42,50.48,54.33,0,0,0,0,0,48.72,34.04,0,0
"1988.02",0,50.36,55.43,56.55,0,0,0,0,0,48.72,32.7,0,0
"1988.03",0,50.75,55.88,56.77,0,0,0,0,0,49.42,31.98,0,0
"1988.04",0,49.33,55.43,61,0,0,0,0,0,53.89,30.75,0,0
"1988.05",0,49.96,53.2,62.69,0,0,0,0,0,53.89,31.3,0,0
"1988.06",0,60.47,62.76,79.47,0,0,0,0,0,53.89,31.58,0,0
"1988.07",0,63.09,74.06,81.16,0,0,0,0,0,53.89,30.75,0,0
"1988.08",0,63.77,67.07,78.93,0,0,0,0,0,53.89,29.12,0,0
"1988.09",0,63.71,65.31,78.34,0,0,0,0,0,53.89,29.12,0,0
"1988.10",0,66.84,67.29,78.49,0,0,0,0,0,53.89,23.57,0,0
"1988.11",0,67.63,63.92,76.54,0,0,0,0,0,53.89,22,0,0
"1988.12",0,68.26,67.47,76.54,0,0,0,0,0,53.89,24.13,0,0
"1989.01",0,69.29,67.93,75.02,0,0,0,0,0,53.89,26.48,0,0
"1989.02",0,69.85,66.01,73.06,0,0,0,0,0,53.89,30.96,0,0
"1989.03",0,70.13,67.93,73.77,0,0,0,0,0,53.89,31.75,0,0
"1989.04",0,68.37,66.07,71.43,0,0,0,0,0,53.89,32.92,0,0
"1989.05",0,68.43,68.06,73.34,0,0,0,0,0,53.89,35.61,0,0
"1989.06",0,68.21,63.98,71.75,0,0,0,0,0,53.89,35.61,0,0
"1989.07",0,65.25,59.61,69.86,0,0,0,0,0,53.89,34.83,0,0
"1989.08",0,66.67,59.15,67.14,0,0,0,0,0,53.89,33.83,0,0
"1989.09",0,65.88,58.45,63.55,0,0,0,0,0,53.89,33.2,0,0
"1989.10",0,66.32,61.65,57.75,0,0,0,0,0,53.89,33.43,0,0
"1989.11",0,66.67,63.16,59.54,0,0,0,0,0,53.89,34.83,0,0
"1989.12",0,66.55,63.16,59.54,0,0,0,0,0,53.89,35.06,0,0
"1990.01",0,65.57,62.22,58.41,50,84.02,0,0,0,53.89,36.29,0,18.95
"1990.02",0,61.41,62.22,56.86,50,84.1,0,0,0,53.89,37.68,0,18.95
"1990.03",0,58.78,63.13,57.95,50,85.75,0,0,0,53.89,36.37,0,18.95
"1990.04",0,58.83,65.38,59.47,50,87.15,0,0,0,53.89,34.61,0,18.95
"1990.05",0,57.06,65.87,60.22,50,86.8,0,0,0,53.89,32.67,0,18.95
"1990.06",0,54.33,66.84,58.65,50,85.84,0,0,0,53.89,30.64,0,18.95
"1990.07",0,50.58,60.32,56.62,50,87.15,0,0,0,53.89,28.79,0,18.95
"1990.08",0,49.68,59.42,60.22,50,88.2,0,0,0,53.89,30.61,0,18.95
"1990.09",0,48.5,54.24,58.19,50,89.23,0,0,0,53.89,48.96,0,18.95
"1990.10",0,45.4,56.37,57.55,50,90.03,0,0,0,53.89,62.01,0,18.95
"1990.11",0,46.04,55.65,55.29,50,90.37,0,0,0,53.89,67.07,0,19.99
"1990.12",0,46.25,59.11,55.98,50,86.01,0,0,0,53.89,59.48,0,19.99
"1991.01",0,45.5,60.51,55.53,50,82.02,0,0,0,53.89,51.15,0,19.99
"1991.02",0,46.68,61.73,56.22,50,84.45,0,0,0,53.89,41.93,0,22.13
"1991.03",0,48.5,60.09,56.22,54.19,84.54,0,0,0,53.89,32.84,0,24.79
"1991.04",0,49.84,61.48,56.22,61.96,85.84,0,0,0,53.89,33.8,0,24.79
"1991.05",0,50.64,60.81,54.53,65,83.49,0,0,0,53.89,33.01,0,24.02
"1991.06",0,50.69,60.81,54.3,62.75,89.06,0,0,0,53.89,32.63,0,24.02
"1991.07",0,48.34,63.01,51.81,42.85,79.66,0,0,0,53.89,33.3,0,30.18
"1991.08",0,48.34,60.57,51.06,39.09,79.66,0,0,0,53.89,34.52,0,33.79
"1991.09",0,53.91,60.57,51.06,39.15,79.84,0,0,0,53.89,35.35,0,36.88
"1991.10",0,58.04,63.01,51.06,35.35,84.8,0,0,0,53.89,36.51,0,39.61
"1991.11",0,60.44,63.01,51.06,39.09,89.06,0,0,0,53.89,38.89,0,39.61
"1991.12",0,64.14,63.01,51.06,36.55,85.49,0,0,0,53.89,39.06,0,39.61
"1992.01",0,65.9,63.01,53.72,45.3,82.02,0,0,0,53.89,34.35,0,47.11
"1992.02",0,68.73,63.8,53.72,46.75,83.24,0,0,0,53.89,33.43,0,58.01
"1992.03",0,65.36,63.2,54.53,46.85,83.76,0,0,0,53.89,32.38,0,55.19
"1992.04",0,64.14,60.32,53.95,51.81,81.23,0,0,0,53.89,32.38,0,55.19
"1992.05",0,62.37,60.99,54.83,49.45,78.45,0,0,0,53.89,33.3,0,55.19
"1992.06",0,61.03,60.57,55.41,45.4,78.45,0,0,0,53.89,35.66,0,55.19
"1992.07",0,58.45,56.14,53.14,40.51,77.32,0,0,0,53.89,38.31,0,55.19
"1992.08",0,55.51,54.24,52.91,40.65,77.06,0,0,0,53.89,37.94,0,41.74
"1992.09",0,61.24,52.6,53.14,39.45,80.27,0,0,0,53.89,36.71,0,41.74
"1992.10",0,61.82,52.17,52.85,39.45,80.27,0,0,0,53.89,37.17,0,42.31
"1992.11",0,61.99,54.98,55.53,36.2,81.49,0,0,0,53.89,36.75,0,42.31
"1992.12",0,61.18,56.37,56.22,36.2,81.49,0,0,0,53.89,34.86,0,42.31
"1993.01",0,63.07,55.88,57.55,38.7,81.49,0,0,0,53.89,33.18,0,42.31
"1993.02",0,60.81,54.98,56.86,43.59,81.49,0,0,0,53.89,31.46,0,42.31
"1993.03",0,59.69,55.88,57.32,46.89,76.01,0,0,0,54.27,32.75,0,42.31
"1993.04",0,58.24,55.88,57.32,45.25,74.44,0,0,0,54.27,33.14,0,36.53
"1993.05",0,54.71,55.88,58.48,45.25,73.66,0,0,0,54.27,34.18,0,36.53
"1993.06",0,53.16,55.88,57.09,45.25,69.13,0,0,0,54.27,32.92,0,36.53
"1993.07",0,57.34,57.84,65.6,41.09,70.17,0,0,0,54.27,32,0,36.53
"1993.08",0,61.82,61.73,63.35,41.5,75.4,0,0,0,54.27,29.93,0,36.53
"1993.09",0,62.8,61.92,62.71,41.5,77.32,0,0,0,54.27,30.01,0,36.53
"1993.10",0,64.08,60.88,62.71,42.8,77.32,0,0,0,55.83,30.18,0,36.53
"1993.11",0,65.85,63.98,64.15,41.5,77.32,0,0,0,56.86,29.76,0,36.53
"1993.12",0,66.97,63.98,64.15,41.5,77.32,0,0,0,56.86,27.99,0,36.53
"1994.01",0,65.21,64.77,66.07,41.5,77.32,0,0,0,57.88,25.1,0,36.53
"1994.02",0,65.21,66.42,64.91,41.5,75.06,0,0,0,57.88,26.31,0,37.24
"1994.03",0,63.55,66.42,63.8,63.54,77.32,0,0,0,58.91,26.07,0,39.15
"1994.04",0,59.58,66.42,63.8,63.54,82.8,0,0,0,56.86,25.17,0,39.15
"1994.05",0,60.77,65.38,63.8,63.54,82.8,0,0,0,55.83,27.58,0,39.15
"1994.06",0,60.77,65.63,66.07,51.25,72.09,0,0,0,57.13,29.89,0,39.15
"1994.07",0,56.32,60.32,62.71,45.8,72.09,0,0,0,58.75,31.49,0,39.15
"1994.08",0,58.73,59.9,61.78,44.75,76.71,0,0,0,58.75,34.03,0,39.15
"1994.09",0,64.66,60.09,59.35,45.8,79.66,0,0,0,58.75,32.5,0,39.15
"1994.10",0,67.14,60.57,58.76,45.8,75.06,0,0,0,58.75,31.46,0,42.5
"1994.11",0,66.33,62.34,59.87,39.45,77.14,0,0,0,58.75,31.07,0,42.5
"1994.12",0,66.17,68.25,59.35,35.66,77.14,0,0,0,58.75,32.24,0,42.5
"1995.01",0,66.22,68.26,58.76,49.38,77.57,65.46,0,0,59.07,31.7,0,42.68
"1995.02",0,62.68,68.26,58.76,52.4,78.03,65.46,0,0,63.82,32.64,0,42.68
"1995.03",0,60.56,70.81,59.88,81.51,78.47,65.46,0,0,63.82,33.46,0,42.68
"1995.04",0,60,70.81,59.88,71.91,78.03,65.46,0,0,63.82,33.75,0,44.28
"1995.05",0,63.24,71.55,59.88,71.59,74.34,65.46,0,0,63.82,35.49,0,44.28
"1995.06",0,63.24,71.98,60.43,67.8,74.34,65.46,0,0,63.82,35.23,0,44.28
"1995.07",0,77.95,74.17,61.93,56.63,74.34,65.46,0,0,63.82,33.26,0,44.28
"1995.08",0,71.51,73.21,61.36,59.6,69.16,65.46,0,0,63.82,30.86,0,44.28
"1995.09",0,77.31,74.6,63.78,60.74,69.16,65.46,0,0,63.82,30.98,0,44.28
"1995.10",0,80.42,77.02,64.9,63.07,79.45,65.46,0,0,63.82,31.63,0,41.65
"1995.11",0,81.13,77.82,66.02,59.85,77.34,65.46,0,0,63.82,30.52,0,41.26
"1995.12",0,83.74,77.82,68.93,63.2,70.96,65.46,0,0,63.82,32.58,0,41.26
"1996.01",0,79.92,77.82,69.93,66.11,70.96,66.45,0,0,63.82,34.03,0,41.26
"1996.02",0,84.8,77.82,69.93,67.1,68.33,66.9,0,0,63.82,31.7,0,41.26
"1996.03",0,80.28,82.05,69.93,80.17,66.39,68.07,0,0,63.82,33.3,0,41.26
"1996.04",0,87.21,85.77,71.11,86.11,63.22,68.07,0,0,63.82,35.38,0,35.3
"1996.05",0,94.42,92.5,74.33,83.97,63.22,69.32,0,0,63.82,34.51,0,35.3
"1996.06",0,88.2,93.87,73.22,79.81,63.22,69.32,0,0,63.82,34.68,0,35.3
"1996.07",0,78.73,92.06,73.77,78.48,64.88,69.32,0,0,65.46,35.81,0,35.3
"1996.08",0,75.97,89.21,72.97,83.65,68.33,69.32,0,0,65.46,36.66,0,35.3
"1996.09",0,75.97,78.54,72.97,81.89,72.99,69.32,0,0,62.81,40.88,0,36.42
"1996.10",0,69.96,69.42,69.61,82.19,72.99,69.58,0,0,62.81,42.74,0,40.44
"1996.11",0,66.08,65.41,66.58,92.24,72.92,69.58,0,0,62.81,42.48,0,40.44
"1996.12",0,67.34,65.41,66.58,86.49,72.77,69.58,0,0,62.81,43.13,0,40.44
"1997.01",0,67.34,65.41,68.81,73.49,72.77,66.24,0,0,62.81,44.41,0,40.44
"1997.02",0,65.8,64.54,71.11,78.35,72.77,66.51,0,0,62.81,39.96,0,40.44
"1997.03",0,67.21,64.1,76.69,82.52,69.84,67.81,0,0,62.81,36.28,0,41.22
"1997.04",0,70.03,61.91,77.13,80.11,69.84,67.81,0,0,62.81,34.51,0,44.24
"1997.05",0,68.63,57.09,78.55,77.78,69.84,70.64,0,0,62.81,35.75,0,44.24
"1997.06",0,61.97,55.4,76.69,76.33,68.26,72.54,0,0,62.81,35.98,0,44.24
"1997.07",0,59.86,54.09,72.23,66.87,68.56,71.35,0,0,62.81,34.07,0,44.24
"1997.08",0,63.82,56.57,72.23,73.61,68.56,71.35,0,0,62.81,35.17,0,44.24
"1997.09",0,63.6,56.2,78.37,73.99,71.34,71.35,0,0,62.81,35,0,44.24
"1997.10",0,63.53,59.42,66.08,69.33,71.34,71.35,0,0,62.81,37.51,0,47.47
"1997.11",0,61.7,58.77,66.71,60.86,74.72,71.35,0,0,62.81,37.29,0,47.47
"1997.12",0,59.72,55.99,65.46,53.35,74.72,71.35,0,0,62.81,33.78,0,47.47
"1998.01",0,58.16,56.35,62.36,52.22,74.72,71.35,0,0,62.81,28.13,0,47.47
"1998.02",0,57.03,53.94,62.11,59.34,74.72,71.35,0,0,62.81,25.51,0,47.47
"1998.03",0,58.31,55.62,61.61,74.12,74.72,71.35,0,0,62.81,22.08,0,47.47
"1998.04",0,56.26,51.25,60.19,83.97,74.72,71.35,0,0,62.81,24.19,0,41.74
"1998.05",0,55.2,50.52,60.8,95.14,74.72,71.35,0,0,62.81,25.16,0,35.35
"1998.06",0,51.59,51.61,58.57,82.13,62.33,71.35,0,0,62.81,23.7,0,35.35
"1998.07",0,50.38,48.69,58.01,79.05,61.21,71.35,0,0,62.81,23.17,0,34.22
"1998.08",0,49.25,46.06,53.74,87.57,61.21,71.35,0,0,69.91,24.2,0,34.22
"1998.09",0,48.13,44.38,53.74,84.41,61.73,71.35,0,0,69.91,24.44,0,34.96
"1998.10",0,54.21,47.16,53.37,74.95,63.91,69.84,0,0,69.91,25.85,0,35.73
"1998.11",0,55.4,47.67,54.17,69.2,59.33,69.84,0,0,69.91,23.56,0,35.73
"1998.12",0,53.22,44.82,53.61,70.33,58.12,69.39,0,0,69.91,20.29,0,37.98
"1999.01",0,53.65,45.12,50.81,82.9,58.12,69.39,0,0,69.91,20.49,0,39.49
"1999.02",0,52.65,44.9,49.27,78.79,58.12,69.39,0,0,69.91,20,0,39.49
"1999.03",0,53.14,45.55,46.48,95.58,59.33,69.39,0,0,69.91,21.93,0,43.63
"1999.04",0,51.24,44.9,46.48,95.58,60.38,69.39,0,0,69.91,27.78,0,43.93
"1999.05",0,51.09,46.14,45.35,85.55,60.38,69.39,0,0,67.49,30.86,0,42.81
"1999.06",0,51.66,44.01,45.35,79.05,60.98,69.39,0,0,66.1,29.96,0,44.19
"1999.07",0,48.97,41.24,41.39,79.3,60.98,69.39,0,0,66.1,33.37,0,44.19
"1999.08",0,52.23,44.31,43.43,68.88,60.98,69.71,0,0,66.1,37.18,0,44.19
"1999.09",0,52.01,44.46,48.9,75.89,62.03,69.71,0,0,67.31,41.34,0,44.67
"1999.10",0,50.53,43.94,48.58,76.89,62.03,69.71,0,0,67.31,43.33,0,46.18
"1999.11",0,51.24,45.33,48.58,72.35,62.03,69.71,0,0,59.19,44.19,0,47.04
"1999.12",0,47.06,43.66,46.48,70.08,62.33,69.71,0,0,59.19,47.67,0,46.79
"2000.01",38.17,48.21,47.05,49.78,68.27,60.82,69.83,0,0,68.98,47.25,0,46.71
"2000.02",38.17,48.92,46.63,50.23,71.74,60.4,69.83,0,0,70,49.61,0,45.43
"2000.03",38.17,48.17,46.63,50.9,73.52,61.38,70.42,0,0,70.95,50.15,0,45.43
"2000.04",38.17,48.52,46.63,50.9,65.08,64.7,71.63,0,0,68.42,44.56,0,45.61
"2000.05",38.17,49.5,46.94,52.11,65.39,63.8,71.63,0,0,72.58,50.92,0,44.99
"2000.06",38.17,49.4,46.53,50,56.97,63.8,71.63,0,0,73.52,54.57,0,44.99
"2000.07",38.17,46.77,43.89,47.1,62.21,62.24,71.63,0,0,75.73,52.23,0,43.75
"2000.08",38.17,44.98,43.68,46.56,55.99,62.24,71.63,0,0,75.73,54.03,0,43.12
"2000.09",38.17,46.42,43.68,48.11,61.91,61.73,74.93,0,0,75.73,59.6,0,42.13
"2000.10",38.17,47.52,45.73,48.33,64.98,62.74,75.53,0,0,70.6,59.31,0,41.88
"2000.11",38.17,50.58,47.22,49.9,54.79,63.32,75.53,0,0,70.6,58.96,0,41.88
"2000.12",38.17,51,47.22,49.9,55.68,61.99,75.53,0,0,67.06,44.44,0,41.15
"2001.01",38.17,51.26,45.44,48.33,53.54,60.14,75.23,0,0,67.83,45.1,0,40.97
"2001.02",38.17,51.82,45.53,46.56,61.45,59.75,74.62,0,0,67.83,48.22,0,40.97
"2001.03",38.17,51.85,44.39,44.79,72.24,59.12,74.62,0,0,68.33,45.9,0,40.04
"2001.04",38.17,52.74,43.02,44.13,80.78,60.78,75.99,0,0,68.33,47.82,0,38.87
"2001.05",38.17,52.44,41.83,47.4,68.1,60.78,75.99,0,0,68.33,50.81,0,39.03
"2001.06",38.17,50.99,41.23,47.05,65.15,60.78,80.68,0,0,68.33,50.53,0,38.24
"2001.07",38.17,52.23,46.03,48.69,63.14,60.78,82.05,0,0,68.33,46.75,0,36.92
"2001.08",38.17,53.06,45.62,49.5,60.01,59.87,84.77,0,0,68.33,48.22,0,37.14
"2001.09",37.02,53.65,44.24,48.36,64.24,63.89,84.77,0,0,68.59,45.96,0,38.47
"2001.10",40.13,55.98,43.55,46.1,62.95,59.57,84.77,0,0,67.41,39.2,0,39.53
"2001.11",40.13,54.26,43.96,44.78,61.92,57.75,84.77,0,0,72.43,34.81,0,37.99
"2001.12",40.13,52.63,43.96,44.43,63.74,56.58,83.33,0,0,76.81,35.41,0,38.54
"2002.01",40.13,53.61,45.05,43.86,65.98,55.51,84.73,0,0,79.06,36.63,0,38.54
"2002.02",40.13,53.01,44.65,45.26,74.1,54.59,85.27,0,0,76.13,37.72,0,39.88
"2002.03",40.13,51.75,43.49,46.34,78.29,54.59,84.6,0,0,77.07,45.51,0,39.88
"2002.04",40.13,50.3,43.49,46.34,84.56,55.41,84.26,0,0,78.31,48.64,0,40.62
"2002.05",40.13,50.75,44.28,49.27,81.25,55.41,82.93,0,0,78.27,48.99,0,42.89
"2002.06",40.13,53.83,46.33,49.03,71.76,55.73,82.36,0,0,78.27,47.27,0,43.06
"2002.07",40.13,59.13,47.98,51.01,62.75,55.29,82.36,0,0,71.33,48.84,0,44.72
"2002.08",39.4,64.82,50.72,55.84,53.75,56.96,76.45,0,0,71.69,50.15,0,46.96
"2002.09",39.6,73.15,51.51,57.1,61.64,56.96,76.45,0,0,70.99,52.95,0,48.94
"2002.10",39.81,72.82,50.31,56.08,57.55,57.87,76.45,0,0,69.78,52.1,0,49.06
"2002.11",39.81,69.7,49.74,55.71,53.94,62.71,75.59,0,0,66.19,45.93,0,49.06
"2002.12",39.81,69.7,49.93,58.44,52.39,64.13,75.59,0,0,68.37,51.24,0,49.06
"2003.01",39.81,67.09,49.34,57.33,65.44,68.99,75.59,0,0,66.62,56.23,0,49.06
"2003.02",39.81,64.03,49,58.04,67.07,70.96,77.96,0,0,66.62,60.03,0,48.56
"2003.03",39.81,61.39,49.54,58.27,77.08,76.09,77.96,0,0,66.62,54.61,0,48.74
"2003.04",39.81,59.63,49.54,59.21,81.51,75.16,76.61,0,0,65.76,47.18,0,48.74
"2003.05",39.81,60.17,50.04,60.62,73.29,74.68,76.61,0,0,63.39,48.52,0,48.74
"2003.06",39.81,58.09,50.07,60.03,76.57,74.28,73.95,0,0,61.27,50.9,0,47.27
"2003.07",39.81,58.09,49.81,58.48,72.35,74.1,73.1,0,0,59.54,53.15,0,47.27
"2003.08",39.81,61.79,49.81,57.14,70.42,73.02,70.41,0,0,56.29,54.92,0,47.27
"2003.09",41.44,60.48,50.6,63.88,75.32,74.23,70.41,0,0,58.31,50.6,0,42.65
"2003.10",55.26,60.8,58,73.52,70.13,80.07,71.75,0,0,59.69,54.21,0,43.68
"2003.11",55.26,63.87,62.97,74.24,59.24,80.07,71.18,0,0,66.25,54.72,0,40.31
"2003.12",55.26,65.17,63.36,81.05,65.87,80.57,71.8,0,0,67.7,55.71,0,40.31
"2004.01",55.26,64.17,64.55,85.73,76.62,80.57,73.29,0,0,69.17,57.23,0,39.7
"2004.02",55.26,65.17,68.48,89.19,75.28,78.58,79.36,0,0,65.92,56.55,0,38.77
"2004.03",55.26,66.1,69.46,92.73,77.25,79.12,83.22,0,0,70.58,60.9,0,38.77
"2004.04",53.01,66.72,71.03,102.09,85.64,80.84,83.22,0,0,71.17,62.02,0,37.28
"2004.05",51.64,66.41,66.52,99.63,80.82,81.37,83.22,0,0,70.73,68.4,0,37.16
"2004.06",54.96,64.53,62.59,94.94,80.82,80.58,86.35,0,0,71.06,66.26,0,37.78
"2004.07",54.96,61.87,60.62,94.23,66.61,82.16,88.46,0,0,71.71,68.76,0,38.39
"2004.08",58.69,59.23,61.02,85.32,70.37,84.8,88.46,0,0,71.96,75.92,0,39.46
"2004.09",58.69,63.93,60.62,82.62,71.44,86.78,90.15,0,0,74.7,71.18,0,39.46
"2004.10",53.38,63.86,59.64,78.37,76.04,88.37,89.59,0,0,74.7,76.69,0,39.77
"2004.11",52.99,65.18,60.62,68.4,78.21,91.8,89.01,0,0,71.02,71.14,0,39.77
"2004.12",54.29,64.99,61.21,69.33,68.86,92.86,91.1,0,0,68.97,68.7,0,39.77
"2005.01",54.29,66.93,59.46,61.81,71.3,97.01,94.54,0,112.73,67.74,76,87.73,44.92
"2005.02",54.29,65.65,59.18,61.81,82.09,96.04,94.54,0,111.77,69.24,79.82,87.73,44.92
"2005.03",54.29,65.72,61.03,64.94,87.42,96.04,95.48,0,111.66,74.79,91.72,87.73,44.92
"2005.04",54.29,64.48,60.21,68.85,88.83,88.99,94.78,0,115.83,75.78,94.02,87.73,45.19
"2005.05",54.29,64.02,60.06,68.96,82.02,88.99,94.78,0,115.97,74.4,90.51,87.73,45.19
"2005.06",54.29,64.5,61.16,69.31,74.98,89.65,88.44,0,115.3,73.74,101.5,89.03,45.19
"2005.07",54.29,63.61,60.81,67.76,76.63,90.58,83.23,0,106.15,71.01,104.76,90.09,47.36
"2005.08",54.29,64.46,60.98,65.73,84.18,91.51,81.64,0,106.55,71.01,112.79,90.09,51.53
"2005.09",54.29,67.22,61.91,64.38,87.4,91.91,81.64,0,106.47,69.23,113.59,90.09,53.77
"2005.10",54.29,67.72,61.22,62.38,78,91.65,77.39,0,106.08,69.23,107.54,90.09,53.77
"2005.11",54.29,67.07,59.91,62.21,66.73,91.77,76.89,0,104.99,71.2,102.47,90.09,53.77
"2005.12",54.29,66.51,60.35,63.53,68.07,90.52,76.89,0,91.6,72.88,105.9,90.09,53.77
"2006.01",58.81,66.78,58.84,62.31,70.12,90.17,78.92,0,89.02,67.63,115.96,88.74,53.77
"2006.02",58.81,68.21,60.68,62.53,87.48,87.24,80.14,0,84.24,72.28,114.54,88.74,53.77
"2006.03",65.31,68.99,61.88,61.69,90.54,85.12,83.1,0,81.58,74.9,115.42,88.74,54.66
"2006.04",65.31,71.4,62.01,61.69,93.91,84.45,83.57,0,81.8,78.21,127.89,88.74,54.66
"2006.05",65.31,72.86,63,58.76,97.35,85.12,85.72,0,82.33,78.21,129.66,88.74,54.66
"2006.06",65.31,72.18,66.17,58.94,92.03,85.51,87,0,82.04,79.27,129.55,87.43,53.23
"2006.07",65.31,73.87,68.23,59.44,86.94,85.91,88.06,0,85.54,79.27,137.27,84.78,53.23
"2006.08",65.31,71.38,71.51,59.44,83.7,88.96,88.73,0,85.53,79.36,136.7,84.78,50.46
"2006.09",65.31,73.38,75.75,60.6,98.38,90.11,91.22,0,85.4,79.6,119.18,84.78,50.46
"2006.10",65.31,79.73,81.37,62.84,95.01,96.8,91.22,0,86.09,71.44,112.37,84.78,49.64
"2006.11",65.31,81.05,94.06,64.3,84,99.41,91.76,0,86.22,70.73,112.59,84.78,49.78
"2006.12",65.31,79.61,92.59,65.73,76.7,99.99,92.47,0,93.96,71.93,116.17,84.78,49.78
"2007.01",66.79,79.8,94.62,69.22,94.5,98.42,92.81,0,93.62,71.1,102.3,84.78,49.78
"2007.02",66.79,82.45,96.94,75.94,106.97,97.44,93.33,0,95.57,73.61,110.18,84.78,49.78
"2007.03",66.79,84.92,98.52,76.61,106.41,90.5,92.13,0,96.17,75.04,116.45,84.78,49.78
"2007.04",66.79,86.87,98.96,78.27,107.87,85.98,91.23,0,100.52,73.72,126.4,84.78,49.78
"2007.05",66.79,84.65,100.28,82.09,107.45,86.26,90.14,0,100.21,72.92,127.71,84.78,49.78
"2007.06",66.79,90.49,102,83.91,101.92,90.26,89.09,0,99.89,72.92,130.06,84.78,49.78
"2007.07",66.79,96.52,102.75,87.97,94.41,84.03,87.32,0,100.7,72.91,137.95,84.8,51.18
"2007.08",66.79,104.85,110.62,87.03,94.8,84.36,87.4,0,101.5,73.25,133.4,84.8,52.83
"2007.09",66.79,130.65,122.72,99.01,102.26,85.87,86.47,0,101.79,72.64,144.46,84.8,52.83
"2007.10",75.26,145.87,131.09,104.69,108.67,91.22,89.68,0,101.66,70.86,152.56,84.8,52.83
"2007.11",75.26,141.37,138.36,112.55,91.81,94.14,90.13,0,106.04,70.41,171.13,101,52.83
"2007.12",75.26,169.08,140.29,122.85,83.25,98.7,89.16,0,104.87,70.53,169.51,130.95,52.83
"2008.01",75.26,190.55,144.72,127.88,88.48,97.46,88.77,0,106.26,71.07,173.1,130.95,52.83
"2008.02",75.26,222.41,148.29,139.51,94.19,102.5,89.62,0,106.94,72.3,178.24,142.69,90.29
"2008.03",75.26,196.85,154.54,133.99,102.77,104.08,92.2,0,113.76,73.13,191.61,142.69,95.94
"2008.04",79.88,185.36,156.99,126.71,105.19,103.55,95.27,0,111.54,70.34,204.63,142.08,95.94
"2008.05",84.77,172.38,157.63,129.75,106,99.85,104.43,0,106.36,70.34,235.61,140.49,95.94
"2008.06",84.77,151.9,158.34,147.46,100.99,100.56,108.5,0,101.62,71.41,252.3,138.36,95.94
"2008.07",84.77,128.87,161.07,152.61,96.6,103.8,112.42,0,98,71.41,259.91,138.82,99.24
"2008.08",84.77,131.68,155.66,132.84,98.26,94.81,112.74,0,80.63,71.41,223.02,136.02,108.42
"2008.09",84.77,118.98,153.64,124.84,98.41,95.68,110.63,0,92.41,71.41,189.77,136.02,97.27
"2008.10",84.77,98.62,134.22,98.69,101.04,90.62,106.68,0,90.12,68.77,133.85,136.02,96.71
"2008.11",104.25,96.24,129.06,91.57,97.5,85.44,99.41,0,87.21,67.12,98.59,134.93,96.53
"2008.12",103.97,95.5,126.89,82.58,90.47,80.72,96.99,0,92.35,71.17,80.37,111.55,91.78
"2009.01",111.91,99.34,118.18,89.64,94.24,76.71,95.33,0,96.01,71.17,87.24,80.99,90.2
"2009.02",125.64,94.19,119.08,87.4,88.9,71.28,92.31,0,91.94,71.56,85.33,80.99,88.72
"2009.03",125.05,93.13,120.43,81.87,95.57,71.31,90.75,0,89.69,75.31,90.09,80.99,88.47
"2009.04",125.79,92.14,120.82,93.3,105.04,69.59,89.92,0,87.78,82.22,98.68,78.62,88.1
"2009.05",125.85,97.65,123.93,103.23,104.75,75.22,91.24,0,88.91,84.71,114.22,78.02,86.18
"2009.06",125.8,96.99,126.07,113.73,106.17,79.7,89.98,0,91.99,84.71,136.7,80.38,86.18
"2009.07",125.8,86.77,121.18,107.39,102.71,80.82,87.21,0,93.68,80.56,128.17,80.38,86.29
"2009.08",125.8,81.94,119.38,112.12,100.59,81.32,85.81,0,97.2,80.89,140.84,80.38,86.29
"2009.09",125.8,76.13,117.41,100.38,100.97,87.33,87.42,0,94.85,80.62,133.79,80.38,83.91
"2009.10",125.8,79.26,123.07,97.85,106.12,93.01,89.47,0,94.62,80.89,144.32,82.75,83.79
"2009.11",125.8,84.29,126.31,105.49,92.89,91.19,87.35,0,94.13,81.66,153.17,82.75,85.47
"2009.12",107.97,82.95,128.54,106.31,83.61,90.51,87.67,0,99.2,87.96,148.71,99.33,86.13
"2010.01",107.59,81.97,125.86,99.63,93.17,90.38,88.54,0,97.46,85.46,151.4,112.01,87.8
"2010.02",99.94,81.17,124.17,93.05,94.63,92.25,91.4,0,98.37,85.46,145.31,109.29,88.94
"2010.03",97.92,80.18,125.02,93.67,109.07,93.55,95.09,0,100.4,91.49,152.74,106.15,87.8
"2010.04",98.79,80.9,123.92,94.36,114.51,94.93,95.34,0,102.11,92.63,164.8,106.64,91.69
"2010.05",97.95,79.12,124.23,93.9,109.84,96.15,93.76,0,104.12,95.29,151.56,112.95,94.01
"2010.06",101.74,76.43,124.81,94.37,106.91,93.25,91.69,0,100.92,96.28,145.91,112.95,93.47
"2010.07",99.98,83.42,126.61,95.57,102.69,90.06,91.87,0,102.53,96.28,142.93,108.69,93.83
"2010.08",99.37,107.19,140.57,104.48,104.92,91.01,90.78,0,106.92,96.28,146.35,109.75,94.37
"2010.09",99.37,119.15,143.85,108.21,105.86,96.06,93.32,0,106.94,96.28,148.29,111.84,90.25
"2010.10",99.37,118.88,163.27,117.95,100.25,96.06,92.4,0,104.7,96.35,158.25,110.81,90.03
"2010.11",99.37,121.93,155.62,118.51,93.34,101.56,93.17,0,107.22,96.35,164.8,110.81,89.95
"2010.12",100.41,135.43,158.73,122.36,95.11,109.05,95.15,0,112.9,99.23,175.36,110.81,89.73
"2011.01",97.69,141.61,162.54,129.38,99.66,120.69,100.73,0,111.99,99.23,182.38,116.54,89.95
"2011.02",97.69,148.79,173.67,129.38,98.44,113.17,100.73,0,114.38,99.23,197.81,116.54,89.95
"2011.03",99.14,145.5,175.87,125.21,100.94,102.55,104.07,0,116.87,110.48,214.12,116.54,91
"2011.04",95.75,148.83,183.25,125.9,104.43,99.99,103.07,0,124.47,108.21,228.85,116.54,91.44
"2011.05",101.67,146.81,173.69,125.77,103.54,99.3,104.46,0,121.34,110.82,213.59,116.54,93.97
"2011.06",101.61,139.02,180.6,125.77,96.91,94.84,107.41,0,124.75,110.82,212.01,113.82,94.69
"2011.07",101.58,134.5,170.92,127.4,89.31,93.05,114.29,0,121.1,108.21,217.1,113.82,95.79
"2011.08",101.61,133.74,177.4,127.05,85.95,90.73,114.66,0,136.21,108.21,207.45,113.82,97.31
"2011.09",100.28,128.81,172.7,122.56,92.94,96.11,114.65,0,131.83,108.21,209.21,113.82,103.16
"2011.10",104.76,121.09,169.19,114.33,99.45,95.16,115.03,0,123.69,108.21,205.17,110.79,105.98
"2011.11",108,115.44,167.67,112.75,102.78,95.16,114.65,0,123.18,100.39,213.95,110.79,107.75
"2011.12",103.55,110.43,150.02,108.99,99.07,93.38,113.83,0,124.27,96.35,209.56,110.79,111.11
"2012.01",103.92,110.93,158.28,112.99,89.88,91.7,113.83,0,123.57,96.35,217.03,106.92,118.99
"2012.02",102.34,115.61,161.9,119.08,93.81,91,114.31,0,122.32,95.11,229.58,106.92,119.31
"2012.03",102.13,115.95,160.99,124.29,100.5,90.68,112.95,0,125.02,99.68,241.68,106.92,119.31
"2012.04",102.13,113.09,161.36,131.76,99.52,92.08,112.33,0,128.55,98.96,231.22,104.35,119.74
"2012.05",95.36,111.79,150.5,129.99,97.88,92.19,111.94,0,114.24,98.68,211.42,104.35,119.44
"2012.06",95.36,112.59,146.41,130.93,95.69,89.07,104.78,0,116.81,90.35,186,104.35,119.6
"2012.07",95.75,133.16,146.41,143.1,87.07,88.88,106.52,0,121.65,89.12,195.47,104.35,119.6
"2012.08",95.75,134.64,161.45,157.63,83.33,90.82,105.82,0,125.06,88.52,214.16,104.35,113.41
"2012.09",94.68,136.61,158.56,155.18,87.19,93.5,109.87,0,124.47,88.52,219.12,104.35,114.47
"2012.10",94.68,137.57,160.05,151.17,86.5,95.16,108.68,0,124.22,87.86,214.56,104.35,114.47
"2012.11",97.82,137.87,167.77,143.93,86.02,94.28,110.23,0,118.23,84.88,211.3,104.35,114.47
"2012.12",97.82,133.11,162.79,145.45,92.1,94.97,108.3,0,119.01,85.51,209.48,104.35,114.47
"2013.01",102.98,131.56,161.55,141.41,93.98,97.01,106.37,0,110.67,86.8,212.61,103.53,114.47
"2013.02",102.98,130.27,158.98,142.84,91.24,94.38,105.36,0,108.12,86.8,218.83,103.53,114.47
"2013.03",102.24,128.14,155.41,136.94,95.66,97.57,103.93,0,115.99,88.63,207.91,107.37,110.51
"2013.04",103.9,126.07,148.85,133.28,97.3,99.08,103.93,0,139.17,89.38,200.29,116.78,105.55
"2013.05",103.9,125.32,146.63,142.53,102.35,99.55,103.1,0,110.51,89.23,197.8,117.82,105.55
"2013.06",102.13,122.91,140.7,144.78,96.76,98.52,101.05,0,109.95,88.91,197.46,114.7,105.07
"2013.07",102.87,117.95,129.99,140.06,97.33,99.71,101.67,0,110.45,92.03,203.91,112.13,105.07
"2013.08",101.51,117.71,130,136.91,95.39,101.28,101.42,0,109.83,92.64,211.05,115.21,105.07
"2013.09",99.72,117.39,128.58,139.35,92.27,101.96,102.77,0,108.59,92.85,213.21,115.21,105.07
"2013.10",91.66,117.43,127.75,135.65,93.36,102.88,102.77,0,113.52,94.3,209.08,116.8,99.99
"2013.11",97.28,114.04,127.21,135.44,97.54,101.67,105.32,0,109.81,94.65,208.22,118.34,99.5
"2013.12",97.3,112.33,126.05,137.5,97.04,100.74,105.32,0,88.31,94.65,212.15,124.23,99.24
"2014.01",97.3,112.91,128.19,134.54,96.65,99.5,108.02,0,87.6,95.02,204.86,132.48,98.65
"2014.02",97.3,116.96,130.52,138.56,101.05,99.32,108.19,0,105.01,95.02,206.77,134.46,96.31
"2014.03",97.3,121.56,136.43,143.08,103.45,101.27,118.86,0,109.33,100.59,205.56,134.46,97.52
"2014.04",97.3,120.79,135.89,146.38,110.17,101.7,125.59,0,111.08,107.7,206.08,132.03,98.63
"2014.05",99.16,120.22,132.98,146.03,110.12,101.84,127.6,0,109.36,108.75,208.03,125.29,98.63
"2014.06",100.93,113.69,131.45,142.26,109.55,102.7,128.87,0,100.96,109.26,212.58,123.81,99.02
"2014.07",100.93,111.09,130.04,132.69,107.92,106.9,128.92,0,101.87,108.73,209.02,119.09,98.62
"2014.08",100.93,110.92,119.68,128.13,104.51,110.06,128.61,0,108.14,107.99,200.77,120.49,99.47
"2014.09",102.71,116.28,114.18,116.44,103.3,111.95,124.94,0,105.9,109.33,190.34,120.49,100.09
"2014.10",103.86,116.43,118.31,114.51,103.3,112.27,123.19,0,103.06,107.34,171,116.28,100.62
"2014.11",103.86,116.4,115.83,115.02,102.05,110.7,122.07,0,97.44,102.21,151.83,110.82,100.13
"2014.12",105.38,118.53,114.6,112.83,100.22,109.07,119.28,0,101.08,102.21,118.64,108.12,100.13
"2015.01",101.71,111.69,106.93,109.16,102.59,108.86,114.28,0,91.74,104.63,90.15,106.48,100.25
"2015.02",100.09,107.98,106.04,101.99,104.05,103.02,108.13,0,89.09,104.61,109.69,105.29,100.25
"2015.03",100.46,107.16,102.1,101.1,103.5,104.31,105.63,0,96.59,103.65,107.72,106.92,100.25
"2015.04",100.46,104.53,101.55,102.88,103.56,102.61,101.52,0,98.76,104.96,113.69,101.78,99.72
"2015.05",99.75,97.03,99.72,99.63,101.13,102.58,97.81,0,96.21,102.86,124.13,102.21,100.11
"2015.06",99.75,98.61,103.2,100.61,99.47,98.53,96.92,0,94.21,103.39,119.84,102.21,100.11
"2015.07",100.33,99.75,97.84,103.21,99.85,96.41,94.6,0,96.56,100.18,109.54,95.83,100.11
"2015.08",100.33,95.26,96.79,100.48,99.28,97.99,96.26,0,105.6,98.36,94.08,94.19,100.11
"2015.09",100.33,94.36,99.11,96.47,98.34,97.17,98.06,0,113.13,96.42,90.15,92.71,99.86
"2015.10",100.33,96.04,96.92,96.7,95.48,97.3,97.42,0,105.68,96.35,90.26,96.78,99.74
"2015.11",100.33,94.54,97.01,94.43,97.52,95.96,95.52,0,109.4,91.38,81.96,98.79,99.74
"2015.12",96.16,93.04,92.78,93.35,95.22,95.26,93.85,0,103.02,93.23,68.78,96.82,99.74
"2016.01",96.16,93.18,93.7,91.99,96.36,90.9,93.92,0,102.94,96.65,52.91,95.81,99.37
"2016.02",96.23,90.97,92.66,91.37,93.16,92.32,93.93,0,105.16,96.2,56.86,96.32,99.37
"2016.03",93.61,90.15,90.15,88.14,96.82,89.21,98.63,0,108.25,92.93,69.41,96.32,99.37
"2016.04",93.61,90.64,92.33,92.3,96.34,88.14,104.77,0,117.31,95.65,76.8,96.32,99.74
"2016.05",90.42,89.83,97.04,97.07,96.17,87.06,112.35,0,118.35,98.85,87.18,96.58,99.74
"2016.06",90.34,89.27,102.37,100.24,95.61,88.81,116.18,0,117.18,101,91.2,96.61,108.37
"2016.07",91.15,87.97,96.85,101.54,95.77,89.5,115.06,0,115.82,100.11,83.76,97.61,108.37
"2016.08",91.15,88.75,97.28,98.73,97.54,89.85,122.07,0,130.47,98.82,85.95,105.15,108.37
"2016.09",90.3,88.04,97.53,101.39,98.68,90.18,130.43,0,116.82,101.1,85.35,109.52,108.37
"2016.10",90.3,87.7,96.92,100.78,96.73,90.8,133.8,0,127.49,100.98,96.45,116.67,108.37
"2016.11",90.3,86.91,96.33,101.7,101.65,87.99,132.54,0,116.33,102.1,86.47,116.95,108.37
"2016.12",89.8,86.91,94.3,101.89,99.82,87.8,127.54,0,107.73,105.18,102.58,116.14,106.57
"2017.01",89.8,88.88,95.78,102.88,99.45,86.86,124.16,0,111.67,105.47,105.8,117.92,104.51
"2017.02",89.8,90.25,97.98,101,95.28,84.79,123.14,0,112.82,106.02,107.14,114.25,104.51
"2017.03",90.64,88.43,97.38,98.45,95.87,85.73,125.72,0,118.32,106.61,100.84,109.94,104.51
"2017.04",90.64,85.63,94.68,95.08,98.8,81.58,130.19,0,121.39,105.7,103.01,109.42,102.26
"2017.05",89.4,85.61,94.09,95.23,97.62,81.91,133.27,0,103.36,104.48,99.9,112.15,100.54
"2017.06",89.4,88.47,92.77,93.09,98.67,82.16,131.41,0,109.71,102.87,91.54,111.55,100.54
"2017.07",89.4,99.52,94.17,97.94,97.75,81.71,129.06,0,105.85,100.92,93.69,112.06,100.54
"2017.08",89.05,91.98,94.69,95.86,99.73,85.49,120.46,0,106.59,99.05,98.91,111.08,100.54
"2017.09",89.05,92.43,94.9,95.51,97.11,86.14,118.81,0,100.56,99.64,105.69,111.08,100.54
"2017.10",89.05,91.33,94.68,98.5,96.32,87.49,122.21,0,104.54,99.82,109.38,111.35,101.46
"2017.11",95.76,90.18,95.36,97.79,106.88,86.2,122.59,0,106.32,99.82,119.79,110.48,103.78
"2017.12",96.45,89.38,96.33,96.88,108.1,85.72,122.66,100,113.3,100.42,121.35,98.26,103.78
"2018.01",96.45,90.89,98.98,96.21,109.99,88.6,123.18,101.33,107.06,100.42,130.39,102.75,106.27
"2018.02",96.45,93.33,102.13,99.14,111.17,90.7,123.54,103.64,107.47,101.69,123.53,103.02,106.27
"2018.03",96.45,94.69,109.07,104.56,108.4,88.35,123.2,107.19,111.42,101.69,123.57,104.42,106.27
"2018.04",96.45,95.69,109.15,106.41,119.09,88.13,123.35,106.92,113.14,102.44,134.47,105.91,105.75
"2018.05",94.83,97.25,108.75,105.43,114.08,90.34,123.11,108.5,105.75,104.91,146.57,108.45,106.5
"2018.06",94.83,95.45,108.26,100.06,111.35,90.4,121.11,120.14,97.18,108.4,144.99,108.45,106.85
"2018.07",96.55,95.47,108.95,85.24,103.93,91.39,114.25,129.69,84.18,107.02,144.02,107.1,106.85
"2018.08",97.21,97.17,106.85,86.15,105.95,92.1,113.82,126.84,83.71,107.55,142.78,107.38,114.34
"2018.09",97.21,94.84,106.34,84.86,104.78,93.55,117.85,108.84,76.98,102.76,152.11,107.22,114.34
"2018.10",97.21,95.26,105.62,87.1,103.44,94.59,118.02,108.18,79.28,104.06,156.37,102.59,117.32
"2018.11",97.21,95.4,106.25,85.56,104.94,96.74,115.04,105.75,87.48,102.24,129.13,96.85,117.32
"2018.12",96.49,95.04,105.85,84.07,103.24,96.46,113.52,100,92.99,101.36,112.9,97.35,117.32
"2019.01",96.99,94.9,106.65,83.64,99.96,96.46,112.23,109.97,92.37,99.27,116.39,96.77,116.04
"2019.02",96.99,94.75,103.43,81.41,99.9,97.66,112.36,113.94,88.53,99.27,127.22,106.19,116.04
"2019.03",96.99,93.24,100.8,80.52,103.03,98.3,126.87,118.68,92.49,100.41,131.84,104.68,116.04
"2019.04",96.99,91.16,100.94,79.86,105.35,99.83,132.76,126.21,86.05,100.41,139.73,104.68,116.04
"2019.05",96.99,90.25,107.04,77.76,113.17,99.9,133.9,129.5,82.85,99.79,136.65,104.68,116.04
"2019.06",98.79,92.55,109.44,84.24,108.8,101.22,131.14,129.5,87.14,99.79,121.68,104.68,117.45
"2019.07",98.79,91.11,107.49,83.86,103.85,99.02,125.8,125.4,86,99.79,124.64,102.61,117.84
"2019.08",98.79,87.84,103.02,83.62,106.71,99.61,123.27,114.14,92.61,105.7,116.47,104.54,116.28
"2019.09",99.09,88.14,104.06,85.19,105.22,97.69,133.95,99.78,91.36,112.95,120.41,104.54,118.41
"2019.10",97.25,93.17,104.41,88.14,98.89,99.36,138.63,100.94,85.28,112.95,116.98,105.06,119.36
"2019.11",96.87,94.03,104.22,86.33,102.21,108.04,138.78,104.04,85.89,114.05,122.1,105.06,119.98
"2019.12",96.49,95.47,106.31,85.84,99.31,100.54,136.14,105.1,88.89,114.05,127.85,106.35,119.36
"2020.01",96.84,97.3,106.87,85.68,98.28,97.8,133.04,111.43,92.13,114.05,126.69,107.48,120.21
"2020.02",96.84,95.79,104.81,83.26,95.35,98.06,126.43,109.17,82.69,114.05,106.82,109.52,118.15
"2020.03",98.26,94.73,98.71,82.22,95.92,98.47,130.61,95.33,84.15,114.73,66.39,109.52,116.35
"2020.04",98.26,94.89,95.53,80.15,98.52,96.23,125.66,94.67,80.97,113.62,40.16,105.95,116.19
"2020.05",98.26,94.06,97.94,79.99,105.19,97.55,123.64,92.7,85.74,114.95,60.01,103.16,116.64
"2020.06",98.62,92.31,99.59,83.25,105.94,91.1,126.77,90.7,96.79,111.71,80.37,99.1,116.16
"2020.07",98.62,93.24,102.91,86.11,99.76,89.03,123.27,85.04,94.13,111.71,85.29,101.08,116.94
"2020.08",98.62,94.31,103.94,89.41,99.88,89.12,122.87,74.28,89.43,110.41,86.67,99.01,115.21
"2020.09",101.67,98.06,115.64,97.29,103.07,91.33,133.14,72.71,82.93,110.41,81.76,99.54,115.62
"2020.10",101.67,105.26,124.1,102.68,98.55,92.38,142.52,79.75,87.4,103.32,80.11,99.54,118
"2020.11",101.67,104.56,125.19,106.72,99.58,97.89,135.87,81,89.34,96.42,85.52,99.54,120.02
"2020.12",101,103.5,128.92,108.38,104.18,96.04,134.97,81,90.51,96.42,98.16,102.55,118.81
"2021.01",101,109.15,138.38,113.97,108.84,98.3,138.05,84.16,90.2,98.32,107.97,103.02,118.62
"2021.02",104.05,110.09,148.57,114.61,103.09,103.37,142.07,88.42,88.44,98.32,119.92,102.55,116.53
"2021.03",104.11,106.76,151.21,117.09,104.96,100.62,150.92,97.62,85.67,98.32,126.91,102.55,114.58
"2021.04",109.94,108.1,156.65,128.69,106.6,106.09,158.56,105.88,86.48,98.32,123.92,117.6,117.6
"2021.05",111.65,114.76,161.94,132.98,110.53,108.75,158.01,103.2,89.37,99.71,130.66,117.6,117.3
"2021.06",111.65,119.8,157.37,131.2,107.06,108.69,155.57,99.18,86.34,99.71,141.02,117.6,117.46
"2021.07",111.65,126.58,161.45,129.33,107.25,109.96,151.36,99.18,88.46,97.14,143.64,119.79,115.93
"2021.08",111.65,142.1,163.75,126.83,108.24,111.58,150.86,106.53,87.58,97.14,136.88,118.15,115.77
"2021.09",113.52,149.16,164.46,124,109.41,112.04,148.75,124.58,95.44,97.09,143.05,120.63,118.61
"2021.10",113.52,149.16,166.87,124,108.76,113.43,149.68,136.89,84.6,94.91,160.73,124.06,118.1
