"기간","곡류","맥류및잡곡","콩류","과실","도축육","가금육","신선어류","냉동수산물","낙농품","수산물가공품","원당","유지","과실및채소가공품","인삼및건강보조식품"
"1971.01",0,40,30.64,0,0,0,0,0,0,0,23.51,23.17,0,0
"1971.02",0,40.19,30.64,0,0,0,0,0,0,0,23.51,22.79,0,0
"1971.03",0,40.65,30.91,0,0,0,0,0,0,0,23.51,21.85,0,0
"1971.04",0,40.65,30.91,0,0,0,0,0,0,0,23.51,22.42,0,0
"1971.05",0,41.59,30.91,0,0,0,0,0,0,0,23.51,22.51,0,0
"1971.06",0,40.24,30.91,0,0,0,0,0,0,0,25.33,22.7,0,0
"1971.07",0,40.27,30.91,0,0,0,0,0,0,0,25.33,22.23,0,0
"1971.08",0,39.72,30.91,0,0,0,0,0,0,0,25.33,21.57,0,0
"1971.09",0,40.1,30.91,0,0,0,0,0,0,0,25.33,21.76,0,0
"1971.10",0,40.1,30.58,0,0,0,0,0,0,0,25.33,21.47,0,0
"1971.11",0,40.1,30.58,0,0,0,0,0,0,0,25.33,21.1,0,0
"1971.12",0,40.1,30.58,0,0,0,0,0,0,0,25.03,21,0,0
"1972.01",0,41.39,30.58,0,0,0,0,0,0,0,42.92,19.87,0,0
"1972.02",0,41.51,30.58,0,0,0,0,0,0,0,42.92,20.15,0,0
"1972.03",0,39.78,29.16,0,0,0,0,0,0,0,42.92,19.77,0,0
"1972.04",0,39.78,29.16,0,0,0,0,0,0,0,42.92,18.64,0,0
"1972.05",0,39.78,29.16,0,0,0,0,0,0,0,42.92,18.36,0,0
"1972.06",0,40.32,29.16,0,0,0,0,0,0,0,37.92,19.02,0,0
"1972.07",0,40.21,29.16,0,0,0,0,0,0,0,37.92,19.11,0,0
"1972.08",0,40.18,29.16,0,0,0,0,0,0,0,37.92,18.83,0,0
"1972.09",0,39.92,33.2,0,0,0,0,0,0,0,37.92,20.06,0,0
"1972.10",0,39.81,33.2,0,0,0,0,0,0,0,37.92,20.72,0,0
"1972.11",0,41.57,33.2,0,0,0,0,0,0,0,37.92,21.1,0,0
"1972.12",0,41.28,32.53,0,0,0,0,0,0,0,37.01,21.85,0,0
"1973.01",0,41.42,32.53,0,0,0,0,0,0,0,36.4,21.85,0,0
"1973.02",0,43.07,32.53,0,0,0,0,0,0,0,36.86,21.94,0,0
"1973.03",0,45.62,52.6,0,0,0,0,0,0,0,39.89,26.24,0,0
"1973.04",0,46.04,52.6,0,0,0,0,0,0,0,39.74,28.03,0,0
"1973.05",0,47.88,52.6,0,0,0,0,0,0,0,42.32,34.73,0,0
"1973.06",0,56.63,57.05,0,0,0,0,0,0,0,42.32,42.76,0,0
"1973.07",0,63.73,57.05,0,0,0,0,0,0,0,42.32,45.82,0,0
"1973.08",0,66.3,57.05,0,0,0,0,0,0,0,48.54,56.07,0,0
"1973.09",0,68.15,57.05,0,0,0,0,0,0,0,48.54,43.61,0,0
"1973.10",0,80.79,57.05,0,0,0,0,0,0,0,52.33,42,0,0
"1973.11",0,81.51,69.44,0,0,0,0,0,0,0,55.21,40.87,0,0
"1973.12",0,86.81,69.44,0,0,0,0,0,0,0,63.4,42.66,0,0
"1974.01",0,85.06,69.44,0,0,0,0,0,0,0,86.3,47.1,0,0
"1974.02",0,86.01,69.44,0,0,0,0,0,0,0,83.42,53.75,0,0
"1974.03",0,82.95,69.44,0,0,0,0,0,0,0,102.69,57.39,0,0
"1974.04",0,82.07,69.44,0,0,0,0,0,0,0,108.45,54.74,0,0
"1974.05",0,83.6,69.44,0,0,0,0,0,0,0,109.51,52.76,0,0
"1974.06",0,87.93,69.44,0,0,0,0,0,0,0,124.83,46.58,0,0
"1974.07",0,87.54,58.12,0,0,0,0,0,0,0,130.9,46.77,0,0
"1974.08",0,81.22,58.12,0,0,0,0,0,0,0,173.82,46.58,0,0
"1974.09",0,82.97,58.12,0,0,0,0,0,0,0,204.61,43.04,0,0
"1974.10",0,87.34,72.47,0,0,0,0,0,0,0,245.57,43.98,0,0
"1974.11",0,86.5,72.47,0,0,0,0,0,0,0,225.09,39.83,0,0
"1974.12",0,86.55,72.47,0,0,0,0,0,0,0,225.09,33.74,0,0
"1975.01",0,86.62,72.46,0,0,0,0,12.27,0,0,229.47,32.71,0,0
"1975.02",0,86.67,72.46,0,0,0,0,12.27,0,0,229.47,31.68,0,0
"1975.03",0,74.5,72.46,0,0,0,0,12.27,0,0,229.47,31.57,0,0
"1975.04",0,60.75,72.46,0,0,0,0,12.27,0,0,191.91,36.83,0,0
"1975.05",0,58.73,72.46,0,0,0,0,12.27,0,0,137.96,37.2,0,0
"1975.06",0,52.87,48.91,0,0,0,0,12.27,0,0,137.96,36.91,0,0
"1975.07",0,55.6,48.91,0,0,0,0,12.27,0,0,114.1,38.19,0,0
"1975.08",0,59.65,37.17,0,0,0,0,12.27,0,0,110.85,41.17,0,0
"1975.09",0,66.57,48.91,0,0,0,0,12.27,0,0,100.12,41.17,0,0
"1975.10",0,66.33,48.91,0,0,0,0,12.27,0,0,70.89,38.05,0,0
"1975.11",0,65.75,48.91,0,0,0,0,12.27,0,0,70.89,38.05,0,0
"1975.12",0,60.5,48.91,0,0,0,0,12.27,0,0,70.89,38.05,0,0
"1976.01",0,59.72,48.91,0,0,0,0,14.46,0,0,73.01,38.05,0,0
"1976.02",0,56.93,48.91,0,0,0,0,14.46,0,0,73.01,38.05,0,0
"1976.03",0,57.06,47.97,0,0,0,0,14.46,0,0,73.01,38.05,0,0
"1976.04",0,57.71,46.04,0,0,0,0,14.46,0,0,73.01,38.05,0,0
"1976.05",0,57.06,46.86,0,0,0,0,14.46,0,0,73.01,37.31,0,0
"1976.06",0,57.12,36.7,0,0,0,0,14.46,0,0,73.01,36.94,0,0
"1976.07",0,58.14,56.66,0,0,0,0,14.46,0,0,73.01,38.3,0,0
"1976.08",0,57.74,60.77,0,0,0,0,14.46,0,0,76.11,41.47,0,0
"1976.09",0,57.73,66.65,0,0,0,0,14.46,0,0,76.11,41.47,0,0
"1976.10",0,56.44,65,0,0,0,0,14.46,0,0,76.11,38.82,0,0
"1976.11",0,54.71,60.48,0,0,0,0,14.46,0,0,76.11,38.82,0,0
"1976.12",0,53.85,61.13,0,0,0,0,14.46,0,0,76.11,38.82,0,0
"1977.01",0,53.6,61.77,0,0,0,0,14.46,0,0,76.11,39.44,0,0
"1977.02",0,53.96,65.12,0,0,0,0,14.46,0,0,61.57,39.74,0,0
"1977.03",0,53.96,74.1,0,0,0,0,14.46,0,0,54.23,39.74,0,0
"1977.04",0,53.96,87.55,0,0,0,0,14.46,0,0,54.23,44.19,0,0
"1977.05",0,52.71,92.25,0,0,0,0,14.46,0,0,54.23,45.66,0,0
"1977.06",0,52.47,92.25,0,0,0,0,14.46,0,0,54.23,48.64,0,0
"1977.07",0,47.6,80.56,0,0,0,0,14.46,0,0,54.23,45.29,0,0
"1977.08",0,47.6,80.56,0,0,0,0,17,0,0,54.23,45.29,0,0
"1977.09",0,45.97,51.03,0,0,0,0,17,0,0,54.23,41.25,0,0
"1977.10",0,40.67,49.74,0,0,0,0,17,0,0,54.23,41.25,0,0
"1977.11",0,41.28,49.74,0,0,0,0,17,0,0,54.23,41.25,0,0
"1977.12",0,44.49,55.31,0,0,0,0,17,0,0,54.23,38.41,0,0
"1978.01",0,46.4,55.31,0,0,0,0,17,0,0,54.23,40.77,0,0
"1978.02",0,48.59,53.49,0,0,0,0,17,0,0,54.23,40.77,0,0
"1978.03",0,48.81,53.49,0,0,0,0,17,0,0,54.23,40.77,0,0
"1978.04",0,52.03,53.49,0,0,0,0,31.46,0,0,54.23,40.77,0,0
"1978.05",0,53.12,53.49,0,0,0,0,34.61,0,0,54.23,43.9,0,0
"1978.06",0,53.12,53.49,0,0,0,0,34.61,0,0,54.23,48.86,0,0
"1978.07",0,53.05,64.88,0,0,0,0,34.61,0,0,54.79,48.86,0,0
"1978.08",0,50.75,57.43,0,0,0,0,34.61,0,0,54.79,48.86,0,0
"1978.09",0,50.75,59.48,0,0,0,0,34.61,0,0,56.34,48.86,0,0
"1978.10",0,52.82,63.71,0,0,0,0,34.61,0,0,56.34,48.86,0,0
"1978.11",0,54.51,62.3,0,0,0,0,34.61,0,0,58.46,56.22,0,0
"1978.12",0,54.26,63.3,0,0,0,0,34.61,0,0,58.46,56.22,0,0
"1979.01",0,55.23,63.3,0,0,0,0,34.61,0,0,58.46,57.14,0,0
"1979.02",0,55.23,66.06,0,0,0,0,34.61,0,0,58.46,57.14,0,0
"1979.03",0,55.23,70.29,0,0,0,0,34.61,0,0,58.46,61.67,0,0
"1979.04",0,55.23,70.29,0,0,0,0,34.61,0,0,58.46,67,0,0
"1979.05",0,56.83,70.29,0,0,0,0,38.07,0,0,58.46,67,0,0
"1979.06",0,60.55,70.29,0,0,0,0,38.07,0,0,58.46,67,0,0
"1979.07",0,72.31,73.69,0,0,0,0,38.07,0,0,58.46,61.59,0,0
"1979.08",0,68.56,73.69,0,0,0,0,38.07,0,0,62.56,61.59,0,0
"1979.09",0,65.22,73.69,0,0,0,0,38.07,0,0,62.56,61.59,0,0
"1979.10",0,65.22,73.69,0,0,0,0,38.07,0,0,66.37,61.59,0,0
"1979.11",0,65.85,67.88,0,0,0,0,38.07,0,0,74.7,59.61,0,0
"1979.12",0,67.49,67.88,0,0,0,0,38.07,0,0,81.34,59.61,0,0
"1980.01",0,66.62,63.58,0,29.5,0,0,29.09,0,0,84.7,59.61,0,0
"1980.02",0,66.62,63.58,0,26.57,0,0,29.09,0,0,99.41,59.4,0,0
"1980.03",0,65.8,65.68,0,26.57,0,0,29.09,0,0,99.41,58.66,0,0
"1980.04",0,63.01,62.67,0,26.57,0,0,28.99,0,0,117.98,50.55,0,0
"1980.05",0,62.27,62.67,0,26.57,0,0,30.01,0,0,161.4,50.36,0,0
"1980.06",0,63.82,61.97,0,26.57,0,0,28.04,0,0,161.4,50.34,0,0
"1980.07",0,68.28,66.03,0,26.57,0,0,36.68,0,0,143.55,50.47,0,0
"1980.08",0,72.6,72.74,0,26.57,0,0,36.68,0,0,153.41,49.96,0,0
"1980.09",0,74.2,76.1,0,27.97,0,0,36.68,0,0,164.26,49.41,0,0
"1980.10",0,74.33,79.46,0,32.08,0,0,36.68,0,0,171.69,49.23,0,0
"1980.11",0,80.67,82.46,0,33.52,0,0,36.68,0,0,178.4,49.88,0,0
"1980.12",0,77.53,82.46,0,33.52,0,0,36.68,0,0,178.4,50.97,0,0
"1981.01",0,77.53,82.46,0,33.52,0,0,36.68,0,0,173.4,48.87,0,0
"1981.02",0,77.53,82.46,0,33.52,0,0,36.68,0,0,173.4,49.73,0,0
"1981.03",0,73.98,82.46,0,33.66,0,0,36.68,0,0,159.98,49.21,0,0
"1981.04",0,74.75,75.47,0,33.66,0,0,34.05,0,0,151.12,49.21,0,0
"1981.05",0,72.83,74.98,0,33.96,0,0,34.05,0,0,128.27,49.61,0,0
"1981.06",0,68.16,74.98,0,29.91,0,0,34.05,0,0,128.27,52.47,0,0
"1981.07",0,65.21,72.74,0,29.6,0,0,34.05,0,0,128.27,51.46,0,0
"1981.08",0,66.3,72.74,0,29.51,0,0,33.36,0,0,113.55,48.66,0,0
"1981.09",0,62.9,72.74,0,29.17,0,0,33.69,0,0,108.56,50.12,0,0
"1981.10",0,62.4,66.8,0,29.17,0,0,32.67,0,0,108.56,52.13,0,0
"1981.11",0,60.23,63.93,0,30.05,0,0,32.67,0,0,108.56,50.14,0,0
"1981.12",0,58.28,63.93,0,30.05,0,0,32.67,0,0,108.56,49,0,0
"1982.01",0,59.55,66.8,0,31.11,0,0,32.67,0,0,108.56,49,0,0
"1982.02",0,59.14,66.8,0,31.27,0,0,32.67,0,0,108.56,45.58,0,0
"1982.03",0,58.66,66.8,0,31.27,0,0,32.67,0,0,102.56,46.17,0,0
"1982.04",0,60.21,62.6,0,31.27,0,0,32.67,0,0,102.56,46.17,0,0
"1982.05",0,60.21,62.6,0,31.27,0,0,32.67,0,0,102.56,46.17,0,0
"1982.06",0,59.17,60.92,0,31.27,0,0,32.67,0,0,93.84,46.17,0,0
"1982.07",0,58.25,58.96,0,31.11,0,0,32.67,0,0,93.84,46.17,0,0
"1982.08",0,55.93,56.66,0,31.02,0,0,32.67,0,0,93.84,43.6,0,0
"1982.09",0,56.24,56.66,0,31.23,0,0,32.67,0,0,85.27,43.6,0,0
"1982.10",0,56.24,52.95,0,31.41,0,0,32.67,0,0,85.27,43.6,0,0
"1982.11",0,56.36,54.28,0,31.41,0,0,32.67,0,0,85.27,43.6,0,0
"1982.12",0,56.33,54.28,0,31.41,0,0,32.67,0,0,85.27,40.08,0,0
"1983.01",0,56.76,54.28,0,31.41,0,0,32.67,0,0,85.27,40.08,0,0
"1983.02",0,58.44,56.52,0,31.41,0,0,32.67,0,0,85.27,39.22,0,0
"1983.03",0,59.2,56.52,0,31.41,0,0,32.67,0,0,85.27,39.22,0,0
"1983.04",0,65.81,59.1,0,31.75,0,0,34.64,0,0,85.27,42.95,0,0
"1983.05",0,66.08,60.43,0,31.75,0,0,34.64,0,0,85.27,43.18,0,0
"1983.06",0,64,60.43,0,31.75,0,0,34.64,0,0,85.27,42.84,0,0
"1983.07",0,65.11,60.43,0,39.3,0,0,34.64,0,0,87.7,41.71,0,0
"1983.08",0,66.5,62.67,0,39.3,0,0,34.64,0,0,87.7,49.2,0,0
"1983.09",0,68.97,74.98,0,38.61,0,0,34.64,0,0,87.7,54.52,0,0
"1983.10",0,68.97,77.22,0,41.44,0,0,34.64,0,0,87.7,53.33,0,0
"1983.11",0,68.6,74.28,0,43.15,0,0,34.64,0,0,87.7,52.02,0,0
"1983.12",0,66.52,74.14,0,44.31,0,0,34.64,0,0,85.27,51.22,0,0
"1984.01",0,65.66,79.04,0,47.72,0,0,34.64,0,0,80.42,54.4,0,0
"1984.02",0,63.98,70.92,0,47.72,0,0,36.16,0,0,80.42,56.69,0,0
"1984.03",0,66.14,71.9,0,49.45,0,0,35.47,0,0,64.42,65.92,0,0
"1984.04",0,67.6,70.85,0,51.85,0,0,35.17,0,0,64.42,63.54,0,0
"1984.05",0,67.07,70.85,0,55.15,0,0,35.17,0,0,64.42,71.66,0,0
"1984.06",0,66.37,74.91,0,54.57,0,0,35.17,0,0,60.85,68.94,0,0
"1984.07",0,64.62,74.91,0,54.71,0,0,35.17,0,0,59.56,58.84,0,0
"1984.08",0,64.12,68.83,0,54.71,0,0,35.17,0,0,58.99,57.77,0,0
"1984.09",0,64.08,64,0,54.28,0,0,35.17,0,0,58.99,54.24,0,0
"1984.10",0,61.59,60.43,0,51.73,0,0,35.17,0,0,59.56,54.24,0,0
"1984.11",0,60.03,57.21,0,50,0,0,35.17,0,0,59.56,59.12,0,0
"1984.12",0,59.41,56.31,0,47.17,0,0,35.17,0,0,56.85,53.95,0,0
"1985.01",0,60.45,55.08,0,45.84,0,0,35.05,0,0,56.56,55.56,0,0
"1985.02",0,59.4,56.66,0,41.45,0,0,34.73,0,0,56.56,51.56,0,0
"1985.03",0,59.78,56.66,0,39.57,0,0,34.73,0,0,56.56,50.93,0,0
"1985.04",0,60.14,59.65,0,42.73,0,0,34.73,0,0,52.29,59.36,0,0
"1985.05",0,59.6,56.44,0,44.61,0,0,34.84,0,0,52.29,57.28,0,0
"1985.06",0,58.98,55.52,0,45.84,0,0,34.84,0,0,52.29,56.18,0,0
"1985.07",0,57.81,55.52,0,47.72,0,0,34.84,0,0,41.91,50.17,0,0
"1985.08",0,56.04,53.18,0,48.38,0,0,34.84,0,0,41.91,43.2,0,0
"1985.09",0,50.67,52.1,0,49,0,0,34.84,0,0,44.2,37.21,0,0
"1985.10",0,51.44,49.81,0,51.5,0,0,34.84,0,0,46.13,34.58,0,0
"1985.11",0,52.88,50.03,0,54.66,0,0,35.68,0,0,46.63,35.39,0,0
"1985.12",0,54.89,51.28,0,54.66,0,0,35.75,0,0,48.57,39.02,0,0
"1986.01",0,60.45,55.08,0,45.84,0,0,35.05,0,0,56.56,55.56,0,0
"1986.02",0,53.29,52.04,0,52.11,0,0,35.22,0,0,49.06,30.13,0,0
"1986.03",0,51.79,51.28,0,52.11,0,0,36.55,0,0,49.66,28.88,0,0
"1986.04",0,53.12,51.06,0,54.66,0,0,38.58,0,0,53.33,28.68,0,0
"1986.05",0,49.69,51.06,0,59.66,0,0,39.74,0,0,53.33,26.99,0,0
"1986.06",0,46.7,50.47,0,60.32,0,0,39.74,0,0,53.33,26.99,0,0
"1986.07",0,40.85,49.27,0,62.2,0,0,39.74,0,0,47.77,24.88,0,0
"1986.08",0,39.67,49.27,0,58.43,0,0,39.91,0,0,44.35,21.79,0,0
"1986.09",0,37.9,47.21,0,54.66,0,0,39.91,0,0,44.35,22.03,0,0
"1986.10",0,37.98,46.77,0,55.27,0,0,39.91,0,0,42.96,28.15,0,0
"1986.11",0,40.65,46.77,0,57.16,0,0,39.91,0,0,43.65,30.4,0,0
"1986.12",0,41.38,46.66,0,57.16,0,0,39.91,0,0,43.65,29.61,0,0
"1987.01",0,40.82,46.5,0,58.43,0,0,39.91,0,0,43.65,33.6,0,0
"1987.02",0,40.48,46.39,0,61.54,0,0,39.91,0,0,43.65,31.86,0,0
"1987.03",0,40.78,46.39,0,62.81,0,0,39.91,0,0,45.09,32.62,0,0
"1987.04",0,42.42,46.39,0,72.86,0,0,39.91,0,0,46.33,31.8,0,0
"1987.05",0,46.34,48.35,0,72.86,0,0,39.91,0,0,49.96,31.8,0,0
"1987.06",0,45.12,51.5,0,72.25,0,0,39.91,0,0,49.96,33.89,0,0
"1987.07",0,42.95,51.5,0,74.13,0,0,40.43,0,0,48.02,31.87,0,0
"1987.08",0,41.2,51.28,0,72.25,0,0,40.82,0,0,47.03,33.32,0,0
"1987.09",0,44.43,51.77,0,72.25,0,0,48.72,0,0,45.09,34.89,0,0
"1987.10",0,45.4,51.77,0,74.13,0,0,48.72,0,0,47.77,34.42,0,0
"1987.11",0,46.38,52.04,0,74.13,0,0,48.72,0,0,46.33,35.37,0,0
"1987.12",0,46.56,52.04,0,74.13,0,0,48.72,0,0,46.33,41.33,0,0
"1988.01",0,48.62,54.32,0,74.13,0,0,48.72,0,0,63.37,47.63,0,0
"1988.02",0,51.91,56.55,0,74.13,0,0,48.72,0,0,65.1,41.4,0,0
"1988.03",0,52.32,56.77,0,84.79,0,0,49.42,0,0,64.61,38.87,0,0
"1988.04",0,51.42,61.01,0,85.4,0,0,53.9,0,0,63.37,39.73,0,0
"1988.05",0,50.66,62.69,0,84.79,0,0,53.9,0,0,63.37,39.39,0,0
"1988.06",0,60.24,79.48,0,78.52,0,0,53.9,0,0,65.35,41.57,0,0
"1988.07",0,66.89,81.16,0,77.25,0,0,53.9,0,0,76.77,45.08,0,0
"1988.08",0,63.87,78.93,0,79.79,0,0,53.9,0,0,76.77,42.23,0,0
"1988.09",0,63.01,78.33,0,70.36,0,0,53.9,0,0,74.34,40.23,0,0
"1988.10",0,66.01,78.5,0,69.09,0,0,53.9,0,0,76.77,40.41,0,0
"1988.11",0,64.77,76.54,0,63.43,0,0,53.9,0,0,75.58,40.52,0,0
"1988.12",0,66.73,76.54,0,63.43,0,0,53.9,0,0,74.34,40.35,0,0
"1989.01",0,67.63,75.02,0,66.59,0,0,53.9,0,0,75.58,39.45,0,0
"1989.02",0,66.98,73.07,0,67.81,0,0,53.9,0,0,75.58,38.03,0,0
"1989.03",0,67.98,73.77,0,80.41,0,0,53.9,0,0,75.58,36.94,0,0
"1989.04",0,66.24,71.44,0,78.52,0,0,53.9,0,0,75.58,36.94,0,0
"1989.05",0,67.23,73.34,0,74.75,0,0,53.9,0,0,82.88,37.7,0,0
"1989.06",0,65.17,71.76,0,74.75,0,0,53.9,0,0,82.88,36.45,0,0
"1989.07",0,61.72,69.86,0,82.29,0,0,53.9,0,0,87.75,33.85,0,0
"1989.08",0,62.24,67.14,0,80.41,0,0,53.9,0,0,88.99,31.86,0,0
"1989.09",0,61.55,63.56,0,81.63,0,0,53.9,0,0,85.31,31.45,0,0
"1989.10",0,63.3,57.75,0,77.25,0,0,53.9,0,0,92.61,32.12,0,0
"1989.11",0,64.18,59.54,0,79.79,0,0,53.9,0,0,98.72,32.48,0,0
"1989.12",0,64.13,59.54,0,85.4,0,0,53.9,0,0,96.29,30.86,0,0
"1990.01",0,61.97,58.42,50,85.78,0,0,53.9,0,19.08,96.31,30.65,39.57,0
"1990.02",0,60.45,56.86,50,81.4,0,0,53.9,0,19.08,96.31,29.79,45.36,0
"1990.03",0,60.05,57.96,50,79.3,0,0,53.9,0,19.08,99.91,30.99,51.42,0
"1990.04",0,61.45,59.47,50,86.44,0,0,53.9,0,19.08,101.17,29.48,50.12,0
"1990.05",0,61.1,60.22,50,84.42,0,0,53.9,0,19.08,94.55,31,51.1,0
"1990.06",0,60.7,58.65,50,83.21,0,0,53.9,0,19.08,90.19,30.1,46.57,0
"1990.07",0,55.35,56.63,50,82.54,0,0,53.9,0,19.08,86.5,30.1,49.09,0
"1990.08",0,54.46,60.22,50,78.37,0,0,53.9,0,19.08,75.61,30.23,49.09,0
"1990.09",0,50.86,58.19,50,77.58,0,0,53.9,0,19.08,65.8,30.2,44,0
"1990.10",0,51.03,57.55,50,77.74,0,0,53.9,0,19.08,64.63,31,50.07,0
"1990.11",0,50.82,55.29,50,78.32,0,0,53.9,0,20.12,67.81,34.85,50.07,0
"1990.12",0,53.02,55.99,50,77.91,0,0,53.9,0,20.12,67.06,36.1,33.55,0
"1991.01",0,53.6,55.52,50,71.54,0,0,53.9,0,20.12,63.37,37.38,35.14,0
"1991.02",0,54.78,56.22,50,70.92,0,0,53.9,0,22.28,62.87,35.32,37.89,0
"1991.03",0,54.44,56.22,54.2,80.55,0,0,53.9,0,24.96,65.8,35.52,38.87,0
"1991.04",0,55.78,56.22,61.95,80.83,0,0,53.9,0,24.96,65.8,32.47,38.87,0
"1991.05",0,55.67,54.54,65,72.54,0,0,53.9,0,24.19,65.8,34,38.87,0
"1991.06",0,55.69,54.31,62.75,66.8,0,0,53.9,0,24.19,68.23,31.93,38.87,0
"1991.07",0,56.17,51.82,42.85,60.18,0,0,53.9,0,30.39,80.47,34.81,38.87,0
"1991.08",0,54.68,51.06,39.1,56.41,0,0,53.9,0,34.03,65.8,34.05,38.87,0
"1991.09",0,56.71,51.06,39.15,56.45,0,0,53.9,0,37.13,68.23,32.77,38.87,0
"1991.10",0,59.7,51.06,35.35,64.52,0,0,53.9,0,39.88,68.23,34.39,38.87,0
"1991.11",0,60.58,51.06,39.1,68.56,0,0,53.9,0,39.88,68.23,35.65,38.87,0
"1991.12",0,61.93,51.06,36.55,65.86,0,0,53.9,0,39.88,68.23,36.72,38.87,0
"1992.01",0,62.57,53.73,45.3,64.51,0,0,53.9,0,47.43,63.37,37.77,38.87,0
"1992.02",0,64.09,53.73,46.75,64.76,0,0,53.9,0,58.4,63.37,38.47,45.45,0
"1992.03",0,62.49,54.54,46.85,67.57,0,0,53.9,0,55.57,63.37,40.16,46.57,0
"1992.04",0,60.29,53.96,51.8,69.43,0,0,53.9,0,55.57,63.37,41.19,46.57,0
"1992.05",0,60.06,54.83,49.45,69.1,0,0,53.9,0,55.57,65.8,39.56,46.57,0
"1992.06",0,59.31,55.41,45.4,66.58,0,0,53.9,0,55.57,71.92,41.47,46.57,0
"1992.07",0,55.65,53.15,40.5,66.85,0,0,53.9,0,55.57,71.92,40.54,46.57,0
"1992.08",0,53.42,52.92,40.65,67.23,0,0,53.9,0,42.02,70.66,38.91,46.66,0
"1992.09",0,54.51,53.15,39.45,66.46,0,0,53.9,0,42.02,72.67,39.74,46.06,0
"1992.10",0,54.46,52.86,39.45,67.47,0,0,53.9,0,42.59,68.23,40.33,45.45,0
"1992.11",0,56.23,55.52,36.2,67.73,0,0,53.9,0,42.59,68.23,42.66,44.28,0
"1992.12",0,56.8,56.22,36.2,69.67,0,0,53.9,0,42.59,68.23,41.4,44.28,0
"1993.01",0,57.18,57.55,38.7,69.67,0,0,53.9,0,42.59,65.8,41.4,43.49,0
"1993.02",0,55.8,56.86,43.6,66.03,0,0,53.9,0,42.59,65.8,43.93,43.49,0
"1993.03",0,55.95,57.32,46.9,62.24,0,0,54.28,0,42.59,67.06,43.05,43.49,0
"1993.04",0,55.42,57.32,45.25,61.41,0,0,54.28,0,36.78,78.04,43.19,41.9,0
"1993.05",0,54.14,58.48,45.25,59.23,0,0,54.28,0,36.78,80.47,40.68,41.9,0
"1993.06",0,53.57,57.09,45.25,57.34,0,0,54.28,0,36.78,80.47,38.3,46.57,0
"1993.07",0,56.28,65.61,41.1,60.33,0,0,54.28,0,36.78,73.18,38.07,48.9,0
"1993.08",0,60.31,63.35,41.5,64.69,0,0,54.28,0,36.78,70.66,37.67,48.9,0
"1993.09",0,60.77,62.71,41.5,63.64,0,0,54.28,0,36.78,70.66,37.67,48.9,0
"1993.10",0,60.61,62.71,42.8,64.4,0,0,55.84,0,36.78,70.66,35.72,55.9,0
"1993.11",0,63.15,64.16,41.5,65.47,0,0,56.87,0,36.78,70.66,36.15,55.9,0
"1993.12",0,63.56,64.16,41.5,64.78,0,0,56.87,0,36.78,70.66,36.61,55.9,0
"1994.01",0,63.4,66.07,41.5,63.64,0,0,57.89,0,36.78,65.8,42.49,53.57,0
"1994.02",0,64.4,64.91,41.5,63.55,0,0,57.89,0,37.49,70.66,42.37,53.57,0
"1994.03",0,63.8,63.81,63.55,63.27,0,0,58.91,0,39.42,78.04,42.37,52.4,0
"1994.04",0,62.35,63.81,63.55,65.93,0,0,56.87,0,39.42,73.18,45,52.4,0
"1994.05",0,62.15,63.81,63.55,66.81,0,0,55.84,0,39.42,73.18,52.56,52.4,0
"1994.06",0,62.3,66.07,51.25,64.94,0,0,57.14,0,39.42,78.04,55.48,52.4,0
"1994.07",0,57.44,62.71,45.8,67.51,0,0,58.75,0,39.42,78.04,53.26,52.4,0
"1994.08",0,58.06,61.78,44.75,73.07,0,0,58.75,0,39.42,78.04,60.01,52.4,0
"1994.09",0,60.34,59.35,45.8,77.58,0,0,58.75,0,39.42,76.78,61.3,45.17,0
"1994.10",0,61.53,58.77,45.8,74.6,0,0,58.75,0,42.79,76.53,62.22,50.54,0
"1994.11",0,62.32,59.87,39.45,77.24,0,0,58.75,0,42.79,82.06,69.37,50.54,0
"1994.12",0,65.87,59.35,35.65,76.86,0,0,58.75,0,42.79,87.84,73.48,50.54,0
"1995.01",0,65.89,58.76,49.37,73.94,0,0,59.07,0,42.98,93.04,65.21,50.48,0
"1995.02",0,64.8,58.76,52.4,74.1,0,0,63.83,0,42.98,91.74,66.96,50.48,0
"1995.03",0,65.84,59.88,81.51,74.26,0,0,63.83,0,42.98,91.74,68.41,57.94,0
"1995.04",0,65.67,59.88,71.91,74.1,0,0,63.83,0,44.58,91.74,63.74,58.06,0
"1995.05",0,67.16,59.88,71.6,71.81,0,0,63.83,0,44.58,91.74,61.86,58.06,0
"1995.06",0,67.45,60.44,67.81,69.57,0,0,63.83,0,44.58,89.74,62.65,58.06,0
"1995.07",0,73.45,61.93,56.63,67.8,0,0,63.83,0,44.58,88.09,63.69,58.06,0
"1995.08",0,70.83,61.37,59.6,66.45,0,0,63.83,0,44.58,85.4,61.74,58.06,0
"1995.09",0,73.54,63.79,60.74,60.96,0,0,63.83,0,44.58,78.45,61.5,65.41,0
"1995.10",0,76.11,64.9,63.07,64.64,0,0,63.83,0,41.93,80.01,64.44,65.41,0
"1995.11",0,76.86,66.02,59.85,66.63,0,0,63.83,0,41.54,80.01,64.25,65.41,0
"1995.12",0,77.67,68.94,63.2,64.35,0,0,63.83,0,41.54,80.79,63.12,65.41,0
"1996.01",0,76.49,69.93,66.1,64.44,0,0,63.83,0,41.54,79.23,62.54,69.02,0
"1996.02",0,78,69.93,67.11,61.26,0,0,63.83,0,41.54,79.49,62.39,69.02,0
"1996.03",0,79.42,69.93,80.18,60.67,0,0,63.83,0,41.54,79.92,61.47,70.44,0
"1996.04",0,84.03,71.11,86.12,59.54,0,0,63.83,0,35.54,79.14,60.86,70.44,0
"1996.05",0,90.73,74.34,83.97,58.43,0,0,63.83,0,35.54,78.27,63.67,70.44,0
"1996.06",0,89.73,73.22,79.8,59.8,0,0,63.83,0,35.54,83.92,61.74,70.44,0
"1996.07",0,85.59,73.78,78.48,63.97,0,0,65.48,0,35.54,82.7,60.75,70.56,0
"1996.08",0,82.84,72.97,83.66,65.53,0,0,65.48,0,35.54,83.49,61.32,70.56,0
"1996.09",0,75.75,72.97,81.89,69.62,0,0,62.81,0,36.67,80.36,62.93,70.56,0
"1996.10",0,67.82,69.62,82.2,69.9,0,0,62.81,0,40.72,80.36,62.64,70.56,0
"1996.11",0,63.95,66.58,92.24,68.53,0,0,62.81,0,40.72,78.71,63.64,70.56,0
"1996.12",0,64.34,66.58,86.5,68.48,0,0,62.81,0,40.72,78.71,65.02,70.56,0
"1997.01",0,64.34,68.81,73.49,68.68,0,0,62.81,0,40.72,76.71,67.47,65.41,0
"1997.02",0,63.28,71.11,78.35,68.74,0,0,62.81,0,40.72,72.97,69.46,65.41,0
"1997.03",0,63.42,76.69,82.52,67.78,0,0,62.81,0,41.5,73.32,71.15,65.41,0
"1997.04",0,62.84,77.13,80.12,67.78,0,0,62.81,0,44.54,69.93,71.72,65.41,0
"1997.05",0,59.2,78.55,77.78,66.99,0,0,62.81,0,44.54,70.54,71.8,65.41,0
"1997.06",0,56.03,76.69,76.33,61.79,0,0,62.81,0,44.54,71.5,68.77,60.01,0
"1997.07",0,54.5,72.23,66.86,61.21,0,0,62.81,0,44.54,71.5,67.27,60.01,0
"1997.08",0,57.37,72.23,73.62,61.36,0,0,62.81,0,44.54,73.49,65.04,60.01,0
"1997.09",0,57.06,78.37,74,64.81,0,0,62.81,0,44.54,75.15,65.06,57.11,0
"1997.10",0,59.18,66.08,69.32,64.66,0,0,62.81,0,47.8,75.58,66.87,57.11,0
"1997.11",0,58.17,66.7,60.86,67.35,0,0,62.81,0,47.8,76.62,67.38,49.05,0
"1997.12",0,55.72,65.46,53.35,67.35,0,0,62.81,0,47.8,76.62,66.94,49.05,0
"1998.01",0,55.48,62.36,52.21,67.35,0,0,62.81,0,47.8,76.1,65.35,49.05,0
"1998.02",0,53.53,62.11,59.35,58.9,0,0,62.81,0,47.8,74.8,65.07,74.29,0
"1998.03",0,55.04,61.62,74.12,60.85,0,0,62.81,0,47.8,73.76,66.35,74.29,0
"1998.04",0,51.49,60.19,83.97,60.16,0,0,62.81,0,42.02,67.93,65.05,74.29,0
"1998.05",0,50.68,60.81,95.15,60.45,0,0,62.81,0,35.59,66.55,68.33,80.81,0
"1998.06",0,50.29,58.57,82.14,54.75,0,0,62.81,0,35.59,65.59,65.5,80.81,0
"1998.07",0,47.98,58.02,79.05,54.35,0,0,62.81,0,34.46,62.11,65.42,80.81,0
"1998.08",0,45.88,53.74,87.57,55.36,0,0,69.92,0,34.46,61.68,63.44,80.81,0
"1998.09",0,44.41,53.74,84.41,55.55,0,0,69.92,0,35.2,60.64,66.1,80.81,0
"1998.10",0,48.13,53.36,74.94,54.16,0,0,69.92,0,35.98,60.64,64.8,80.81,0
"1998.11",0,48.85,54.17,69.2,53.18,0,0,69.92,0,35.98,60.64,64.07,80.81,0
"1998.12",0,46.27,53.61,70.33,55.09,0,0,69.92,0,38.24,58.64,63.57,80.81,0
"1999.01",0,46.6,50.82,82.9,52.34,0,0,69.92,0,39.76,58.64,60.99,86.32,0
"1999.02",0,46.15,49.27,78.79,52.34,0,0,69.92,0,39.76,57.51,57.31,85.37,0
"1999.03",0,46.74,46.48,95.59,53.13,0,0,69.92,0,43.93,52.12,52.78,82.35,0
"1999.04",0,45.71,46.48,95.59,52.53,0,0,69.92,0,44.24,51.78,52.69,82.35,0
"1999.05",0,46.49,45.36,85.55,53.18,0,0,67.51,0,43.11,50.39,51.19,77.31,0
"1999.06",0,45.26,45.36,79.05,53.4,0,0,66.11,0,44.5,48.21,49.46,76.54,0
"1999.07",0,42.58,41.39,79.3,54.27,0,0,66.11,0,44.5,47.26,46.26,66.95,0
"1999.08",0,45.63,43.43,68.88,55.24,0,0,66.11,0,44.5,47.69,44.98,63.51,0
"1999.09",0,45.66,48.9,75.89,58.07,0,0,67.32,0,44.97,49.17,48.3,62.68,0
"1999.10",0,44.86,48.58,76.9,56.34,0,0,67.32,0,46.49,50.82,50.31,62.68,0
"1999.11",0,46,48.58,72.35,58.32,0,0,59.2,0,47.36,50.47,50.68,62.56,0
"1999.12",0,43.6,46.48,70.08,58.83,0,0,59.2,0,47.1,48.82,48.65,59.96,0
"2000.01",38.16,46.19,49.78,68.28,56.75,0,0,68.99,0,47.03,44.76,49.04,58.99,0
"2000.02",38.16,46.15,50.23,71.73,55.89,0,0,70.01,0,45.74,43.01,47.91,58.99,0
"2000.03",38.16,45.9,50.89,73.52,57.01,0,0,70.96,0,45.74,42.95,48.15,58.99,0
"2000.04",38.16,46.02,50.89,65.09,58.91,0,0,68.44,0,45.92,43.95,48.91,58.99,0
"2000.05",38.16,46.55,52.12,65.39,58.44,0,0,72.59,0,45.3,43.95,50.48,58.99,0
"2000.06",38.16,46.25,50,56.98,59.22,0,0,73.53,0,45.3,47.9,49.28,58.99,0
"2000.07",38.16,43.68,47.11,62.21,58.48,0,0,75.75,0,44.04,60.25,47.79,58.99,0
"2000.08",38.16,42.96,46.56,55.99,59.83,0,0,75.75,0,43.42,60.72,47.3,58.23,0
"2000.09",38.16,43.43,48.11,61.91,61.88,0,0,75.75,0,42.42,58.35,45.81,58.23,0
"2000.10",38.16,45.11,48.33,64.98,62.16,0,0,70.61,0,42.17,59.52,46.47,58.23,0
"2000.11",38.16,47.08,49.89,54.79,62.44,0,0,70.61,0,42.17,59.52,44.7,51.24,0
"2000.12",38.16,47.22,49.89,55.68,62.19,0,0,67.07,0,41.42,64.26,47.88,53.18,0
"2001.01",38.16,46.15,48.34,53.54,61.27,0,0,67.84,0,41.25,63.23,46.41,52.03,0
"2001.02",38.16,46.39,46.56,61.46,61.6,0,0,67.84,0,41.25,62.65,44.61,51.16,0
"2001.03",38.16,45.67,44.79,72.25,64.12,0,0,68.34,0,40.32,60.06,46.11,51.16,0
"2001.04",38.16,45.08,44.14,80.78,66.18,0,0,68.34,0,39.14,59.76,43.16,51.16,0
"2001.05",38.16,44.22,47.41,68.1,63.6,0,0,68.34,0,39.29,59.18,42.84,51.16,0
"2001.06",38.16,43.35,47.05,65.16,61.78,0,0,68.34,0,38.5,58.47,44.96,51.16,0
"2001.07",38.16,46.86,48.69,63.15,58.05,0,0,68.34,0,37.18,58.35,52.8,51.16,0
"2001.08",38.16,46.87,49.5,60.01,60,0,0,68.34,0,37.39,58.35,52.14,51.16,0
"2001.09",37.02,46.17,48.36,64.24,59.48,0,0,68.6,0,38.73,57.15,47.22,51.16,0
"2001.10",40.13,46.49,46.1,62.95,58.6,0,0,67.43,0,39.79,56.54,45.51,51.16,0
"2001.11",40.13,46.18,44.78,61.93,59.23,0,0,72.43,0,38.24,55.14,50.68,50.45,0
"2001.12",40.13,45.65,44.43,63.74,56.14,0,0,76.82,0,38.8,53.11,50.05,59.67,0
"2002.01",40.13,46.67,43.86,65.98,56.66,0,0,79.06,0,38.8,52.23,50.95,65.36,0
"2002.02",40.13,46.23,45.26,74.1,58.02,0,0,76.13,0,40.15,50.46,50.04,65.58,0
"2002.03",40.13,45.06,46.35,78.29,57.78,0,0,77.08,0,40.15,49.63,49.96,65.58,0
"2002.04",40.13,44.59,46.35,84.57,58.51,0,0,78.31,0,40.9,48.93,51.53,65.58,0
"2002.05",40.13,45.24,49.27,81.25,58.03,0,0,78.28,0,43.19,48.04,53.88,65.58,0
"2002.06",40.13,47.57,49.03,71.76,59.04,0,0,78.28,0,43.35,47.41,56.55,65.58,0
"2002.07",40.13,50.38,51.01,62.74,58.4,0,0,71.34,0,45.03,46.67,57.51,65.58,0
"2002.08",39.4,54.02,55.84,53.75,59.41,0,0,71.7,0,47.28,45.7,58.68,65.58,0
"2002.09",39.59,57.27,57.1,61.65,59.95,0,0,71,0,49.27,46.38,57.09,66.3,0
"2002.10",39.81,56.39,56.08,57.56,59.81,0,0,69.79,0,49.39,46.69,59.46,66.3,0
"2002.11",39.81,54.99,55.71,53.95,61.45,0,0,66.2,0,49.39,48.7,60.34,67.02,0
"2002.12",39.81,55.12,58.44,52.39,62.25,0,0,68.38,0,49.39,48.7,62.42,66.09,0
"2003.01",39.81,53.88,57.34,65.44,65.02,0,0,66.63,0,49.39,49.15,61.53,66.09,0
"2003.02",39.81,52.65,58.04,67.08,65.87,0,0,66.63,0,48.89,48.91,60.36,66.09,0
"2003.03",39.81,52.13,58.27,77.09,68.12,0,0,66.63,0,49.08,48.91,61.21,66.09,0
"2003.04",39.81,51.55,59.21,81.51,66.88,0,0,65.78,0,49.08,49.85,60.12,66.09,0
"2003.05",39.81,52.05,60.62,73.3,66.07,0,0,63.4,0,49.08,49.85,61.85,66.09,0
"2003.06",39.81,51.39,60.03,76.57,66.32,0,0,61.28,0,47.59,47.42,62.38,66.09,0
"2003.07",39.81,51.22,58.48,72.35,65.73,0,0,59.54,0,47.59,49.31,61.47,66.09,0
"2003.08",39.81,52.44,57.13,70.42,66.12,0,0,56.3,0,47.59,48.52,63.48,66.09,0
"2003.09",41.45,52.52,63.88,75.33,66.37,0,0,58.32,0,42.94,47.68,66.55,66.09,0
"2003.10",55.26,57.39,73.51,70.13,69.88,0,0,59.69,0,43.97,45.73,78.3,66.09,0
"2003.11",55.26,61.6,74.24,59.24,69.53,0,0,66.26,0,40.59,47.06,75.79,66.09,0
"2003.12",55.26,62.29,81.04,65.88,70.62,0,0,67.71,0,40.59,47.06,77.94,66.09,0
"2004.01",55.26,62.71,85.73,76.62,71.18,0,0,69.18,0,39.97,46.14,75.76,66.09,0
"2004.02",55.26,65.57,89.19,75.28,70,0,0,65.93,0,39.03,46.93,83.81,66.09,0
"2004.03",55.26,66.51,92.73,77.26,69.9,0,0,70.6,0,39.03,47.74,91.25,65.63,0
"2004.04",53.01,67.73,102.09,85.64,70.01,0,0,71.17,0,37.53,50.07,89.49,65.31,0
"2004.05",51.63,64.72,99.63,80.83,70.89,0,0,70.74,0,37.41,51.55,81.92,65.3,0
"2004.06",54.96,61.57,94.94,80.83,71.24,0,0,71.07,0,38.03,51.84,76.91,65.49,0
"2004.07",54.96,59.43,94.23,66.61,72.5,0,0,71.73,0,38.65,51.91,75.89,65.64,0
"2004.08",58.68,58.81,85.33,70.38,73.6,0,0,71.97,0,39.73,52.1,73.85,65.55,0
"2004.09",58.68,60.11,82.63,71.44,74.84,0,0,74.71,0,39.73,52.46,73.47,65.56,0
"2004.10",53.38,59.45,78.37,76.05,75.76,0,0,74.71,0,40.05,52.76,72.48,65.56,0
"2004.11",52.99,60.52,68.4,78.2,77.23,0,0,71.02,0,40.05,55.25,73.08,60.54,0
"2004.12",54.29,60.83,69.34,68.85,77.53,0,0,68.98,0,40.05,56.47,62.65,61.04,0
"2005.01",54.29,60.37,61.81,71.3,80.59,0,112.73,67.75,87.71,46.82,56.45,60.56,57.24,0
"2005.02",54.29,59.76,61.81,82.09,80.23,0,111.77,69.25,87.71,47.08,56.45,61.01,56.97,0
"2005.03",54.29,60.96,64.94,87.43,80.02,0,111.66,74.81,87.71,46.99,61.17,63.33,57.02,0
"2005.04",54.29,60.02,68.85,88.83,77.6,0,115.83,75.79,87.71,46.92,61.17,63.02,54.17,0
"2005.05",54.29,59.77,68.96,82.03,77.52,0,115.97,74.41,87.71,47.83,63.39,63.05,53.84,0
"2005.06",54.29,60.63,69.32,74.98,76.17,0,115.31,73.75,89.02,47.9,65.29,63.41,54.53,0
"2005.07",54.29,60.11,67.76,76.63,75.14,0,106.15,71.01,90.08,48.94,65.29,63.05,54.53,0
"2005.08",54.29,60.5,65.73,84.18,75.11,0,106.55,71.01,90.08,51.65,65.9,63.03,54.53,0
"2005.09",54.29,62.01,64.38,87.41,74.93,0,106.46,69.24,90.08,51.88,66.49,62.77,54.53,0
"2005.10",54.29,61.75,62.39,78,73.49,0,106.08,69.24,90.08,50.9,67.78,60.58,55.08,0
"2005.11",54.29,60.7,62.2,66.74,73.75,0,104.99,71.21,90.08,50.45,70.1,58.73,54.35,0
"2005.12",54.29,60.79,63.54,68.07,73.3,0,91.61,72.89,90.08,50.9,76.99,59.79,54.35,0
"2006.01",58.8,59.91,62.32,70.12,74.05,0,89.02,67.65,88.73,50.18,89.35,59.24,57.26,0
"2006.02",58.8,61.57,62.54,87.48,73.51,0,84.24,72.29,88.73,50.29,95.1,60.52,57.26,0
"2006.03",65.31,62.6,61.69,90.54,73.77,0,81.57,74.91,88.73,50.39,97.67,59.84,58.48,0
"2006.04",65.31,63.49,61.69,93.91,73.83,0,81.8,78.23,88.73,50.61,102.82,60.11,58.53,0
"2006.05",65.31,64.61,58.77,97.35,75.2,0,82.33,78.23,88.73,50.61,100.73,60.37,59.24,0
"2006.06",65.31,66.4,58.94,92.02,75.73,0,82.04,79.27,87.42,50.1,101.72,60.44,59.24,0
"2006.07",65.31,68.28,59.45,86.94,76.32,0,85.54,79.27,84.78,50.56,100.86,62.71,59.24,0
"2006.08",65.31,69.53,59.45,83.7,77.41,0,85.53,79.37,84.78,48.79,100.27,63.64,60.31,0
"2006.09",65.31,72.9,60.6,98.39,78.6,0,85.4,79.61,84.78,48.05,96.86,63.42,59.49,0
"2006.10",65.31,78.61,62.84,95.01,81.29,0,86.08,71.44,84.78,47.62,93.5,65.01,59.38,0
"2006.11",65.31,87.13,64.3,84,83.58,0,86.22,70.74,84.78,47.8,92.24,66.52,58.09,0
"2006.12",65.31,85.72,65.74,76.7,84.52,0,93.96,71.94,84.78,47.8,92.21,69.49,62.89,0
"2007.01",66.79,87.07,69.23,94.5,84.59,0,93.62,71.11,84.78,48.03,88.94,71.38,64.69,0
"2007.02",66.79,89.44,75.94,106.97,84.5,0,95.57,73.62,84.78,47.81,83.02,72.72,70.16,0
"2007.03",66.79,91.27,76.61,106.41,81.88,0,96.16,75.04,84.78,47.89,79.09,74.5,70.2,0
"2007.04",66.79,92.21,78.28,107.87,79.47,0,100.52,73.73,84.78,47.7,77.56,77.38,71.16,0
"2007.05",66.79,92.3,82.09,107.45,79,0,100.21,72.94,84.78,47.7,74.4,80.3,71.16,0
"2007.06",66.79,95.36,83.91,101.92,78.9,0,99.89,72.94,84.78,47.25,70.43,81.65,71.13,0
"2007.07",66.79,97.87,87.97,94.42,75.75,0,100.7,72.93,84.79,47.84,71.62,85.01,72.44,0
"2007.08",66.79,105.68,87.04,94.81,76.01,0,101.49,73.26,84.79,48.79,71.23,85.52,73.23,0
"2007.09",66.79,122.06,99.01,102.26,76.13,0,101.79,72.66,84.79,48.79,68.52,97.36,73.29,0
"2007.10",75.25,132.51,104.68,108.67,78.78,0,101.66,70.86,84.79,48.79,71.09,101.7,73.4,0
"2007.11",75.25,135.63,112.56,91.81,80.18,0,106.04,70.42,100.99,48.79,68.77,105.47,74.95,0
"2007.12",75.25,146.18,122.85,83.25,81.1,0,104.86,70.54,130.93,48.79,71.6,108.97,76.56,0
"2008.01",75.25,156.22,127.89,88.48,80.43,0,106.26,71.09,130.93,56.94,70.21,114.92,77.77,0
"2008.02",75.25,169.23,139.52,94.19,82.16,0,106.94,72.31,142.66,77.68,75.36,134.52,77.8,0
"2008.03",75.25,164.6,134,102.77,83.5,0,113.76,73.14,142.66,80.39,79.3,129.69,78.06,0
"2008.04",79.87,162.28,126.72,105.19,84.26,0,111.54,70.35,142.06,80.39,82.12,129.93,78.14,0
"2008.05",84.78,158.32,129.75,106,85.87,0,106.37,70.35,140.48,80.39,87.18,134.86,78.08,0
"2008.06",84.78,151.88,147.47,100.99,87.83,0,101.62,71.42,138.35,80.85,87.13,133.29,81.42,0
"2008.07",84.78,145.86,152.62,96.61,90.3,0,98,71.42,138.8,82.95,87.13,133.31,81.48,0
"2008.08",84.78,143.36,132.84,98.26,87.37,0,80.63,71.42,136.01,88.36,87.13,118.39,81.24,0
"2008.09",84.78,137.8,124.85,98.41,87.01,0,92.41,71.42,136.01,82.53,87.13,112.99,79.47,0
"2008.10",84.78,118.59,98.69,101.04,83.99,0,90.12,68.79,136.01,82.33,87.13,99.41,77.85,0
"2008.11",104.25,114.52,91.58,97.51,75.22,0,87.2,67.13,134.91,82.09,87.13,89.59,78.14,0
"2008.12",103.97,112.88,82.58,90.47,71.87,0,92.35,71.18,111.53,79.19,88.64,85.78,75.4,0
"2009.01",111.91,108.64,89.64,94.24,68.85,0,96.01,71.18,80.98,78.42,88.34,92.79,72.7,0
"2009.02",125.64,107.47,87.4,88.91,65.25,0,91.93,71.57,80.98,77.85,88.52,88.72,73.36,0
"2009.03",125.05,107.97,81.87,95.58,62.97,0,89.68,75.32,80.98,77.76,85.31,89.01,72.07,0
"2009.04",125.79,107.89,93.31,105.04,61.35,0,87.78,82.24,78.62,77.8,87.57,95.36,76.68,0
"2009.05",125.86,111.73,103.23,104.76,64.51,0,88.91,84.73,78,77.24,86.06,105.15,74.39,0
"2009.06",125.8,112.86,113.73,106.18,67.09,0,91.99,84.73,80.37,77.24,90.1,103.74,75.79,0
"2009.07",125.8,106.31,107.4,102.72,68.72,0,93.67,80.57,80.37,77.35,93.98,101.85,75.96,0
"2009.08",125.8,103.54,112.13,100.59,70.64,0,97.2,80.9,80.37,76.99,95.86,103.42,76.35,0
"2009.09",125.8,100.33,100.39,100.97,73.65,0,94.85,80.63,80.37,75.25,101.35,100.18,79.38,0
"2009.10",125.8,104.98,97.84,106.13,77.26,0,94.62,80.9,82.74,76.12,111.25,101.89,77.45,0
"2009.11",125.8,108.73,105.49,92.89,77.73,0,94.12,81.68,82.74,78.65,116.79,102.26,77.7,0
"2009.12",107.96,109.71,106.31,83.61,77.17,0,99.2,87.97,99.32,80.09,118.75,103.81,77.6,0
"2010.01",107.59,107.95,99.63,93.18,79.87,0,97.46,85.47,112,87.8,128.85,98.26,77.41,0
"2010.02",99.93,106.59,93.05,94.63,81.65,0,98.37,85.47,109.27,88.95,135.5,99.36,78.94,0
"2010.03",97.92,106.86,93.68,109.07,84.58,0,100.39,91.5,106.13,87.8,136.82,100.28,78.99,0
"2010.04",98.79,106.34,94.37,114.52,86.26,0,102.11,92.65,106.63,91.69,136.83,103.05,79.74,0
"2010.05",97.95,106.02,93.9,109.85,86.14,0,104.12,95.31,112.93,94.02,137.51,100.92,79.42,0
"2010.06",101.73,105.59,94.38,106.91,84.61,0,100.92,96.3,112.93,93.48,120.55,100.71,81.85,0
"2010.07",99.97,108.88,95.57,102.7,83.34,0,102.52,96.3,108.68,93.83,124.95,103.41,81.85,0
"2010.08",99.36,125.27,104.48,104.92,83.12,0,106.92,96.3,109.74,94.37,125.37,107.52,81.48,0
"2010.09",99.36,131.02,108.21,105.86,85.62,0,106.94,96.3,111.84,90.26,118.69,114.73,81.32,0
"2010.10",99.36,143.8,117.95,100.25,85.34,0,104.71,96.36,110.8,90.03,137.06,121.69,81.44,0
"2010.11",99.36,139.65,118.52,93.34,87.76,0,107.23,96.36,110.8,89.95,173.31,125.87,81.35,0
"2010.12",100.4,145.77,122.36,95.12,91.03,0,112.9,99.24,110.8,89.74,182.05,129.52,81.44,0
"2011.01",97.69,150.17,129.38,99.67,97.37,0,111.98,99.24,116.53,89.95,196.15,135.91,83.6,0
"2011.02",97.69,159.68,129.38,98.45,95.28,0,114.38,99.24,116.53,89.95,202.83,135.87,83.6,0
"2011.03",99.13,160.11,125.22,100.94,94.98,0,116.87,110.48,116.53,91,194.96,134.83,84.49,0
"2011.04",95.74,165.98,125.91,104.44,94.19,0,124.47,108.22,116.53,91.44,183.49,133.06,85.07,0
"2011.05",101.67,159.08,125.78,103.54,94.01,0,121.34,110.83,116.53,93.98,168.62,130.19,85.33,0
"2011.06",101.61,161.24,125.78,96.91,94.22,0,124.75,110.83,113.82,94.7,176.92,128.95,85.33,0
"2011.07",101.58,153.49,127.41,89.31,95.9,0,121.11,108.22,113.82,95.78,183.57,128.77,84.45,0
"2011.08",101.61,157.52,127.05,85.95,95.45,0,136.21,108.22,113.82,97.32,179.96,130.02,84.45,0
"2011.09",100.27,152.93,122.56,92.95,97.07,0,131.83,108.22,113.82,103.17,177.48,126.97,85.2,0
"2011.10",104.76,148.25,114.33,99.45,95.95,0,123.68,108.22,110.78,105.98,173.83,124.87,85.2,0
"2011.11",107.99,145.54,112.76,102.78,96.47,0,123.17,100.4,110.78,107.75,170.57,122.28,85.98,0
"2011.12",103.54,132.4,108.99,99.07,95.43,0,124.27,96.35,110.78,111.11,168.38,120.22,87.35,0
"2012.01",103.92,137.17,112.99,89.89,95.02,0,123.57,96.35,106.91,118.99,163.09,120.58,87.78,0
"2012.02",102.33,141.28,119.07,93.81,96.29,0,122.32,95.12,106.91,119.31,165.13,125.67,88.5,0
"2012.03",102.13,140.93,124.28,100.51,97.46,0,125.02,99.68,106.91,119.31,159.61,130.59,88.81,0
"2012.04",102.13,139.83,131.76,99.53,97.4,0,128.55,98.96,104.34,119.74,154.41,134.25,88.03,0
"2012.05",95.35,133.28,129.99,97.88,97.53,0,114.24,98.69,104.34,119.44,148.98,129.64,88.14,0
"2012.06",95.35,131.39,130.93,95.7,94.37,0,116.81,90.36,104.34,119.6,153.18,128.88,89.46,0
"2012.07",95.75,140.68,143.09,87.08,94.47,0,121.66,89.13,104.34,119.6,153.16,134.38,89.61,0
"2012.08",95.75,149.62,157.63,83.33,95.32,0,125.06,88.53,104.34,113.41,151.83,134.93,88.45,0
"2012.09",94.67,148.92,155.18,87.19,97.73,0,124.48,88.53,104.34,114.47,145.9,133.22,88.45,0
"2012.10",94.67,150.17,151.17,86.5,98.6,0,124.23,87.86,104.34,114.47,142.84,127.23,87.74,0
"2012.11",97.82,154.56,143.93,86.03,98.22,0,118.23,84.89,104.34,114.47,140.62,126.92,86.84,0
"2012.12",97.82,149.67,145.46,92.1,98.46,0,119.01,85.52,104.34,114.47,139.67,123.22,87.56,0
"2013.01",102.97,148.3,141.41,93.99,99.17,0,110.67,86.81,103.53,114.47,139.17,124.41,87.56,100
"2013.02",102.97,146.28,142.84,91.24,98.35,0,108.12,86.81,103.53,114.47,138.19,124.16,88.41,100
"2013.03",102.23,143.34,136.93,95.65,98.59,0,115.99,88.64,107.36,110.51,132.69,120.02,94.11,100
"2013.04",103.89,138.72,133.28,97.29,99.37,0,139.17,89.4,116.78,105.55,128.6,119.69,94.51,100
"2013.05",103.89,137.13,142.53,102.35,99.47,0,110.51,89.24,117.81,105.55,128.28,122.17,94.04,100
"2013.06",102.12,132.73,144.77,96.77,97.86,0,109.95,88.92,114.69,105.07,124.62,122.26,92.26,100
"2013.07",102.87,124.5,140.06,97.33,98.47,0,110.45,92.04,112.13,105.07,122.88,117.86,93.86,100
"2013.08",101.51,124.41,136.91,95.39,98.83,0,109.83,92.65,115.19,105.07,121.11,122.81,94.95,100
"2013.09",99.71,123.47,139.35,92.27,99.8,0,108.6,92.85,115.19,105.07,126.1,122.91,97,100
"2013.10",91.66,123.01,135.65,93.36,100.56,0,113.52,94.31,116.8,99.99,123.02,124.98,97.74,100
"2013.11",97.28,121.24,135.45,97.54,101.94,0,109.81,94.66,118.32,99.49,118.23,123.73,97.61,100
"2013.12",97.3,119.86,137.5,97.04,101.72,0,88.31,94.66,124.23,99.24,116.54,121.5,97.69,100
"2014.01",97.3,121.28,134.53,96.66,104.71,0,87.6,95.02,132.48,98.65,116.45,120.71,99.7,100
"2014.02",97.3,124.4,138.56,101.05,104.6,0,105,95.02,134.45,96.31,121.47,124.59,100.56,100
"2014.03",97.3,129.71,143.07,103.45,108.99,0,109.33,100.59,134.45,97.53,121.93,125.54,100.89,100
"2014.04",97.3,129.07,146.38,110.17,112.01,0,111.08,107.71,132.02,98.64,120.1,127.98,100.5,100
"2014.05",99.15,127.22,146.03,110.13,113.74,0,109.36,108.75,125.29,98.64,118.01,126.15,101.03,100
"2014.06",100.93,123.42,142.26,109.55,114.18,0,100.96,109.26,123.81,99.01,118.54,122.65,102.3,100
"2014.07",100.93,121.47,132.69,107.92,115.92,0,101.87,108.74,119.09,98.62,114.97,118.9,102.21,100
"2014.08",100.93,115.74,128.12,104.52,118.06,0,108.14,107.99,120.48,99.47,113.24,110.7,102.34,100
"2014.09",102.71,115.18,116.44,103.31,116.94,0,105.9,109.33,120.48,100.09,113.24,108.43,104.24,100
"2014.10",103.86,117.51,114.51,103.31,116.1,0,103.05,107.35,116.27,100.61,115.97,110.16,102.95,100
"2014.11",103.86,116.14,115.02,102.06,115.45,0,97.45,102.21,110.81,100.14,115.97,108.8,102.27,100
"2014.12",105.39,116.44,112.83,100.22,113.56,0,101.08,102.21,108.12,100.14,114.49,106.45,101.64,100
"2015.01",101.71,109.15,109.16,102.58,111.42,0,91.74,104.63,106.47,100.26,114,104.01,101.53,100
"2015.02",100.09,106.95,101.99,104.06,106.77,0,89.09,104.61,105.29,100.26,109.94,103.29,101.83,100
"2015.03",100.45,104.46,101.1,103.5,105.42,0,96.6,103.65,106.92,100.26,105.66,101.41,102.07,100
"2015.04",100.45,102.94,102.88,103.57,102.11,0,98.76,104.96,101.78,99.71,103.72,101.31,102.34,100
"2015.05",99.75,98.47,99.63,101.13,100.66,0,96.21,102.86,102.21,100.11,100.95,101.97,101.92,100
"2015.06",99.75,101.06,100.6,99.47,97.8,0,94.21,103.4,102.21,100.11,100.04,104.69,102.23,100
"2015.07",100.33,98.74,103.21,99.85,95.62,0,96.56,100.18,95.82,100.11,96.95,103.83,101.93,100
"2015.08",100.33,96.08,100.48,99.29,96.98,0,105.59,98.36,94.18,100.11,91.41,98.84,101.04,100
"2015.09",100.33,96.89,96.46,98.34,97.27,0,113.12,96.42,92.71,99.86,91.86,96.4,99.13,100
"2015.10",100.33,96.51,96.7,95.48,96.23,0,105.68,96.35,96.78,99.74,91.86,95.84,98.75,100
"2015.11",100.33,95.86,94.43,97.52,95.14,0,109.4,91.37,98.8,99.74,96.93,94.18,97.02,100
"2015.12",96.16,92.9,93.36,95.23,94.56,0,103.02,93.22,96.82,99.74,96.69,94.22,90.21,100
"2016.01",96.16,93.5,92,96.37,92.59,0,102.94,96.64,95.8,99.38,99.04,94.75,89.08,100
"2016.02",96.23,91.99,91.37,93.17,92.85,0,105.16,96.2,96.33,99.38,99.11,96.46,82.78,100
"2016.03",93.61,90.16,88.15,96.83,92.41,0,108.25,92.93,96.33,99.38,104.03,96.98,79.49,111.44
"2016.04",93.61,91.65,92.3,96.34,93.55,0,117.3,95.65,96.33,99.74,101.63,101.52,81.47,111.44
"2016.05",90.42,94.12,97.07,96.17,96.17,0,118.35,98.85,96.58,99.74,101.63,104.83,82.47,111.44
"2016.06",90.35,97.06,100.24,95.62,98.41,0,117.18,100.99,96.61,108.37,104.41,105.5,83.1,111.44
"2016.07",91.15,93.25,101.55,95.77,98.13,0,115.82,100.11,97.61,108.37,105.06,106.35,81.9,111.44
"2016.08",91.15,93.83,98.74,97.54,100.67,0,130.47,98.82,105.16,108.37,116.64,107.33,81.71,111.44
"2016.09",90.31,93.68,101.4,98.68,103.49,0,116.82,101.1,109.52,108.37,121.26,105.37,83.16,111.29
"2016.10",90.31,93.18,100.78,96.73,104.4,0,127.49,100.97,116.67,108.37,129.57,103.17,83.83,110.99
"2016.11",90.31,92.51,101.71,101.65,102.69,0,116.33,102.09,116.95,108.37,123.3,102.51,82.12,110.36
"2016.12",89.81,91.3,101.9,99.82,101.31,0,107.73,105.17,116.14,106.57,123.16,102.59,82.15,109.97
"2017.01",89.81,92.93,102.89,99.45,99.91,0,111.68,105.47,117.92,104.51,135.77,103.48,82.38,110.26
"2017.02",89.81,94.85,101,95.28,98.86,0,112.82,106.02,114.25,104.51,139.02,100.42,83.98,110.39
"2017.03",90.65,93.86,98.46,95.87,100.18,0,118.32,106.61,109.94,104.51,139.49,96.35,84.8,110.19
"2017.04",90.65,91.14,95.09,98.8,99.28,0,121.39,105.7,109.42,102.25,134.31,96.25,85.66,110.18
"2017.05",89.4,90.74,95.24,97.62,100.1,0,103.36,104.48,112.15,100.54,135.79,97.38,84.61,110.2
"2017.06",89.4,90.79,93.1,98.67,99.59,0,109.71,102.86,111.55,100.54,128.47,95.26,83.22,110.63
"2017.07",89.4,95.33,97.95,97.75,98.3,0,105.85,100.91,112.07,100.54,130.66,95.73,84.26,110.78
"2017.08",89.05,93.22,95.87,99.73,96.88,0,106.59,99.05,111.08,100.54,130.66,96.79,84.19,111.28
"2017.09",89.05,93.5,95.51,97.11,96.56,0,100.56,99.64,111.08,100.54,130.66,97.32,84.75,111.94
"2017.10",89.05,93,98.51,96.32,98.66,0,104.53,99.82,111.35,101.46,113.12,96.77,85.73,111.67
"2017.11",95.76,93.08,97.8,106.88,98.09,0,106.32,99.82,110.48,103.79,109.28,96.95,86.38,111.61
"2017.12",96.46,93.47,96.89,108.1,98.4,100,113.3,100.42,98.27,103.79,107.2,96.29,85.98,111.75
"2018.01",96.46,95.69,96.22,109.99,99.98,101.33,107.06,100.42,102.76,106.28,103.37,99.46,86.34,102.04
"2018.02",96.46,98.57,99.15,111.17,100.86,103.64,107.47,101.69,103.03,106.28,102.2,105.16,86.5,102.72
"2018.03",96.46,103.47,104.57,108.4,99.27,107.19,111.42,101.69,104.43,106.28,99.55,108.41,84.48,102.7
"2018.04",96.46,103.88,106.42,119.09,98.16,106.92,113.14,102.44,105.93,105.76,97.57,109.91,81.65,102.85
"2018.05",94.84,104.19,105.45,114.08,98.51,108.5,105.75,104.91,108.46,106.51,96.03,105.56,81.52,102.46
"2018.06",94.84,103.23,100.07,111.35,97.18,120.14,97.18,108.4,108.46,106.86,95.8,100.83,81.75,101.94
"2018.07",96.56,103.68,85.24,103.93,95.15,129.69,84.18,107.02,107.11,106.86,90.21,99.87,80.97,100.63
"2018.08",97.22,102.97,86.15,105.95,94.55,126.84,83.71,107.55,107.39,114.36,87.8,94.98,77.55,99.98
"2018.09",97.22,101.79,84.87,104.78,96.59,108.84,76.98,102.76,107.23,114.36,86.39,93.34,77.67,99.94
"2018.10",97.22,101.49,87.11,103.44,97.28,108.18,79.28,104.06,102.6,117.33,89.21,92.81,77.89,99.61
"2018.11",97.22,101.94,85.57,104.94,97.06,105.75,87.48,102.24,96.85,117.33,87.76,91.44,78.22,99.55
"2018.12",96.5,101.56,84.08,103.24,96.19,100,92.99,101.36,97.36,117.33,87.68,92.48,78.55,99.77
"2019.01",97,102.03,83.65,99.96,95.69,109.97,92.37,99.27,96.78,116.05,93.81,94.14,79.96,100.2
"2019.02",97,99.9,81.42,99.9,95.93,113.94,88.53,99.27,106.2,116.05,93.26,93.57,79.72,100.48
"2019.03",97,97.69,80.53,103.03,100.74,118.68,92.49,100.41,104.69,116.05,91.91,92.24,79.55,100.64
"2019.04",97,97.04,79.87,105.35,102.76,126.21,86.05,100.41,104.69,116.05,92.26,90.55,82.3,100.62
"2019.05",97,100.62,77.77,113.17,102.2,129.5,82.85,99.79,104.69,116.05,90.37,93.16,82.16,99.86
"2019.06",98.8,102.97,84.25,108.8,101.37,129.5,87.14,99.79,104.69,117.46,91.99,93.65,81.83,99.66
"2019.07",98.8,101.21,83.87,103.85,98.84,125.4,86,99.79,102.62,117.85,91.11,93.15,86.14,99.83
"2019.08",98.8,97.18,83.63,106.71,98.53,114.14,92.61,105.7,104.55,116.29,90.66,93.8,86.7,98.93
"2019.09",99.1,97.95,85.2,105.22,101.4,99.78,91.36,112.95,104.55,118.42,89.67,94.51,87.32,98.68
"2019.10",97.26,99.98,88.15,98.89,103.95,100.94,85.28,112.95,105.07,119.37,89.21,96.4,86.95,98.76
"2019.11",96.88,100.16,86.34,102.21,108.24,104.04,85.89,114.05,105.07,119.99,90.61,99.44,87.03,99.11
"2019.12",96.5,102.01,85.85,99.31,103.81,105.1,88.89,114.05,106.37,119.37,91.7,104.4,86.95,99.13
"2020.01",96.85,103.02,85.69,98.28,101.09,111.43,92.13,114.05,107.5,120.22,93.57,99.9,87.03,99.54
"2020.02",96.85,101.16,83.27,95.35,98.93,109.17,82.69,114.05,109.54,118.16,94.68,97.01,86.19,99.2
"2020.03",98.27,96.89,82.23,95.92,99.87,95.33,84.15,114.73,109.54,116.36,92.46,94.36,85.48,99.11
"2020.04",98.27,94.91,80.16,98.52,96.56,94.67,80.97,113.62,105.97,116.19,92.33,91.19,81.3,101.41
"2020.05",98.27,96.15,80,105.19,97.19,92.7,85.74,114.95,103.18,116.65,97.33,92.21,80.66,101.23
"2020.06",98.63,96.58,83.26,105.94,94.99,90.7,96.79,111.71,99.12,116.17,94.64,95.58,81.05,101.38
"2020.07",98.63,99.04,86.12,99.76,93.4,85.04,94.13,111.71,101.09,116.95,92.12,99.24,79.87,101.76
"2020.08",98.63,100.08,89.42,99.88,94.23,74.28,89.43,110.41,99.03,115.22,91.4,102.25,78.76,102.14
"2020.09",101.68,108.91,97.3,103.07,100.1,72.71,82.93,110.41,99.56,115.63,92.15,109,79.29,102.74
"2020.10",101.68,116.87,102.69,98.55,103.88,79.75,87.4,103.32,99.56,118.01,93.7,111.38,79.18,103.25
"2020.11",101.68,117.32,106.74,99.58,105.44,81,89.34,96.42,99.56,120.03,96.31,118.02,78.45,103.81
"2020.12",101.01,119.33,108.39,104.18,104.66,81,90.51,96.42,102.57,118.82,97.39,124.71,78.91,104.2
"2021.01",101.01,127.4,113.98,108.84,106.73,84.16,90.2,98.32,103.04,118.63,105.59,128.98,79.95,104.53
"2021.02",104.06,134.23,114.62,103.09,111.17,88.42,88.44,98.32,102.57,116.54,107.87,135.2,80.18,104.64
"2021.03",104.12,134.74,117.1,104.96,114.13,97.62,85.67,98.32,102.57,114.59,106.73,138.78,80.18,104.33
"2021.04",109.95,138.7,128.7,106.6,119.95,105.88,86.48,98.32,117.63,117.61,105.71,147.26,80.69,105.27
"2021.05",111.66,144.45,132.99,110.53,122.04,103.2,89.37,99.71,117.63,117.31,111.18,150.4,80.59,105.78
"2021.06",111.66,143.33,131.22,107.06,122.04,99.18,86.34,99.71,117.63,117.47,118.74,145.91,80.83,105.87
"2021.07",111.66,148.35,129.34,107.25,122.27,99.18,88.46,97.14,119.81,115.94,119.56,145.29,83.61,105.54
"2021.08",111.66,155.37,126.84,108.24,122.79,106.53,87.58,97.14,118.17,115.78,127.79,146.28,92.77,105.55
"2021.09",113.54,158.34,124.01,109.41,122.19,124.58,95.44,97.09,120.65,118.62,128.43,147.12,92.87,105.67
"2021.10",113.54,159.88,124.01,108.76,122.66,136.89,84.6,94.91,124.09,118.11,128.58,144.05,93.45,105.84
